target_model,fr_deit_ALL,fr_deit_EFS,fr_deit_FE,fr_deit_FR,fr_deit_FS,fr_efficientnetb4_ALL,fr_efficientnetb4_EFS,fr_efficientnetb4_FE,fr_efficientnetb4_FR,fr_efficientnetb4_FS,fr_resnet34_ALL,fr_resnet34_EFS,fr_resnet34_FE,fr_resnet34_FR,fr_resnet34_FS,fr_swin_ALL,fr_swin_EFS,fr_swin_FE,fr_swin_FR,fr_swin_FS,fr_vit_ALL,fr_vit_EFS,fr_vit_FE,fr_vit_FR,fr_vit_FS,fr_xception_ALL,fr_xception_EFS,fr_xception_FE,fr_xception_FR,fr_xception_FS,imgnet_deit_ALL,imgnet_deit_EFS,imgnet_deit_FE,imgnet_deit_FR,imgnet_deit_FS,imgnet_efficientnetb4_ALL,imgnet_efficientnetb4_EFS,imgnet_efficientnetb4_FE,imgnet_efficientnetb4_FR,imgnet_efficientnetb4_FS,imgnet_resnet34_ALL,imgnet_resnet34_EFS,imgnet_resnet34_FE,imgnet_resnet34_FR,imgnet_resnet34_FS,imgnet_swin_ALL,imgnet_swin_EFS,imgnet_swin_FE,imgnet_swin_FR,imgnet_swin_FS,imgnet_vit_ALL,imgnet_vit_EFS,imgnet_vit_FE,imgnet_vit_FR,imgnet_vit_FS,imgnet_xception_ALL,imgnet_xception_EFS,imgnet_xception_FE,imgnet_xception_FR,imgnet_xception_FS
fr_deit_ALL,,68.05259417199714,61.15849324804549,69.11869225302061,63.82373845060412,16.986496090973702,25.692963752665243,18.017057569296373,6.89410092395167,26.190476190476193,34.15067519545131,30.206112295664532,18.26581378820184,32.054015636105184,17.626154939587778,44.136460554371,30.419331911869218,14.214641080312715,26.545842217484005,25.799573560767584,55.33049040511726,40.72494669509595,35.963041933191185,37.24235963041933,39.872068230277186,24.30703624733475,38.05970149253731,22.74342572850035,15.38734896943852,25.515280739161334,13.39729921819474,8.35110163468372,6.680881307746975,6.076759061833685,9.239516702203264,5.828002842928215,6.325515280739155,7.6048329779673045,4.122245913290685,6.254442075337595,8.919687277896225,3.944562899786775,3.48258706467661,4.122245913290685,4.299928926794595,10.589907604832975,9.80810234541577,8.13788201847903,5.43710021321961,5.223880597014925,13.930348258706465,10.3411513859275,7.53375977256574,6.218905472636815,6.823027718550104,2.41648898365316,2.4875621890547253,2.87846481876332,2.132196162046905,2.5941719971570696
fr_deit_EFS,79.86888097844673,,59.458333620220735,62.513397642015,65.5653059023068,9.26933219496409,26.57960207568778,16.879938766751355,3.054432869493765,11.0367307687894,24.916056744034453,36.972672252938295,12.91326131311809,22.878008588261483,4.0721946427792695,40.2447952886202,44.15363624053559,5.733617007603655,20.90003465599904,17.684657949879615,55.07876780710149,57.219292145481745,39.484486276453886,23.201215943595642,31.71672278184393,15.754823724900216,35.362889621790586,18.05554599264191,4.286958557392396,6.91180622017805,9.964173500324755,13.50057721746754,6.856322195216549,3.37494348318036,6.641959922976465,4.23153190991276,8.46489989924514,7.500269674164755,2.410887032918605,3.749962704636785,6.213579643387471,5.625001434437045,4.87565152130655,2.410370635581835,3.2134832492179397,8.30326753283713,13.50292969422392,9.966411222117411,4.713215870152459,3.1067611329527995,9.69587639513347,21.430145210931094,9.536137485626936,2.570855452352585,4.07047331832338,2.51795341407492,4.447041731790105,3.2682787443970804,1.285714613585605,2.19618049578734
fr_deit_FE,38.8771186440678,20.30367231638418,,6.95621468926553,14.406779661016945,7.838983050847455,11.33474576271186,17.69067796610169,5.54378531073446,13.38276836158192,12.711864406779661,8.6864406779661,17.514124293785304,4.943502824858754,6.9915254237288105,12.535310734463275,7.45056497175141,20.09180790960452,1.7302259887005602,6.391242937853105,22.95197740112994,12.711864406779661,44.6680790960452,2.577683615819205,11.758474576271185,10.416666666666664,12.959039548022599,24.364406779661017,5.12005649717514,12.182203389830505,8.368644067796605,4.908192090395476,5.932203389830505,3.74293785310734,6.5677966101694905,4.09604519774011,4.09604519774011,7.309322033898299,2.683615819209035,4.625706214689266,5.54378531073446,2.40112994350282,4.8728813559322,2.7895480225988654,4.555084745762706,6.497175141242935,4.908192090395475,5.649717514124291,4.76694915254237,4.4138418079096,7.485875706214684,4.09604519774011,5.61440677966101,3.60169491525423,4.131355932203385,2.04802259887005,2.259887005649715,4.025423728813555,1.447740112994345,1.83615819209039
fr_deit_FR,60.75581395348837,53.48837209302326,25.920542635658915,,51.64728682170543,17.393410852713174,26.30813953488372,8.47868217054263,17.92635658914728,20.30038759689922,28.246124031007746,29.263565891472865,21.41472868217054,40.89147286821705,11.724806201550386,42.44186046511628,26.06589147286822,11.385658914728674,37.98449612403101,12.06395348837209,45.348837209302324,22.96511627906977,5.91085271317829,46.75387596899224,21.705426356589143,18.45930232558139,26.35658914728682,10.75581395348837,26.889534883720927,23.788759689922482,16.47286821705426,7.75193798449612,3.5852713178294553,12.596899224806199,6.346899224806195,7.025193798449609,5.232558139534875,4.74806201550387,10.27131782945736,7.412790697674415,9.156976744186046,4.65116279069767,3.43992248062015,10.513565891472865,6.3468992248062,4.79651162790697,7.655038759689916,6.686046511627899,5.76550387596899,6.298449612403095,7.025193798449611,8.23643410852713,4.118217054263565,11.191860465116275,4.69961240310077,3.8275193798449547,4.360465116279065,2.4224806201550346,4.11821705426356,3.29457364341085
fr_deit_FS,85.53553553553553,71.12112112112112,64.86486486486487,77.02702702702703,,25.375375375375377,21.421421421421417,25.625625625625624,10.510510510510505,52.002002002002,44.14414414414414,31.73173173173173,30.430430430430427,33.68368368368368,37.93793793793794,50.0,32.032032032032035,11.91191191191191,34.83483483483483,46.69669669669669,59.05905905905905,31.931931931931935,23.223223223223222,35.885885885885884,67.46746746746747,29.129129129129126,41.641641641641634,29.029029029029026,20.070070070070063,54.9049049049049,26.176176176176174,13.46346346346346,10.510510510510505,8.858858858858856,22.27227227227227,13.41341341341341,12.81281281281281,10.510510510510503,7.607607607607606,18.118118118118108,14.76476476476476,8.058058058058055,4.75475475475475,9.109109109109104,10.610610610610605,19.019019019019016,16.416416416416414,8.608608608608606,7.857857857857856,16.11611611611611,25.57557557557557,18.218218218218215,6.7067067067067,10.560560560560555,20.820820820820813,7.257257257257255,4.9549549549549505,4.6546546546546494,5.1051051051051,7.357357357357356
fr_efficientnetb4_ALL,13.497942386831276,1.6872427983539047,0.12345679012345499,0.576131687242795,0.32921810699588,,37.77777777777778,13.168724279835391,16.79012345679012,33.00411522633745,77.40740740740742,13.292181069958845,1.893004115226335,68.88888888888889,26.831275720164605,35.432098765432094,1.85185185185185,0.041152263374485,5.1440329218106955,0.411522633744855,11.234567901234565,0.411522633744855,0.12345679012345499,1.85185185185185,0.32921810699588,46.79012345679012,28.39506172839506,2.67489711934156,61.97530864197531,32.798353909465014,2.181069958847735,0.45267489711933995,0.28806584362139503,0.74074074074074,2.13991769547325,0.781893004115225,0.49382716049382497,0.32921810699588,0.411522633744855,1.0699588477366249,0.8641975308641948,0.20576131687242502,0.20576131687242502,0.08230452674897,0.53497942386831,0.24691358024691,2.716049382716045,0.16460905349794,0.12345679012345499,3.5802469135802455,0.9876543209876499,0.6995884773662501,0.041152263374485,0.20576131687242502,1.5226337448559648,0.6995884773662501,0.20576131687242502,0.16460905349794,0.49382716049381997,1.1111111111111098
fr_efficientnetb4_EFS,28.621908127208478,17.19670200235571,13.78091872791519,9.95288574793875,2.17903415783274,13.957597173144876,,31.91990577149587,1.6489988221436949,19.434628975265017,38.10365135453475,40.223792697290925,0.47114252061248496,32.214369846878675,0.706713780918725,33.45111896348645,25.265017667844518,2.12014134275618,7.3027090694935195,1.11896348645465,35.80683156654888,19.08127208480565,18.727915194346284,10.365135453474675,7.656065959952881,14.134275618374554,40.812720848056536,12.7208480565371,0.9422850412249651,0.5300353356890399,1.5901060070671353,3.18021201413427,2.767962308598345,0.47114252061248,1.531213191990575,0.8833922261484051,3.4746760895170703,0.47114252061248,0.2944640753828,0.2944640753828,1.1189634864546498,1.766784452296815,0.41224970553592,0.2944640753828,0.2944640753828,0.5889281507656,5.06478209658421,2.82685512367491,0.765606595995285,0.5889281507656,1.06007067137809,6.890459363957595,3.9458186101295603,0.11778563015312,0.47114252061248,0.41224970553592,1.23674911660777,0.5300353356890399,0.647820965842165,0.35335689045936003
fr_efficientnetb4_FE,2.941176470588235,1.102941176470585,19.04411764705882,0.5882352941176451,0.220588235294115,3.4558823529411753,32.79411764705882,,0.44117647058823,2.9411764705882297,15.0735294117647,6.985294117647054,22.426470588235293,21.25,2.132352941176465,4.338235294117645,1.17647058823529,1.102941176470585,0.367647058823525,0.0,15.882352941176467,4.191176470588235,12.205882352941174,0.441176470588235,0.735294117647055,5.44117647058823,11.102941176470585,54.485294117647065,1.8382352941176399,0.29411764705882,0.36764705882352505,0.367647058823525,1.102941176470585,0.29411764705882,0.367647058823525,0.367647058823525,0.14705882352941,0.80882352941176,0.14705882352941,0.220588235294115,0.14705882352941,0.073529411764705,0.441176470588235,0.073529411764705,0.073529411764705,0.14705882352941,0.29411764705882,2.42647058823529,0.66176470588235,0.073529411764705,0.220588235294115,0.220588235294115,0.955882352941175,0.220588235294115,0.073529411764705,0.220588235294115,0.073529411764705,0.29411764705882,0.14705882352941,0.14705882352941
fr_efficientnetb4_FR,2.8963414634146303,0.38109756097560504,0.38109756097560504,3.353658536585365,0.304878048780485,64.6916309811953,19.834877117855143,18.910817352448333,,33.9416542543288,62.470675851796685,14.871881400111706,23.192259355799667,87.33231707317073,26.632493948985292,23.85705641407559,1.2196285607894202,0.38109756097560504,12.347677341277224,0.30499441444796,2.591579780301615,0.609756097560975,0.38109756097560504,2.972560975609755,0.228658536585365,67.18953639918078,17.388754421895356,2.74704431204617,88.55764755166635,33.580106125488726,7.85095885309998,1.524390243902435,0.762195121951215,8.308159560603235,2.66814838949916,4.345210389126786,2.28705082852355,1.44840346304226,6.70766617017315,2.28705082852355,2.4392571215788452,1.295964438652015,0.68609197542357,4.268641779929245,1.4485198287097352,1.0671895363991801,3.20156860919754,1.4482870973747901,2.896457829082105,1.8293846583504,1.98252187674548,1.1434090485943,0.228658536585365,13.948403463042263,0.68609197542357,1.2961971699869652,0.533769316700795,0.45743343883820003,1.75328151182275,0.914750512008935
fr_efficientnetb4_FS,13.571428571428571,0.81168831168831,0.42207792207791994,4.09090909090909,6.850586143253235,10.713316534212055,4.772263751822475,12.105080189116524,0.0,,59.82325105134969,2.855857640088655,2.304415247309465,47.88449059052563,56.31671540659211,33.08441558441558,0.9415584415584399,1.3311688311688301,5.779220779220775,6.2337662337662305,6.818139679917739,0.16233766233766,1.2012987012987,2.4025974025974,8.11684097861904,29.155443842335472,9.901965328636313,24.53553098426557,4.7397540810908705,40.76032176778446,3.6038961038961004,1.623355554244585,4.77272727272727,0.487012987012985,9.383095813984845,2.240196532863625,0.29220779220779003,0.746732177621205,0.227251658140685,3.73370302637012,0.90906983995887,0.129870129870125,0.03246753246753,0.03246753246753,3.636363636363635,1.9155844155844148,3.86363636363636,0.9415584415584399,0.0,10.584415584415579,3.9610389610389602,1.23376623376623,1.4935064935064901,0.06493506493506,9.318181818181815,1.8506493506493498,0.09740259740259499,0.129870129870125,0.06493506493506,1.9805194805194801
fr_resnet34_ALL,29.286798179059183,16.957482619494925,4.40060698027314,12.89833080424886,11.304978825868215,23.291602480842037,27.044963248701993,10.0523054551144,10.92564491654021,17.601306227069983,,61.43972591550365,20.81751936504065,82.33504482749497,63.711070027070214,39.33990895295903,14.226100151745069,0.64491654021244,18.664643399089524,6.29742033383915,32.81487101669196,9.597875569044005,4.5144157814871,19.08194233687405,11.03945371775417,45.09975023613097,46.53623761966173,12.968882482130544,48.24069482904808,42.961830190480896,12.06364664452423,8.34592123292005,6.069601401714865,3.52804407624758,8.573452551192386,3.64173783192076,2.0864659275374153,0.72078907435508,0.91047040971168,4.210839360760954,5.689519696371805,1.82091205803817,0.7966616084977199,0.98634294385432,3.414264036418815,10.88770864946889,15.060698027314109,4.85584218512898,1.3277693474962051,7.245827010622155,11.798121536410184,9.749505591788505,3.262346399822365,1.820940819423365,5.69041129931283,1.176024279210925,0.60698027314112,0.15174506828528,0.41729893778452,1.024279210925645
fr_resnet34_EFS,17.836676217765042,15.401146131805154,0.6446991404011451,4.36962750716332,0.501432664756445,0.28653295128939504,27.148997134670484,0.6446991404011451,0.0,0.787965616045845,90.83094555873926,,1.289398280802285,77.86532951289398,24.570200573065897,36.891117478510026,22.492836676217763,0.071633237822345,6.80515759312321,0.071633237822345,31.51862464183381,10.530085959885385,1.50429799426934,9.74212034383954,0.6446991404011451,1.719197707736385,66.6189111747851,1.2893982808022901,0.42979942693408996,0.28653295128939,0.143266475644695,0.7163323782234949,0.573065902578795,0.071633237822345,0.28653295128939504,0.0,0.85959885386819,0.0,0.0,0.0,0.071633237822345,1.14613180515759,0.071633237822345,0.071633237822345,0.0,0.071633237822345,2.8653295128939797,0.7163323782234949,0.071633237822345,0.0,0.071633237822345,2.65042979942693,0.9312320916905349,0.0,0.0,0.0,0.0,0.0,0.0,0.0
fr_resnet34_FE,9.25697003125762,6.540795322152079,26.1278508066146,7.970541387830445,2.4308701941206547,5.683193282040595,9.508786058965315,39.280000081866426,3.395435844091515,17.29940037955324,64.27448688934678,36.79960069647867,,66.69691460768327,31.240511808465293,10.400592917632643,2.930818260102955,7.398397362263561,1.8943124831470248,0.714898616099135,15.475800026913586,4.860717057843235,15.475902359953391,2.037169406719085,2.21607314356353,24.238347976338552,33.934991913131526,63.971785757594525,23.929225446338346,9.016001305769585,3.681712522954575,1.715818078461805,3.824467113486825,1.4296948991584602,1.5727053222902299,1.179925532246925,0.4289289363555,3.6814566903550547,0.78632707788516,0.893751186423675,1.037119775194775,0.2144900514377,1.4654858798313302,0.428877769835595,0.89370001990377,2.2159708105237197,1.67992476474913,5.75416124514749,3.6457168762020897,1.1442368846138602,1.7515067260948698,1.5730123214096499,2.3952838795274,1.680180597348645,1.03681277607535,0.35755164108937,0.214541217957605,1.2867868090665,0.46471991702836996,0.3217606604165
fr_resnet34_FR,17.05426356589147,4.1343669250646,0.8182601205857,20.801033591731265,0.6890611541774301,8.570198105081825,14.427217915590004,11.757105943152455,16.795865633074936,16.106804478897498,78.38070628768304,44.01378122308355,47.37295434969853,,46.98535745047373,29.80189491817399,4.69422911283376,0.215331610680445,25.064599483204137,0.473729543496985,15.460809646856156,0.73212747631352,0.086132644272175,21.31782945736434,1.03359173126615,41.90353143841516,36.69250645994832,5.124892334194655,64.94401378122309,16.4944013781223,2.411714039621015,1.6795865633074902,0.430663221360895,2.58397932816537,1.335055986218775,0.6890611541774301,0.043066322136085,0.0,0.8182601205857,0.086132644272175,0.17226528854435,0.043066322136085,0.0,0.34453057708871504,0.0,0.430663221360895,2.79931093884582,0.8182601205857,0.387596899224805,0.301464254952625,0.60292850990525,1.507321274763135,0.301464254952625,1.291989664082685,0.0,0.129198966408265,0.043066322136085,0.0,0.215331610680445,0.043066322136085
fr_resnet34_FS,15.898825654923215,1.2646793134598,0.6323396567299,1.4453477868112,14.588979223125564,6.549232158988255,1.7615176151761502,1.2646793134598,0.13550135501355,29.358626919602525,87.21770551038843,19.873532068654015,1.806684733514,84.37217705510389,,40.42457091237579,1.21951219512195,0.49683830171634996,9.66576332429991,13.233965672990063,21.49954832881662,0.49683830171634996,0.76784101174345,3.8843721770551003,16.576332429990963,27.732610659439928,9.259259259259256,4.2457091237579,7.768744354110205,61.111111111111114,5.555555555555555,1.6260162601626,2.12285456187895,0.8130081300813,9.078590785907855,2.6196928635953,0.1806684733514,0.4516711833785,0.31616982836495,5.058717253839205,1.3550135501355,0.1806684733514,0.3613369467028,0.04516711833785,4.923215898825655,6.187895212285454,5.9620596205962055,1.7163504968382999,0.31616982836495,13.098464317976513,5.691056910569105,2.12285456187895,0.58717253839205,0.13550135501355,9.89159891598916,1.49051490514905,0.0903342366757,0.13550135501355,0.04516711833785,1.12917795844625
fr_swin_ALL,41.41376757957068,32.97557364914878,21.021465581051064,29.126572908956327,21.502590673575124,9.659511472982969,24.315321983715766,7.29089563286454,3.1458179126572903,11.8060695780903,34.418948926720944,30.717986676535897,4.367135455218355,37.786824574389335,12.13915618060695,,76.35085122131755,12.361213915618055,63.249444855662475,38.5640266469282,40.488527017024424,30.014803849000742,20.31828275351591,24.315321983715766,21.835677276091776,21.09548482605477,30.6439674315322,7.4019245003700895,13.064396743153214,12.842339008142115,4.2931162102146505,2.220577350111025,1.1843079200592102,1.702442635085115,2.294596595114725,0.666173205033305,0.851221317542555,0.740192450037005,0.40710584752035006,0.555144337527755,0.7772020725388551,0.18504811250925002,0.07401924500370001,0.33308660251665,0.29607698001480004,2.44263508512213,4.293116210214655,1.81347150259067,1.03626943005181,1.29533678756476,3.071798667653585,4.8112509252405555,2.0725388601036197,1.03626943005181,1.369356032568465,0.33308660251665,0.25906735751295,0.22205773501110002,0.22205773501110002,0.29607698001480004
fr_swin_EFS,34.50042698548249,41.4602903501281,17.207514944491887,25.106746370623394,15.200683176771987,4.01366353543979,25.234842015371477,5.63620836891545,2.17762596071733,3.672075149444915,16.396242527754058,29.97438087105039,1.4517506404782201,16.652433817250213,1.28095644748078,90.35012809564475,,55.3800170794193,66.1400512382579,42.698548249359526,35.05550811272416,34.415029888983774,15.499573014517507,16.823228010247647,13.364645602049526,8.5397096498719,29.974380871050382,3.330486763450035,3.24508966695132,2.604611443210925,2.433817250213485,3.5439795046968405,1.9214346712211752,0.768573868488465,1.19555935098206,0.34158838599487,1.23825789923142,0.555081127241665,0.29888983774551,0.21349274124679002,0.768573868488465,0.640478223740385,0.34158838599487,0.17079419299742998,0.25619128949615,1.5798462852263,3.41588385994876,1.024765157984625,1.19555935098206,0.46968403074295,1.665243381725015,8.240819812126379,2.4765157984628448,0.982066609735265,0.21349274124679002,0.29888983774551,0.683176771989745,0.17079419299742998,0.29888983774551,0.17079419299742998
fr_swin_FE,49.482936918304034,29.420889348500513,70.32057911065151,26.37021716649431,28.283350568769382,28.231644260599793,36.03929679420889,44.15718717683557,24.560496380558423,44.519131334022745,32.885211995863486,20.06204756980351,57.083764219234745,30.24819027921406,30.455015511892448,84.4364012409514,83.97104446742503,,69.44157187176836,58.066184074457084,47.88004136504653,35.52223371251292,65.04653567735264,26.628748707342293,49.79317476732162,39.40020682523267,33.76421923474663,55.79110651499484,29.6277145811789,34.69493278179937,32.213029989658736,23.83660806618407,21.56153050672182,19.33815925542916,23.836608066184077,19.855222337125124,16.184074457083764,26.783867631851084,17.63185108583247,22.802481902792138,24.922440537745604,12.874870734229575,18.872802481902788,20.527404343329884,18.924508790072387,25.64632885211995,23.99172699069286,21.251292657704234,30.455015511892448,21.458117890382628,31.54084798345398,23.578076525336083,26.577042399172697,22.28541882109617,20.06204756980351,9.824198552223365,13.805584281282309,18.562564632885202,10.70320579110651,12.71975180972078
fr_swin_FR,37.449186991869915,22.408536585365848,7.21544715447154,43.74999999999999,16.717479674796742,10.569105691056906,14.481707317073166,10.010162601626009,15.040650406504058,12.550813008130074,30.691056910569102,24.74593495934959,9.603658536585364,58.94308943089431,10.41666666666666,88.71951219512195,71.03658536585367,47.15447154471545,,48.52642276422764,37.90650406504065,12.601626016260159,5.64024390243902,40.7520325203252,15.650406504065034,27.38821138211382,25.55894308943089,4.52235772357723,38.77032520325203,12.39837398373983,6.91056910569105,3.7601626016260106,1.42276422764227,6.0467479674796705,3.5569105691056846,2.48983739837398,1.7276422764227601,2.6930894308943047,3.4044715447154448,2.1849593495934903,2.89634146341463,1.1178861788617849,1.67682926829268,4.11585365853658,2.13414634146341,5.28455284552845,5.7418699186991855,3.048780487804875,10.315040650406502,2.9471544715447098,4.471544715447149,6.148373983739835,2.3882113821138202,7.26626016260162,2.54065040650406,0.96544715447154,1.1178861788617849,0.66056910569105,1.524390243902435,0.96544715447154
fr_swin_FS,43.62657091561938,21.63375224416517,12.746858168761216,23.07001795332136,52.872531418312384,3.94973070017953,7.89946140035906,7.091561938958706,0.5385996409335699,30.61041292639138,28.815080789946133,11.31059245960502,9.33572710951526,30.43087971274686,35.18850987432675,89.04847396768403,78.99461400359067,62.38779174147218,81.59784560143626,,38.42010771992818,15.619389587073606,10.592459605026924,13.644524236983838,49.461400359066424,14.991023339317769,24.41651705565529,10.50269299820466,5.924596050269295,36.71454219030521,10.4129263913824,2.78276481149012,1.97486535008976,4.129263913824049,10.951526032315975,1.9748653500897648,1.256732495511665,2.87253141831238,1.256732495511665,2.78276481149012,2.154398563734285,0.897666068222615,0.62836624775583,1.166965888689405,2.244165170556545,5.2064631956911995,4.937163375224415,3.3213644524236945,3.8599640933572656,7.091561938958704,9.96409335727109,6.283662477558345,2.6032315978456,2.6929982046678598,12.926391382405741,1.4362657091561901,0.538599640933565,0.7181328545780901,0.7181328545780901,1.7055655296229748
fr_vit_ALL,28.450555261766265,15.547329455314642,14.833421470121626,18.032786885245898,13.458487572712846,4.574299312533045,6.504494976203065,3.88683236382866,3.146483342147005,5.28820729772607,7.932310946589105,6.663141195134845,3.3315705975674197,7.429931253305125,3.014278159703855,15.230037017451078,8.699101004759385,3.8339502908513996,8.011634056054994,5.6054997355896345,,37.8900052882073,21.15282919090428,28.080380750925432,23.982020095187725,5.39397144368059,7.4299312533051305,4.81226864093072,4.415653093601265,3.278688524590155,2.82919090428344,1.401374933897405,0.9783183500793149,1.665785298783705,1.98307773664727,1.00475938656795,1.08408249603384,1.4278159703860351,1.2427287149656199,1.2956107879428798,1.6393442622950751,0.5288207297726,0.661025912215755,1.374933897408775,0.8989952406134251,1.95663670015864,1.4278159703860351,1.374933897408775,1.24272871496562,0.7403490216816451,2.459016393442615,2.1417239555790504,1.401374933897405,1.454257006874665,0.819672131147535,0.6345848757271251,0.6874669487043851,0.555261766261235,0.872554204124795,0.6345848757271251
fr_vit_EFS,58.13397129186604,67.32057416267942,49.2822966507177,47.22488038277512,46.2200956937799,13.8755980861244,30.191387559808614,21.43540669856459,6.69856459330143,14.306220095693782,27.79904306220095,37.368421052631575,14.21052631578947,19.043062200956935,8.22966507177033,44.06698564593301,45.98086124401913,20.622009569377987,27.942583732057415,24.928229665071765,84.11483253588517,,81.19617224880382,58.66028708133971,75.07177033492822,20.622009569377987,36.411483253588514,20.287081339712916,6.315789473684205,9.856459330143535,13.01435406698564,15.885167464114824,8.133971291866025,8.038277511961715,8.038277511961715,5.741626794258369,9.952153110047844,11.29186602870813,5.215311004784685,5.550239234449755,9.234449760765544,7.416267942583725,6.746411483253585,5.93301435406698,4.401913875598085,11.43540669856459,15.645933014354064,11.770334928229659,7.46411483253588,4.162679425837315,12.488038277511954,23.732057416267942,14.019138755980856,5.741626794258369,3.44497607655502,3.684210526315785,4.784688995215305,5.16746411483253,2.822966507177025,3.01435406698564
fr_vit_FE,43.09413580246913,26.15740740740741,71.875,4.668209876543205,14.23611111111111,13.117283950617278,23.765432098765423,27.816358024691358,7.060185185185181,19.36728395061728,22.106481481481477,17.63117283950617,21.18055555555555,9.992283950617281,9.066358024691356,24.691358024691354,14.42901234567901,24.92283950617284,4.706790123456785,12.268518518518515,51.967592592592595,59.1820987654321,,6.134259259259254,39.467592592592595,15.933641975308635,23.688271604938272,33.60339506172839,4.86111111111111,13.734567901234565,10.146604938271604,6.172839506172835,7.1759259259259185,6.481481481481476,9.722222222222216,5.24691358024691,6.481481481481476,10.609567901234565,3.7037037037037,6.327160493827161,8.217592592592585,4.35956790123456,5.36265432098765,4.0123456790123395,4.976851851851845,10.763888888888886,9.259259259259254,10.918209876543205,8.989197530864196,5.516975308641971,8.87345679012345,9.182098765432094,9.452160493827154,5.362654320987651,5.979938271604935,2.8163580246913553,3.8966049382716,6.172839506172835,1.967592592592585,2.58487654320987
fr_vit_FR,58.277254374158815,44.952893674293406,21.39973082099596,69.11170928667565,39.36742934051144,31.224764468371465,30.14804845222072,20.79407806191117,24.29340511440107,35.195154777927314,43.539703903095564,37.01211305518169,31.76312247644684,46.90444145356661,25.50471063257066,42.05921938088829,29.004037685060563,19.111709286675634,40.578734858681024,23.62045760430686,77.79273216689097,56.056527590847914,36.81022880215343,,65.74697173620459,35.598923283983844,40.040376850605654,25.168236877523547,38.425302826379536,36.47375504710632,28.667563930013458,16.75639300134589,10.094212651413184,21.399730820995956,15.814266487213995,12.651413189771196,10.497981157469717,15.07402422611036,14.872139973082094,14.939434724091516,16.68909825033647,7.200538358008074,7.469717362045755,19.784656796769852,9.75773889636608,18.438761776581426,17.29475100942126,16.554508748317627,11.776581426648718,9.69044414535666,21.130551816958274,22.54374158815612,15.81426648721399,20.995962314939433,11.44010767160161,6.25841184387617,6.123822341857335,7.73889636608344,9.152086137281291,6.1238223418573305
fr_vit_FS,39.64809384164223,16.803519061583575,13.782991202346034,17.0674486803519,47.683284457478,7.653958944281525,9.237536656891491,5.425219941348964,3.7243401759530754,19.384164222873896,13.25513196480938,8.85630498533724,7.62463343108504,9.912023460410555,13.225806451612895,28.240469208211138,8.093841642228734,6.627565982404684,11.495601173020525,26.480938416422283,86.62756598240469,43.489736070381234,40.1466275659824,48.914956011730204,,11.436950146627565,12.492668621700876,7.595307917888561,7.390029325513195,18.357771260997065,8.035190615835774,3.87096774193548,3.60703812316715,2.873900293255125,6.539589442815245,3.19648093841642,3.2551319648093795,2.5806451612903154,2.1407624633431053,4.956011730205275,4.75073313782991,1.436950146627565,1.40762463343108,2.9912023460410495,3.167155425219935,5.571847507331375,4.457478005865095,2.37536656891495,2.3167155425219903,3.6950146627565945,8.475073313782985,4.985337243401755,2.1407624633431053,3.2844574780058604,5.219941348973601,1.93548387096774,1.4956011730205248,1.4956011730205248,1.7302052785923698,2.05278592375366
fr_xception_ALL,2.11889346674514,0.0,0.0,0.058858151854030004,0.0,0.85344320188346,1.236021188934665,3.5609181871689195,0.47086521483224997,15.391406709829312,58.91701000588581,8.97586815773984,7.29841082989994,75.92701589170102,27.192466156562677,11.536197763390229,0.0,0.0,0.35314891112419,0.0,8.74043555032372,0.0,0.029429075927015002,0.441436138905235,0.0,,37.58092995879929,24.514420247204235,76.45673925838729,30.72395526780459,0.20600353148911002,0.35314891112419,0.41200706297822004,0.11771630370806001,0.735726898175395,0.029429075927015002,0.029429075927015002,0.088287227781045,0.088287227781045,0.029429075927015002,0.058858151854030004,0.0,0.0,0.0,0.058858151854030004,0.029429075927015002,0.41200706297822004,0.294290759270155,0.029429075927015002,0.382577987051205,0.0,0.147145379635075,0.058858151854030004,0.0,0.23543260741612498,0.058858151854030004,0.058858151854030004,0.0,0.029429075927015002,0.11771630370806001
fr_xception_EFS,15.7563025210084,6.63865546218487,1.17647058823529,2.899159663865545,0.33613445378150997,0.16806722689075498,14.663865546218485,2.6890756302520953,0.0,1.63865546218487,32.647058823529406,36.80672268907563,1.5546218487394898,36.9327731092437,0.9663865546218401,28.949579831932777,7.73109243697479,0.0,2.352941176470585,0.33613445378150997,21.932773109243694,3.90756302521008,1.386554621848735,3.319327731092435,0.3781512605042,16.428571428571427,,24.327731092436977,7.100840336134449,16.554621848739494,0.42016806722688993,0.924369747899155,1.17647058823529,0.126050420168065,0.504201680672265,0.0,0.3781512605042,0.16806722689075498,0.0,0.0,0.0,0.25210084033613,0.042016806722685,0.0,0.042016806722685,0.042016806722685,2.6890756302521,0.504201680672265,0.042016806722685,0.042016806722685,0.126050420168065,1.554621848739495,0.630252100840335,0.0,0.08403361344537501,0.0,0.08403361344537501,0.0,0.0,0.0
fr_xception_FE,4.981024667931685,1.470588235294115,18.406072106261853,0.237191650853885,0.09487666034155001,0.5692599620493349,5.12333965844402,38.614800759013285,0.09487666034155501,8.91840607210626,19.78178368121442,6.072106261859575,37.23908918406072,28.2258064516129,5.170777988614795,5.787476280834915,0.8064516129032249,1.37571157495256,0.0,0.047438330170775006,9.297912713472485,1.944971537001895,10.436432637571153,0.237191650853885,0.474383301707775,19.592030360531304,52.13472485768501,,9.2504743833017,16.41366223908918,0.474383301707775,0.37950664136622003,3.2732447817836805,0.14231499051233,0.61669829222011,0.047438330170775006,0.0,1.280834914611005,0.0,0.09487666034155501,0.0,0.047438330170775006,0.426944971537,0.0,0.0,0.047438330170775006,0.14231499051233,2.03984819734345,0.14231499051233,0.09487666034155501,0.047438330170775006,0.09487666034155501,1.423149905123335,0.0,0.18975332068311002,0.0,0.0,0.09487666034155501,0.0,0.047438330170775006
fr_xception_FR,8.73015873015873,0.7936507936507899,0.044091710758375,4.23280423280423,0.26458918044678,8.06905548005871,7.188233078200715,15.039593033120536,9.612070777119316,4.1005680164256155,68.02039504304877,23.205237768344563,32.55941289921873,85.08532699471212,29.345154426060578,26.63143221395648,1.01410934744268,0.044091710758375,14.99122057374484,0.044091710758375,12.918871252204585,0.44091710758376995,0.0,13.13932980599647,0.573192239858905,92.94135685721446,52.095776691245945,21.667398285521262,,36.71415184360168,3.92431792108167,1.984243731816545,1.01418717923572,4.93834943673131,2.2928857071251847,0.837781420305685,0.61728395061728,0.44099493937680995,1.543248792439725,0.30864197530864,0.661609156754785,0.13227513227513,0.132391879964695,0.97005655258082,0.44091710758376995,0.6613756613756601,3.70374261960022,1.102370600752475,3.7037037037037,0.9700176366843,2.11644103229863,0.837781420305685,0.352772601963535,6.834215167548501,0.352811517860055,0.66149240906522,0.176366843033505,0.0,0.66149240906522,0.176366843033505
fr_xception_FS,29.740259740259738,3.896103896103895,2.51082251082251,14.415584415584416,16.926406926406926,12.03455713836336,14.197449033089171,22.76670561272637,5.757575757575755,49.38907113647598,82.56530954627841,16.141194445692715,20.076731227250256,81.87675070028011,79.10225587561229,43.46320346320346,5.0649350649350655,3.03030303030303,22.813852813852815,11.08225108225108,18.095238095238095,0.17316017316017,0.17316017316017,13.506493506493506,14.58874458874459,80.7957728545964,69.32481013795892,59.329303914079,79.14850432151471,,12.986975538878646,6.147186147186145,8.484811036714145,1.774854326757435,16.536796536796537,2.6404679518866354,0.216450216450215,1.168831168831165,0.17316017316017,6.190363846073185,1.991117302535985,0.34632034632034503,0.56273311463622,0.043252595155705,6.06060606060606,8.398268398268396,10.606060606060606,3.07359307359307,0.7358932877963951,14.63203463203463,10.346320346320345,4.025974025974025,3.89599155170089,0.259740259740255,11.731489387198724,0.7792207792207749,0.129870129870125,0.17316017316017,0.04329004329004,2.3809149328180403
imgnet_deit_ALL,3.6599938114058803,0.635208711433755,0.060496067755595004,1.996351948126995,0.69568649138168,1.27041742286751,3.508479324901915,4.5670507837788605,1.512401693889895,9.013859232160785,38.917661706281706,9.495633237285766,12.97284041108065,54.04328797225519,20.68063928323498,9.25586179099084,0.5443914585697,0.030248033877795,1.84513006654567,0.18146991545911498,6.59405309755228,0.604960677555955,0.211717949336915,2.964307320024195,0.665438457503885,32.78766172822708,26.524672812833067,11.12972200337812,26.766876537547425,22.04560467173019,,81.98107797116525,59.0872299165125,72.51973437325123,81.55727631633812,21.19924493299713,13.39896461748124,7.74219823837206,11.947534474346226,20.294400785351606,22.290185811440992,7.259235525748863,2.8128659847508906,11.947095566962265,9.013146007661854,49.06148799844334,43.707128806881485,16.60580484275777,34.72435884775107,32.63682389060673,58.553829430349424,46.42248420116296,17.446531936730032,47.5484828069005,40.97613733704649,6.260428622320926,8.741498912606954,1.78454255975175,6.5029066641502595,7.622157068859445
imgnet_deit_EFS,4.566775224434035,0.89773614363778,0.234192037470725,2.185792349726775,0.195160031225605,0.78064012490242,0.54644808743169,0.273254537470725,0.624512099921935,1.3270882123341101,4.568574355971895,1.28839163739266,0.74182157494145,14.482307523419205,1.5621035811865702,1.444184231069475,0.11709601873536,0.0,0.234192037470725,0.0,5.035159299375485,0.42935206869632997,0.39032006245121,2.3419203747072603,0.234192037470725,4.840121243169395,4.996218774395,0.39041154371584497,3.356783030835285,1.405426668618265,86.95986411982825,,81.52941427595628,26.515661592505857,45.14691891100703,0.5465700624512101,1.053864168618265,0.702637099921935,0.31228654371584497,0.46841456869633,0.7807316061670551,0.351318549960965,0.15615851873536,0.42941305620608505,0.03903200624512,18.46216944769711,24.31693989071038,4.488680718188915,5.425448868071816,0.81967213114754,16.66678864168618,33.96330381537861,15.771888417252145,5.776797911787665,1.36685206869633,0.31231703747072503,2.810395930913345,0.19525151249024,0.234222531225605,0.11709601873536
imgnet_deit_FE,11.818181818181815,3.9999999999999947,7.818181818181816,10.318181818181811,1.9545454545454497,0.9090909090909051,1.818181818181815,2.499999999999995,0.545454545454545,4.227272727272726,8.22727272727272,5.227272727272725,2.81818181818181,16.22727272727272,3.31818181818181,5.5454545454545405,2.68181818181818,0.36363636363636,0.86363636363636,0.136363636363635,13.318181818181815,3.5454545454545405,3.59090909090909,6.909090909090905,2.6363636363636296,2.86363636363636,5.7272727272727195,3.590909090909085,1.4545454545454501,1.409090909090905,47.0,63.36363636363637,,14.409090909090905,34.68181818181818,0.36363636363636,0.31818181818181496,2.818181818181815,0.136363636363635,0.31818181818181496,1.04545454545454,0.318181818181815,2.45454545454545,0.22727272727272502,0.27272727272727004,1.318181818181815,1.09090909090909,17.95454545454545,1.181818181818175,0.18181818181818,1.999999999999995,8.409090909090905,45.54545454545455,0.40909090909090495,1.4545454545454501,0.27272727272727004,0.636363636363635,2.999999999999995,0.09090909090909,0.136363636363635
imgnet_deit_FR,0.734463276836155,0.0,0.05649717514124,1.9774011299435,0.0,0.0,1.525423728813555,1.977401129943495,0.5649717514124251,2.71186440677966,17.457627118644066,4.3502824858757,4.067796610169485,47.79661016949153,8.92655367231638,6.836158192090395,0.45197740112993995,0.05649717514124,3.7288135593220297,0.0,3.785310734463275,0.22598870056496997,0.0,1.468926553672315,0.169491525423725,15.310734463276829,4.23728813559322,1.8079096045197702,26.04519774011299,2.25988700564971,89.94350282485877,46.89265536723164,23.785310734463277,,64.51977401129942,18.248587570621467,6.0451977401129895,5.81920903954802,30.16949152542373,12.937853107344624,20.22598870056497,4.46327683615819,4.06779661016949,30.338983050847457,5.875706214689259,37.175141242937855,22.033898305084744,6.779661016949145,38.75706214689265,19.999999999999996,50.28248587570621,12.99435028248587,5.706214689265535,58.135593220338976,11.186440677966095,3.841807909604515,5.197740112994345,1.69491525423728,17.288135593220336,4.180790960451975
imgnet_deit_FS,0.6874894746748249,0.0,0.0,0.07639419404125,0.11459129106187499,0.19098548510313001,0.152788388082505,0.80202249404026,0.038197097020625,1.8716577540106951,10.151978411501894,0.5346428148958751,0.496212631089465,18.90330919136949,7.897242525052456,2.8265851795263552,0.0,0.0,0.07639419404125,0.15267184468961,1.03132161955691,0.0,0.0,0.229182582123755,0.26726313575149,11.802786435980675,6.950473137039295,5.11707075174567,1.8715412106178002,16.988967419711795,94.08679219555516,73.8997575314711,55.953823176868,63.36831383271012,,7.024827821704921,1.45137314339091,1.33643222215035,1.4514896867838,13.749148504835674,6.566462657457405,1.2223071046600449,0.87847495977796,0.458190349158175,6.797917835742576,42.85638532508905,30.595000638075078,13.407122782543428,7.715755326470091,36.70688579155399,39.8374744114413,9.165322047271166,7.326150764029345,10.045545157942518,46.01042830279604,1.7952052882729947,1.5660809778456801,0.11459129106187499,0.53470108659232,5.003761438005615
imgnet_efficientnetb4_ALL,1.5641569459172797,0.901378579003175,0.901378579003175,2.4390243902439,0.71580063626723,3.4729586426299,1.8027571580063602,1.3255567338282002,4.188759278897135,5.779427359490979,30.858960763520678,2.8366914103923597,3.9501590668080553,40.72110286320254,9.65005302226935,9.172852598091191,3.5259809119830248,2.226935312831385,5.6203605514316,2.46553552492046,9.199363732767754,3.4994697773064645,2.863202545068925,6.044538706256625,4.347826086956521,32.92682926829268,11.850477200424175,2.598091198303285,33.58960763520679,7.05196182396606,36.69141039236479,20.201484623541884,11.930010604453866,24.390243902439025,24.787910922587486,,82.97985153764583,55.69989395546129,75.05302226935314,95.09544008483563,36.08165429480381,18.769883351007422,11.983032873806994,31.097560975609756,23.409331919406146,50.10604453870625,27.889713679745494,11.664899257688225,31.071049840933192,29.851537645811238,34.72958642629904,12.566277836691405,4.268292682926825,16.463414634146336,14.793213149522796,21.87168610816543,15.296924708377516,6.3891834570519555,24.125132555673378,19.247083775185576
imgnet_efficientnetb4_EFS,6.893145337818559,2.64072125202301,1.40622396208455,3.94382918468431,1.30334330364834,1.78335889462252,5.4527455084154495,1.817652447434595,0.85740943159789,4.218248218476995,27.921707136354172,11.763583024291224,5.1785147714124,28.43135593459699,6.859510823770204,3.875218541961465,0.44586326075433,0.06858710562414,0.994583642846175,0.102904195534915,9.705146057112294,1.2688849911453401,0.9602900900341049,2.366349292427735,0.685988741734945,21.12489914353205,24.554889926404194,2.70940250604197,19.137850196723065,6.17408697240416,12.20862248659091,17.112647612914518,4.32101119141969,3.7379972565157753,8.539118187304465,86.76144114830915,,66.45492692672337,37.77548997178373,69.2374356613407,3.2583347220221546,21.33084875719411,0.857480042894005,0.823092341687115,1.337495633868185,45.95343137947169,35.73390556727703,8.059008447935465,23.182535849355034,7.201693164732386,14.30045859683115,24.96584766978015,4.972706380342565,3.2579110542454797,2.70928482054845,7.6132628726746505,25.549402957954264,1.37178918668026,2.4693711734561754,6.48195222345556
imgnet_efficientnetb4_FE,7.4558303886925765,2.96819787985865,11.66077738515901,4.16961130742049,1.09540636042402,3.1448763250883345,2.04946996466431,3.39222614840989,2.155477031802115,12.79151943462897,7.7031802120141295,3.25088339222614,7.98586572438162,17.561837455830386,4.20494699646643,3.39222614840989,1.1307420494699598,0.812720848056535,0.31802120141342,0.318021201413425,13.60424028268551,3.7102473498233155,5.4416961130742,2.367491166077735,1.378091872791515,6.53710247349823,4.8763250883392155,6.92579505300353,2.049469964664305,1.2014134275618351,6.64310954063604,6.6077738515901,18.90459363957597,5.75971731448763,6.53710247349823,58.8339222614841,52.61484098939929,,35.08833922261484,42.685512367491164,1.3780918727915152,4.62897526501766,13.674911660777386,0.424028268551235,2.261484098939925,5.618374558303884,4.6643109540636,23.60424028268551,14.346289752650176,4.16961130742049,4.8763250883392155,5.371024734982325,16.678445229681977,1.34275618374558,2.96819787985865,4.84098939929328,5.017667844522965,20.600706713780916,3.0742049469964603,5.618374558303884
imgnet_efficientnetb4_FR,0.6794564348521149,0.239808153477215,0.07993605115907,4.116706634692245,0.239808153477215,0.07993605115907,1.07913669064748,2.07833733013589,1.3189448441247,2.677857713828935,16.986410871302954,4.196642685851315,0.39968025579535504,57.55395683453237,9.31254996003197,6.03517186250999,1.318944844124695,0.39968025579536,6.314948041566745,0.27977617905675,24.94004796163069,5.075939248601115,1.11910471622701,16.986410871302954,4.5963229416466795,12.310151878497201,1.358912869704235,0.39968025579535504,22.342126298960828,0.559552358113505,25.539568345323744,13.589128697042362,10.75139888089528,38.76898481215028,14.988009592326135,90.7673860911271,50.91926458832934,44.00479616306954,,84.57234212629896,24.100719424460433,8.912869704236611,5.87529976019184,46.682653876898485,10.711430855315745,40.12789768185452,14.26858513189448,7.55395683453237,44.484412470023976,16.067146282973617,20.023980815347713,6.594724220623495,2.15827338129496,39.44844124700239,4.836131095123895,25.29976019184652,9.6722621902478,5.99520383693045,53.5171862509992,16.50679456434852
imgnet_efficientnetb4_FS,0.158311345646435,0.0,0.026385224274404998,0.052770448548809995,0.0,0.0,0.026385224274404998,0.079155672823215,0.0,0.23746701846965498,1.53034300791556,0.052770448548809995,0.158311345646435,2.5065963060686003,1.8997361477572499,0.76517150395778,0.15831134564643,0.052770448548809995,0.0,0.18469656992084,0.844327176781,0.21108179419525,0.211081794195245,0.369393139841685,0.501319261213715,1.8469656992084398,0.448548812664905,0.659630606860155,0.23746701846965002,0.52770448548812,13.773087071240106,4.6701846965699145,7.229551451187331,0.9234828496042201,17.757255936675453,80.0791556728232,42.21635883905013,36.20052770448549,36.86015831134565,,4.4591029023746644,3.2453825857519747,2.34828496042216,0.105540897097625,16.147757255936675,16.14775725593667,6.332453825857515,3.482849604221635,0.36939313984168,28.28496042216359,8.944591029023744,3.034300791556725,2.5065963060686,0.079155672823215,20.606860158311342,7.203166226912925,1.7150395778364054,1.39841688654353,1.372031662269125,13.298153034300789
imgnet_resnet34_ALL,8.717948717948708,4.070512820512815,2.37179487179487,8.974358974358971,5.0961538461538405,33.3974358974359,25.12820512820512,11.346153846153841,33.3974358974359,28.044871794871796,78.30128205128204,43.36538461538461,44.166666666666664,73.17307692307693,48.26923076923077,35.256410256410255,9.935897435897429,4.5833333333333295,18.557692307692307,7.948717948717945,38.49358974358974,8.17307692307692,6.474358974358969,18.04487179487179,15.865384615384615,54.77564102564102,53.58974358974359,20.41666666666666,64.48717948717947,55.73717948717949,68.3653846153846,50.19230769230769,33.75,48.91025641025641,58.333333333333336,78.36538461538463,62.30769230769231,51.28205128205128,53.58974358974359,74.00641025641026,,79.90384615384616,63.68589743589743,83.5576923076923,88.68589743589743,60.44871794871794,56.82692307692307,39.839743589743584,48.429487179487175,56.76282051282051,65.7051282051282,57.05128205128205,28.97435897435897,55.576923076923066,49.13461538461538,54.42307692307693,47.467948717948715,26.217948717948715,42.56410256410256,43.942307692307686
imgnet_resnet34_EFS,15.49755301794453,7.3409461663947795,3.30342577487765,8.727569331158234,2.406199021207175,7.585644371941271,17.455138662316468,3.0587275693311553,2.977161500815655,12.112561174551386,51.01957585644372,40.08972267536704,23.042414355628054,25.77487765089722,23.368678629690045,11.786296900489395,2.079934747145185,0.163132137030995,1.30505709624796,0.040783034257745,26.305057096247964,3.0179445350734047,1.4681892332789501,7.62642740619902,0.81566068515497,26.22349102773246,40.90538336052202,14.477977161500815,20.473083197389887,27.977161500815654,25.693311582381728,29.56769983686786,11.582381729200645,8.23817292006525,12.887438825448605,14.926590538336043,43.10766721044046,15.783034257748774,2.365415986949425,11.133768352365415,84.82871125611746,,55.750407830342574,49.87765089722676,55.83197389885808,45.84013050570962,44.7389885807504,16.639477977161498,10.399673735725935,11.092985318107665,27.324632952691672,39.8858075040783,14.722675367047305,8.849918433931485,8.442088091353995,16.272430668841753,51.6721044045677,15.25285481239804,9.380097879282214,15.334420880913536
imgnet_resnet34_FE,3.483807654563295,0.49067713444553,1.373895976447495,1.03042198233562,0.0,0.14720314033366,1.030470182447055,1.2267892363367099,0.04906771344455,3.3856722276741897,5.987851643913,7.11621625269197,10.697677333029992,13.9362428205934,1.57074523156297,1.71736997055937,0.14720314033366,0.0,0.0,0.0,13.984298331697739,0.34347399411187,0.58881256133464,2.30618253189401,0.04906771344455,1.8645731108930301,10.54965479080187,6.084830268127575,0.19627085377821002,0.588860761446075,1.71736997055937,2.3553948456728797,11.334834606137605,0.93233475555795,2.64975292622876,0.686947988223745,0.19631905388964999,8.53855334113532,0.19627085377821002,0.245338567222765,45.48037195061995,48.61834380561088,,30.008232579033724,44.54697679261034,1.4720314033366,0.981354268891065,12.365063788027475,2.306278932116885,0.44160942100098,0.6378802747791951,0.588860761446075,7.5079385583539455,0.14720314033366,0.7360157016683,1.03042198233562,0.5889089615575099,9.71584106302453,0.19631905388964999,1.42320469044924
imgnet_resnet34_FR,0.11971268954509,0.0,0.07974481658692,0.399042298483635,0.11961722488038,0.5586592178770949,2.873072727527295,1.276871712037835,2.5139664804469253,1.596169193934555,33.62217758718787,16.47166417822107,7.301073913834866,72.68434544970857,8.652630815230044,3.391795894001125,0.518627701809115,0.11961722488038,1.7556588271083948,0.11961722488038,19.632753799175433,0.199521149241815,0.11961722488038,4.229848363926575,0.35891531775095,20.19141301705253,9.0581647109139,0.5586592178770949,40.05630505924537,0.55837282388296,11.45194117849219,8.77877145886554,5.98550719103497,24.419765767898664,8.6574358700204,27.56341717676619,7.260469609778634,3.071002799023965,40.85508973042052,11.726561197305092,79.33543228309473,40.16313001905474,28.87331966279334,,53.59736313867452,35.87383899056936,10.65404751085433,3.4316683022945846,42.01851759922915,6.86301838904014,14.884086804110325,3.19211563698479,0.478755293515655,28.890503302440962,1.476265575060045,10.809400341890784,4.46908281368734,0.9177018218476549,28.408502210325203,3.2317016512841255
imgnet_resnet34_FS,3.6600496277915546,0.8374689826302699,0.24813895781637502,0.74441687344913,1.985111662531015,5.17990074441687,3.7220843672456545,1.8610421836228248,3.6910669975186097,8.03349875930521,50.49627791563276,9.708436724565756,13.213399503722082,31.017369727047146,33.6228287841191,9.83250620347394,0.12406947890818498,0.43424317617865504,1.36476426799007,1.0545905707196002,5.986352357320095,0.341191066997515,0.527295285359795,1.985111662531015,2.791563275434235,20.564516129032253,19.292803970223325,11.631513647642674,13.151364764267987,32.444168734491306,32.87841191066997,9.894540942928035,10.794044665012406,5.428039702233245,34.553349875930515,16.09801488833747,3.8771712158808898,4.342431761786595,1.76799007444168,34.18114143920595,83.28163771712158,53.69106699751861,34.80148883374689,53.47394540942928,,38.61662531017369,18.827543424317618,8.12655086848635,1.79900744416873,41.43920595533499,36.941687344913156,10.949131513647634,7.19602977667493,1.892059553349875,35.82506203473945,11.63151364764268,4.683622828784115,2.57444168734491,1.736972704714635,21.433002481389572
imgnet_swin_ALL,2.15807174887892,0.22421524663677,0.19618834080717,1.2051569506726398,0.6165919282511151,0.644618834080715,1.37331838565022,0.19618834080717,0.28026905829596,5.54932735426009,31.978699551569502,2.438340807174885,2.69058295964125,42.74103139013452,9.445067264573986,9.50112107623318,0.19618834080717,0.028026905829595,1.5414798206277998,0.14013452914798,9.10874439461883,0.36434977578475,0.19618834080717,3.1950672645739897,1.03699551569506,23.010089686098656,11.743273542600894,1.3733183856502198,10.566143497757844,3.6715246636771255,40.27466367713004,18.974215246636767,7.090807174887889,21.973094170403584,27.63452914798206,21.664798206278025,7.819506726457395,4.007847533632285,4.932735426008965,12.107623318385647,16.87219730941704,9.360986547085195,2.494394618834075,2.77466367713004,7.987668161434976,,73.71076233183857,35.53811659192825,82.98766816143498,80.32511210762333,43.91816143497758,16.003363228699545,2.38228699551569,31.25,23.738789237668158,13.84529147982062,7.427130044843046,1.6816143497757803,4.035874439461881,9.669282511210756
imgnet_swin_EFS,7.047970479704794,2.98892988929889,1.62361623616236,3.9852398523985197,0.47970479704797,1.54981549815498,3.9852398523985197,1.43911439114391,0.9225092250922501,5.387453874538745,26.6420664206642,13.948339483394829,5.313653136531364,40.95940959409594,2.9520295202952,5.313653136531364,0.7380073800738001,0.0,0.62730627306273,0.036900369003689995,14.649446494464941,0.66420664206642,0.8487084870848699,5.276752767527675,0.40590405904059,11.66051660516605,20.405904059040587,3.2841328413284105,2.98892988929889,0.88560885608856,27.343173431734318,40.738007380073796,13.35793357933579,9.188191881918813,7.785977859778595,1.0701107011070101,5.129151291512915,2.3616236162361597,0.18450184501845002,0.5535055350553499,1.32841328413284,2.5092250922509196,0.14760147601475998,0.3690036900369,0.07380073800737999,92.25092250922509,,57.0110701107011,56.90036900369003,42.39852398523985,34.61254612546125,40.62730627306273,7.269372693726934,12.287822878228779,1.18081180811808,1.32841328413284,13.690036900369002,0.77490774907749,0.44280442804428,0.81180811808118
imgnet_swin_FE,1.01713062098501,0.32119914346895,2.62312633832976,0.32119914346895,0.053533190578155004,0.0,0.6423982869379,0.749464668094215,0.0,0.21413276231262998,0.8029978586723701,0.96359743040685,1.7130620985010652,7.869379014989285,0.16059957173446998,1.01713062098501,0.42826552462525996,0.21413276231262998,0.0,0.0,3.6937901498929304,0.856531049250535,1.98072805139186,0.428265524625265,0.053533190578155004,0.21413276231262998,1.659528907922905,2.194860813704495,0.0,0.10706638115631001,2.1948608137044903,6.156316916488215,15.417558886509633,1.55246252676659,2.730192719486075,0.642398286937895,0.267665952890785,7.54817987152034,0.10706638115631499,0.21413276231262998,0.374732334047105,0.588865096359735,3.26552462526766,0.0,0.053533190578155004,25.10706638115631,28.265524625267663,,29.496788008565307,19.164882226980723,0.695931477516055,1.8736616702355449,13.972162740899355,0.160599571734475,0.588865096359735,1.12419700214132,0.9100642398286899,4.33618843683083,0.5353319057815801,1.338329764453955
imgnet_swin_FR,0.150829562594265,0.0,0.0,0.3393665158371,0.0,0.0,1.168929110105575,0.37707390648566996,0.3393665158371,4.3740573152337845,3.544494720965305,1.2066365007541449,1.998491704374055,48.00150829562594,3.50678733031674,0.942684766214175,0.037707390648565,0.0,0.037707390648565,0.0,5.35444947209653,0.0,0.0,1.8853695324283553,0.11312217194569502,5.01508295625942,2.30015082956259,0.37707390648566996,15.04524886877828,0.0,24.811463046757158,10.558069381598791,7.202111613876315,33.18250377073906,18.137254901960784,18.363499245852186,2.67722473604826,2.375565610859725,17.496229260935138,2.639517345399695,4.449472096530915,3.733031674208145,1.6591251885369454,3.4690799396681697,2.07390648567119,90.46003016591251,33.44645550527903,14.366515837104071,,53.88386123680241,34.53996983408747,5.618401206636495,1.50829562594268,41.44042232277526,8.898944193061835,12.481146304675711,3.544494720965305,1.3574660633484101,8.14479638009049,4.449472096530915
imgnet_swin_FS,4.542606516290725,0.25062656641604,0.46992481203007497,1.472431077694235,2.2869674185463653,0.25062656641604,0.56390977443609,0.845864661654135,0.0,3.6967418546365898,32.20551378446115,1.6604010025062648,1.2844611528822052,33.86591478696742,29.761904761904763,9.649122807017541,0.219298245614035,0.0,0.6265664160401,0.56390977443609,6.954887218045109,0.31328320802005,0.281954887218045,3.4147869674185447,3.4774436090225547,17.167919799498744,4.699248120300751,4.94987468671679,1.00250626566416,15.06892230576441,49.53007518796993,17.418546365914782,16.353383458646615,13.659147869674184,47.556390977443606,40.6328320802005,4.76190476190476,4.166666666666665,3.2894736842105248,31.296992481203006,22.14912280701754,6.234335839598995,5.545112781954885,0.344611528822055,24.154135338345863,95.08145363408521,62.93859649122807,30.200501253132828,56.67293233082707,,46.96115288220552,7.89473684210526,8.114035087719296,8.33333333333333,49.060150375939855,18.483709273182956,3.50877192982456,2.6002506265664147,1.69172932330827,17.76315789473684
imgnet_vit_ALL,1.5971148892323501,0.103039670273055,0.15455950540958,0.43791859866048005,0.20607934054611,1.494075218959295,1.31375579598145,0.669757856774855,0.43791859866048005,6.130860381246775,22.02472952086553,1.494075218959295,1.10767645543534,29.417825862957237,3.8382277176713,4.92014425553838,0.02575991756826,0.0,0.309119010819165,0.128799587841315,2.5244719216898504,0.180319422977845,0.15455950540958,0.72127769191138,0.25759917568262997,20.144255538382275,5.126223596084485,0.51519835136527,12.854198866563621,3.8382277176713,34.10613086038124,6.77485832045337,1.36527563111798,6.980937660999481,9.76300875837197,6.77485832045337,1.46831530139103,0.43791859866048005,3.01391035548686,4.86862442040185,7.959814528593505,1.081916537867075,0.41215868109222,1.571354971664085,2.49871200412158,43.19938176197836,18.186501803194226,2.910870685213805,23.776403915507466,20.376094796496645,,48.583204533745494,24.111282843894895,66.69242658423494,52.7047913446677,3.06543019062339,1.210716125708395,0.36063884595569,0.69551777434312,1.64863472436888
imgnet_vit_EFS,4.444444444444439,2.777777777777775,1.423611111111105,2.08333333333333,0.79861111111111,1.388888888888885,0.763888888888885,0.48611111111111,1.041666666666665,4.23611111111111,9.409722222222214,4.201388888888885,2.743055555555555,13.645833333333329,2.8819444444444398,1.59722222222222,0.3125,0.0,0.243055555555555,0.06944444444444,3.6111111111111103,0.763888888888885,0.590277777777775,1.28472222222222,0.277777777777775,6.527777777777775,5.590277777777775,1.11111111111111,4.23611111111111,2.67361111111111,17.67361111111111,43.95833333333333,18.576388888888886,4.79166666666666,5.277777777777775,0.79861111111111,3.50694444444444,1.94444444444444,0.52083333333333,1.076388888888885,0.97222222222222,2.0486111111111103,0.277777777777775,0.3125,0.20833333333332998,18.15972222222222,20.833333333333336,3.29861111111111,7.7430555555555545,1.2499999999999951,51.597222222222214,,67.43055555555554,33.229166666666664,22.291666666666664,1.42361111111111,8.36805555555555,2.2222222222222197,1.840277777777775,1.8749999999999951
imgnet_vit_FE,15.094250706880299,5.18863478740241,9.764106485515619,10.23571568296196,1.509389504383545,0.84901214589298,0.9905660377358451,0.84901214589298,0.424483844006185,4.764062027635015,7.120418615403764,4.008144683726631,3.2070581331246704,10.564970746714556,2.0744047089787045,4.81132075471698,1.74528301886792,0.094339622641505,0.80188679245283,0.14150943396226,12.075471698113205,1.50943396226415,2.40566037735849,4.0566037735849045,1.32075471698113,0.8961819572137301,4.669544573471085,2.4052602564330496,0.565948820087845,1.1791119093770501,3.725214731563315,13.770117190973268,30.18521153059591,0.754405775967845,3.9617751142567452,0.188679245283015,0.377358490566035,3.3960041256913156,0.04716981132075,0.23584905660377,0.094339622641505,0.9905660377358451,2.6886792452830153,0.0,0.094339622641505,0.0942951647609,1.13207547169811,6.556603773584905,1.084149876407085,0.0942951647609,0.612985257766785,57.883315846566965,,2.309142318567385,6.975930503441035,1.2734959898991651,1.17902299361584,6.790985720128745,0.424394928244975,1.13180872441448
imgnet_vit_FR,0.088888888888885,0.0,0.0,0.22222222222222002,0.0,0.088888888888885,0.8,0.44436557231588,0.977777777777775,4.3999999999999995,6.30235630484077,1.3762792073351002,1.021196884550915,39.14364586414275,1.819225081336875,0.488888888888885,0.0,0.0,0.04444444444444,0.0,1.1111111111111098,0.04444444444444,0.0,0.266666666666665,0.0,10.355555555555556,0.84444444444444,0.044365572315879995,18.44286700187321,0.0,21.640106477373557,5.599605639357185,2.533096716947645,34.30622103914029,6.841999408459029,6.08857340037464,0.44444444444444003,0.4,14.933254461204765,1.42222222222222,2.488415656117515,1.2,0.399842255742875,7.46650892240954,0.8,24.755555555555556,4.977777777777774,0.4,39.33333333333333,8.266666666666666,91.2475993295869,28.979867889184664,13.088317065956815,,35.63565020210982,4.266666666666665,1.6,0.4,5.244207828058755,1.777777777777775
imgnet_vit_FS,4.110738255033556,0.04194630872483,0.04194630872483,0.33557046979865496,1.5100671140939552,2.1812080536912704,0.755033557046975,3.31375838926174,0.08389261744966,19.463087248322143,31.58557046979865,1.7197986577181148,2.81040268456375,18.28859060402684,28.271812080536908,2.684563758389255,0.0,0.0,0.08389261744966,0.5453020134228149,2.265100671140935,0.0,0.04194630872483,0.71308724832214,1.38422818791946,24.70637583892617,10.109060402684559,10.780201342281876,1.5939597315436198,40.100671140939596,50.461409395973156,13.003355704697986,11.03187919463087,2.726510067114085,47.90268456375839,7.214765100671134,0.713087248322145,0.587248322147645,0.33557046979865496,17.617449664429525,3.6493288590603954,1.426174496644295,1.7197986577181148,0.08389261744966,11.535234899328856,37.12248322147651,12.29026845637583,3.0201342281879153,3.9848993288590555,42.11409395973154,79.06879194630872,48.57382550335571,34.857382550335565,25.29362416107382,,7.2986577181208006,1.048657718120805,1.174496644295295,0.713087248322145,8.76677852348993
imgnet_xception_ALL,8.782524444853909,4.0192782797805355,1.76155387565794,6.166597770929955,5.616043049127304,51.51149871866052,44.572384770365055,32.26599492313175,48.842415246121426,53.658530302405815,81.56192494284281,44.07557781500706,62.81824375271239,77.68279695678844,52.738787370381054,31.139216261495083,5.891661353007205,5.946788044387435,17.86848814063943,7.901770236556841,32.68029367767463,5.313270531131575,2.8349635963817,20.071116159424328,9.855206820556706,68.24423760907145,67.41791305317619,37.08412533124504,65.8774114518049,68.1303778072487,62.05198577313139,48.950138074329814,32.734223280374536,42.398138360418855,50.90331705696809,77.78839836201901,47.43301758477812,39.779181082240896,40.08425685946966,58.909552222160265,68.73822610247322,32.78874385090397,15.775416465636582,44.84726057620272,37.9898820246376,55.66865433897672,50.08008371741192,31.9373258917856,52.72322521753677,47.98746663304716,61.337338983995984,51.81077088874289,29.702982599482613,52.310290234908194,42.808724624750575,,91.27637534882255,68.40108653223714,87.89012968561723,92.92643329397588
imgnet_xception_EFS,2.0319439181508097,0.43082607048123506,0.21538461538461498,0.7695907540735051,0.12309586964758998,2.0011367942402347,20.10447139067828,8.312580522925344,0.738745737021595,12.530731337627884,52.32931034482758,36.850966275104206,32.78539219401288,52.578211443728684,34.13541114058355,2.339806744979155,0.307692307692305,0.276923076923075,0.33851837817354496,0.276942023493745,13.362050018946569,0.276923076923075,0.21540356195528,2.093463433118605,0.06153846153846,24.599677908298595,44.94950738916256,19.611557408109128,20.04285714285714,29.338897309586965,16.44064039408867,17.641114058355434,5.911083743842364,4.433345964380445,11.976487305797646,5.4483137552103,20.842440318302387,4.832834406972335,0.27705570291777,2.30877226222053,8.648275862068964,16.53190602500947,1.2928192497158,1.96942023493747,1.93887836301629,42.70310723759,41.25596816976127,5.2030503978779805,23.029499810534286,6.12682834406972,16.995054945054942,20.1043956043956,1.97021599090564,5.049204244031825,3.32497158014399,52.95962485790072,,47.0212769988632,42.64842743463433,55.267317165593035
imgnet_xception_FE,5.421715119710186,1.6190893945034048,6.40080101869421,1.4307512642884999,0.677767588817965,0.56478740886681,0.8283983711787549,2.10849048038423,0.30123319199934,1.3179980661152502,1.205386731553185,1.205159749775285,1.242611743129255,2.485223486258515,1.280773054539175,3.125085118166705,0.489486204047535,0.60243801127645,0.11298017995114999,0.22596035990229998,8.13255849320416,1.39310066187886,2.635570541396935,1.7319560835656098,0.8659922281439199,0.602466383998685,1.1672821655877452,3.3895472621457894,0.11295180722891501,0.527363788235075,1.5813820466492898,3.087519633923785,15.173306261973288,1.05427361291435,3.57689234708237,1.167225420143265,0.640116986408325,7.568622266004479,0.41418499922826,0.79071939604688,0.8663043280885349,2.78628644192444,7.040747768769115,0.338912167131215,1.8073707792738352,2.07095336886354,2.3720730699739354,14.006052469107773,4.63164829627477,1.3931857800455751,1.1295180722891551,1.6191461399478797,8.622583778974219,0.37659114226309004,1.05427361291435,3.4639972852979297,49.319168157180336,,39.6757622048102,48.64225175002951
imgnet_xception_FR,0.46184163001677997,0.43103448275862,0.184729064039405,0.584975369458125,0.46184163001677997,0.43103448275862,0.55428204170953,0.7391059553402549,0.6773399014778301,0.12317167927786,1.9398069317598898,1.2319064919612999,0.61601015573544,22.365059383432126,0.67735887139609,0.43105345267687495,0.43103448275862,0.30788177339900996,0.6773399014778301,0.615763546798025,13.401071117464763,0.585051249131175,0.21553621129756498,2.864647356807465,0.55441483113737,2.5260532857416003,1.72495363751976,0.5234369546148451,4.374235512294019,0.4003032151735,9.888999420279296,11.46012599060913,7.424370729871395,13.955258309582991,9.180435033341524,7.792975211628406,1.3246314524279952,0.770064861944515,12.78447289426319,1.139731659124225,2.98702229951831,3.20379155550294,0.985468283814255,7.94776974464972,0.7084695373464549,11.429318843350964,6.715882222606674,2.217943873323435,21.16411179807508,4.0972367658262145,3.9124697619502853,6.71586325268841,1.97152463509465,20.394027966212295,3.080411207124185,60.63045764548409,54.25732390604276,23.06135023325411,,68.57902412670084
imgnet_xception_FS,6.179458239277645,1.6930022573363401,0.9875846501128601,3.301354401805865,2.39841986455981,7.110609480812635,18.98984198645598,16.760722347629788,2.8216704288939,23.532731376975164,67.21218961625281,27.9627539503386,32.92889390519187,59.81941309255079,47.8273137697517,4.147855530474034,0.9029345372460451,0.7618510158013501,0.733634311512415,1.185101580135435,25.112866817155748,1.4672686230248249,0.9029345372460449,11.286681715575615,3.0474040632054153,40.603837471783294,45.0902934537246,27.483069977426634,25.536117381489838,44.723476297968396,39.954853273137694,30.332957110609478,23.25056433408578,9.17042889390519,40.519187358916476,12.47178329571106,6.48984198645598,4.43002257336343,1.29796839729119,19.920993227990966,12.44356659142212,9.45259593679458,4.317155756207675,0.70541760722347,13.82618510158013,48.08126410835214,34.085778781038364,19.300225733634306,28.611738148984195,40.74492099322799,40.434537246049665,22.686230248306995,12.47178329571106,9.11399548532731,33.12641083521445,73.08126410835214,38.88261851015801,6.264108352144465,64.87020316027088,
