attack_type,origin_backbone,rows,num_origins,num_targets,mean_asr,median_asr,std_asr,mean_clean_acc,median_clean_acc,mean_num_clean_correct,median_num_clean_correct,mean_prob_drop_clean_correct,median_prob_drop_clean_correct
aa,deit,590.0,10.0,60.0,0.06452316556212818,0.0044388559659051,0.15613085500753168,0.6430101694915255,0.6335,1286.0203389830508,1267.0,0.003400128155166818,-0.00625826218460185
aa,efficientnetb4,590.0,10.0,60.0,0.05799053505097788,0.00528339983654625,0.15959267729629287,0.6423101694915254,0.6335,1284.620338983051,1267.0,0.006374408047289399,-0.0038452129294972498
aa,resnet34,590.0,10.0,60.0,0.11636384884270505,0.0278977383075266,0.19753071316827775,0.6427271186440678,0.64,1285.4542372881356,1280.0,0.05505113865561224,0.00326413920064985
aa,swin,590.0,10.0,60.0,0.050647237864131424,0.0021201413427561,0.14831057505310724,0.6430042372881356,0.6335,1286.0084745762713,1267.0,-0.0010808208500699646,-0.0076981903165593
aa,vit,590.0,10.0,60.0,0.05923774538030662,0.0036357028797973,0.1368302759797385,0.6418042372881355,0.6335,1283.6084745762712,1267.0,-0.008411117038415914,-0.00801879873823645
aa,xception,590.0,10.0,60.0,0.08360113379616367,0.009331183557226449,0.18423423655499407,0.6409940677966102,0.627,1281.9881355932202,1254.0,0.017122056797261254,-0.0009326617559318
cw_eot,deit,590.0,10.0,60.0,0.20546808890003512,0.0887259693711306,0.257736819633847,0.6429618644067796,0.6335,1285.9237288135594,1267.0,0.08571684068572677,0.020604220546293447
cw_eot,efficientnetb4,590.0,10.0,60.0,0.1475676097408304,0.0608722977176094,0.201068408741932,0.6422584745762712,0.6335,1284.5169491525423,1267.0,0.04442177255497212,0.0092574916368371
cw_eot,resnet34,590.0,10.0,60.0,0.21080926668937672,0.0764151210266758,0.2673507034679985,0.6426754237288136,0.6405,1285.3508474576272,1281.0,0.08834330989909867,0.017235742709479147
cw_eot,swin,590.0,10.0,60.0,0.21675929417941445,0.0777614406542317,0.2828982170112037,0.6429533898305084,0.6335,1285.906779661017,1267.0,0.08432051228258544,0.01285141503486245
cw_eot,vit,590.0,10.0,60.0,0.2008385286271682,0.0779193520226518,0.2573441632611974,0.6417559322033898,0.6335,1283.5118644067798,1267.0,0.08248923311696625,0.0197342815593998
cw_eot,xception,590.0,10.0,60.0,0.18968061195272543,0.07562275769299795,0.24536175659524248,0.6409449152542372,0.6265,1281.8898305084747,1253.0,0.07725411639856777,0.01802440850182285
