attack_type,origin_train_family,rows,num_origins,num_targets,mean_asr,median_asr,std_asr,mean_clean_acc,median_clean_acc,mean_num_clean_correct,median_num_clean_correct,mean_prob_drop_clean_correct,median_prob_drop_clean_correct
aa,ALL,708.0,12.0,60.0,0.09416521005279205,0.00800246305418715,0.20588033594699784,0.639406779661017,0.627,1278.8135593220338,1254.0,0.017206409674092163,-0.00479873662857945
aa,EFS,708.0,12.0,60.0,0.06576704867237917,0.0067692307692307,0.15273951701186725,0.643117231638418,0.64,1286.234463276836,1280.0,0.009327422512157504,-0.0022087896928711
aa,FE,708.0,12.0,60.0,0.05601122514857755,0.0060975609756097,0.13498128740524487,0.6435444915254237,0.64,1287.0889830508474,1280.0,0.008802941079569318,-0.00205329953108925
aa,FR,708.0,12.0,60.0,0.06385048022381833,0.00442645970305215,0.1496436330958496,0.6438905367231639,0.64,1287.7810734463276,1280.0,0.009760532817924467,-0.00350725546499325
aa,FS,708.0,12.0,60.0,0.08050909131611027,0.006661732050333,0.17736812023179985,0.6415826271186441,0.627,1283.165254237288,1254.0,0.01528252205529307,-0.0025322609493683
cw_eot,ALL,708.0,12.0,60.0,0.2749831769148447,0.14795103578579116,0.2984271264346362,0.6393580508474576,0.6265,1278.7161016949153,1253.0,0.1324202269202258,0.06015467466933605
cw_eot,EFS,708.0,12.0,60.0,0.194472099395731,0.08157381487770174,0.24470761728797266,0.6430663841807909,0.6405,1286.1327683615818,1281.0,0.07480976637200148,0.0187432884231043
cw_eot,FE,708.0,12.0,60.0,0.13226821489647983,0.04920080979465915,0.1828265692763852,0.6434915254237288,0.6405,1286.9830508474577,1281.0,0.05147024376461848,0.0053753535758101
cw_eot,FR,708.0,12.0,60.0,0.2066198976213822,0.06605783432908191,0.2774314569467924,0.6438411016949153,0.6405,1287.6822033898304,1281.0,0.0773355115082238,0.010394789733192699
cw_eot,FS,708.0,12.0,60.0,0.16759277791285423,0.057130680057033,0.22940263142631748,0.6415346045197741,0.6265,1283.069209039548,1253.0,0.04941907221652792,0.00849132064344375
