attack_type,target_backbone,rows,num_origins,num_targets,mean_asr,median_asr,std_asr,mean_clean_acc,median_clean_acc,mean_num_clean_correct,median_num_clean_correct,mean_prob_drop_clean_correct,median_prob_drop_clean_correct
aa,deit,590.0,60.0,10.0,0.07862515211347372,0.027648606667025948,0.1497921330615707,0.6009,0.595,1201.8,1190.0,0.02441267596659036,0.00131384452919215
aa,efficientnetb4,590.0,60.0,10.0,0.06249645245227396,0.0029973057925459998,0.17328935760733624,0.6422,0.6665,1284.4,1333.0,0.006535982231270488,-0.00388921599888845
aa,resnet34,590.0,60.0,10.0,0.08117821757225814,0.0022744503411675,0.18500204836264508,0.6176,0.62,1235.2,1240.0,0.012882193070510469,-0.0088921863427545
aa,swin,590.0,60.0,10.0,0.07007177743771423,0.006661732050333,0.15726693052878013,0.6012500000000001,0.62425,1202.5,1248.5,0.007307813037243375,-0.007966580628492599
aa,vit,590.0,60.0,10.0,0.06073719719235724,0.01164000762254125,0.13260156248588484,0.67205,0.622,1344.1,1244.0,0.016440116629290447,0.0008715015281009
aa,xception,590.0,60.0,10.0,0.07925486972833554,0.0032200811359025996,0.1925969528404331,0.71985,0.73775,1439.7,1475.5,0.004877012831938683,-0.011933368223466499
cw_eot,deit,590.0,60.0,10.0,0.21733249715331526,0.10112994350282484,0.2584221385121276,0.60075,0.5952500000000001,1201.5,1190.5,0.08219766992598795,0.0221402477345502
cw_eot,efficientnetb4,590.0,60.0,10.0,0.15009384474759302,0.04995454984233215,0.2129629100987548,0.6422499999999999,0.6665,1284.5,1333.0,0.05888087687669412,0.0046212594681329
cw_eot,resnet34,590.0,60.0,10.0,0.21814143016392246,0.0887708649468892,0.2706752018575338,0.61765,0.61975,1235.3,1239.5,0.09893725636208597,0.0173033853717676
cw_eot,swin,590.0,60.0,10.0,0.21282567755563322,0.08626025286899795,0.2611677589367177,0.6012500000000001,0.62425,1202.5,1248.5,0.06332300029383092,0.010440735323873851
cw_eot,vit,590.0,60.0,10.0,0.1793698850296983,0.08537499999999995,0.22469798188765294,0.6718999999999999,0.622,1343.8,1244.0,0.06864298470472052,0.01718234019637515
cw_eot,xception,590.0,60.0,10.0,0.19336006543938805,0.0406473523892409,0.2832379888610958,0.71975,0.73775,1439.5,1475.5,0.09056399677459759,0.0132628801704478
