attack_type,target_train_family,rows,num_origins,num_targets,mean_asr,median_asr,std_asr,mean_clean_acc,median_clean_acc,mean_num_clean_correct,median_num_clean_correct,mean_prob_drop_clean_correct,median_prob_drop_clean_correct
aa,ALL,708.0,60.0,12.0,0.09177078361575823,0.009869508716079549,0.1786436412250597,0.8134999999999998,0.8382499999999999,1627.0,1676.5,0.03189336905306202,0.0004018105858836
aa,EFS,708.0,60.0,12.0,0.0580807328890921,0.0042698548249359,0.15853037009872403,0.5945833333333334,0.604,1189.1666666666667,1208.0,0.009826150073468124,-0.01343263405642325
aa,FE,708.0,60.0,12.0,0.06470087608887093,0.0045454545454545,0.15356514012983363,0.569375,0.54025,1138.75,1080.5,-0.012812866651268491,-0.0174096809749046
aa,FR,708.0,60.0,12.0,0.07913620309381268,0.0086206896551724,0.17636433807189825,0.5489583333333333,0.565,1097.9166666666667,1130.0,0.027737903751731408,-0.0024972679050823997
aa,FS,708.0,60.0,12.0,0.06661445972614341,0.0071813285457809,0.16206075809738565,0.6851250000000001,0.713,1370.25,1426.0,0.003735271912043461,-0.00961576647286605
cw_eot,ALL,708.0,60.0,12.0,0.2684335938498199,0.1233900051519835,0.30522919340971955,0.8133749999999998,0.8380000000000001,1626.75,1676.0,0.08359887988280905,0.0078524236055136
cw_eot,EFS,708.0,60.0,12.0,0.18635643922607667,0.06878072217910335,0.24479110897220646,0.5945833333333334,0.604,1189.1666666666667,1208.0,0.08091994270536337,0.011510893143793
cw_eot,FE,708.0,60.0,12.0,0.11711279530961473,0.045189231502280255,0.1690122649915324,0.5695,0.54,1139.0,1080.0,0.06513637223894828,0.05644727133041145
cw_eot,FR,708.0,60.0,12.0,0.18688586807068167,0.07925192569442854,0.24060766766653813,0.548875,0.56475,1097.75,1129.5,0.07701175422694212,0.009505197074742299
cw_eot,FS,708.0,60.0,12.0,0.217147470285099,0.0987817085378061,0.2674752321688807,0.6849583333333333,0.71225,1369.9166666666667,1424.5,0.07878787172753472,0.01715771007978555
