attack_type,model,num_samples,num_clean_correct,num_success,clean_acc,whitebox_asr,avg_prob_drop_clean_correct,pretrain,backbone,train_family,clean_acc_pct,whitebox_asr_pct
aa,fr_deit_ALL,2000,1407,1407,0.7035,1.0,0.9916230563335954,fr,deit,ALL,70.35,100.0
aa,fr_deit_EFS,2000,934,934,0.467,1.0,0.9731064429382018,fr,deit,EFS,46.7,100.0
aa,fr_deit_FE,2000,1416,1416,0.708,1.0,0.6909986541273414,fr,deit,FE,70.8,100.0
aa,fr_deit_FR,2000,1032,1032,0.516,1.0,0.9818971558219516,fr,deit,FR,51.6,100.0
aa,fr_deit_FS,2000,999,999,0.4995,1.0,0.9126552074179948,fr,deit,FS,49.95,100.0
aa,fr_efficientnetb4_ALL,2000,1215,1215,0.6075,1.0,0.9339640993211004,fr,efficientnetb4,ALL,60.75000000000001,100.0
aa,fr_efficientnetb4_EFS,2000,849,849,0.4245,1.0,0.6065682212090464,fr,efficientnetb4,EFS,42.449999999999996,100.0
aa,fr_efficientnetb4_FE,2000,680,680,0.34,1.0,0.5119432216153869,fr,efficientnetb4,FE,34.0,100.0
aa,fr_efficientnetb4_FR,2000,655,655,0.3275,1.0,0.9469114707171462,fr,efficientnetb4,FR,32.75,100.0
aa,fr_efficientnetb4_FS,2000,1541,1541,0.7705,1.0,0.2734990382880108,fr,efficientnetb4,FS,77.05,100.0
aa,fr_resnet34_ALL,2000,1319,1319,0.6595,1.0,0.5488719814333435,fr,resnet34,ALL,65.95,100.0
aa,fr_resnet34_EFS,2000,698,698,0.349,1.0,0.3946061107866402,fr,resnet34,EFS,34.9,100.0
aa,fr_resnet34_FE,2000,1397,1397,0.6985,1.0,0.3620797090566785,fr,resnet34,FE,69.85,100.0
aa,fr_resnet34_FR,2000,1161,1161,0.5805,1.0,0.3873448006866514,fr,resnet34,FR,58.050000000000004,100.0
aa,fr_resnet34_FS,2000,1107,1107,0.5535,1.0,0.8958798260095696,fr,resnet34,FS,55.35,100.0
aa,fr_swin_ALL,2000,1351,1351,0.6755,1.0,0.9898735610360104,fr,swin,ALL,67.55,100.0
aa,fr_swin_EFS,2000,1171,1171,0.5855,1.0,0.8748920825790227,fr,swin,EFS,58.550000000000004,100.0
aa,fr_swin_FE,2000,967,967,0.4835,1.0,0.5945318641014409,fr,swin,FE,48.35,100.0
aa,fr_swin_FR,2000,984,984,0.492,1.0,0.942018861281146,fr,swin,FR,49.2,100.0
aa,fr_swin_FS,2000,557,557,0.2785,1.0,0.9447119996719012,fr,swin,FS,27.85,100.0
aa,fr_vit_ALL,2000,1891,1891,0.9455,1.0,0.964285359148834,fr,vit,ALL,94.55,100.0
aa,fr_vit_EFS,2000,1045,1045,0.5225,1.0,0.9958030126109506,fr,vit,EFS,52.25,100.0
aa,fr_vit_FE,2000,1296,1296,0.648,1.0,0.7152573987269242,fr,vit,FE,64.8,100.0
aa,fr_vit_FR,2000,743,743,0.3715,1.0,0.9334441569996031,fr,vit,FR,37.15,100.0
aa,fr_vit_FS,2000,1705,1705,0.8525,1.0,0.903762115437136,fr,vit,FS,85.25,100.0
aa,fr_xception_ALL,2000,1699,1691,0.8495,0.9952913478516776,0.4574626536492813,fr,xception,ALL,84.95,99.52913478516776
aa,fr_xception_EFS,2000,1190,1190,0.595,1.0,0.5737478599327953,fr,xception,EFS,59.5,100.0
aa,fr_xception_FE,2000,1054,945,0.527,0.896584440227704,0.5064948143457568,fr,xception,FE,52.7,89.6584440227704
aa,fr_xception_FR,2000,1133,1122,0.5665,0.9902912621359224,0.9720969984316808,fr,xception,FR,56.65,99.02912621359225
aa,fr_xception_FS,2000,1156,1156,0.578,1.0,0.5397747121622406,fr,xception,FS,57.8,100.0
aa,imgnet_deit_ALL,2000,1654,1654,0.827,1.0,0.999952275437197,imgnet,deit,ALL,82.69999999999999,100.0
aa,imgnet_deit_EFS,2000,1280,1280,0.64,1.0,0.8769191992629757,imgnet,deit,EFS,64.0,100.0
aa,imgnet_deit_FE,2000,1100,1100,0.55,1.0,0.7047240341688733,imgnet,deit,FE,55.00000000000001,100.0
aa,imgnet_deit_FR,2000,885,885,0.4425,1.0,0.994492238698237,imgnet,deit,FR,44.25,100.0
aa,imgnet_deit_FS,2000,1311,1311,0.6555,1.0,0.8176966698324623,imgnet,deit,FS,65.55,100.0
aa,imgnet_efficientnetb4_ALL,2000,1886,1886,0.943,1.0,0.999727743649154,imgnet,efficientnetb4,ALL,94.3,100.0
aa,imgnet_efficientnetb4_EFS,2000,1457,1457,0.7285,1.0,0.98581221513578,imgnet,efficientnetb4,EFS,72.85000000000001,100.0
aa,imgnet_efficientnetb4_FE,2000,1415,1415,0.7075,1.0,0.7062260201773172,imgnet,efficientnetb4,FE,70.75,100.0
aa,imgnet_efficientnetb4_FR,2000,1251,1251,0.6255,1.0,0.8419620505125402,imgnet,efficientnetb4,FR,62.55,100.0
aa,imgnet_efficientnetb4_FS,2000,1895,1895,0.9475,1.0,0.8327005138026063,imgnet,efficientnetb4,FS,94.75,100.0
aa,imgnet_resnet34_ALL,2000,1560,1560,0.78,1.0,0.9969416784552428,imgnet,resnet34,ALL,78.0,100.0
aa,imgnet_resnet34_EFS,2000,1226,1226,0.613,1.0,0.9771439463726652,imgnet,resnet34,EFS,61.3,100.0
aa,imgnet_resnet34_FE,2000,1018,1013,0.509,0.9950884086444008,0.4349645271323527,imgnet,resnet34,FE,50.9,99.50884086444009
aa,imgnet_resnet34_FR,2000,1254,1241,0.627,0.9896331738437002,0.7857997014203615,imgnet,resnet34,FR,62.7,98.96331738437001
aa,imgnet_resnet34_FS,2000,1612,1612,0.806,1.0,0.87421201385798,imgnet,resnet34,FS,80.60000000000001,100.0
aa,imgnet_swin_ALL,2000,1784,1784,0.892,1.0,0.9857885323962212,imgnet,swin,ALL,89.2,100.0
aa,imgnet_swin_EFS,2000,1355,1355,0.6775,1.0,0.8792966528069701,imgnet,swin,EFS,67.75,100.0
aa,imgnet_swin_FE,2000,934,934,0.467,1.0,0.6549647094939061,imgnet,swin,FE,46.7,100.0
aa,imgnet_swin_FR,2000,1326,1326,0.663,1.0,0.8718314011664581,imgnet,swin,FR,66.3,100.0
aa,imgnet_swin_FS,2000,1596,1596,0.798,1.0,0.6776726210764286,imgnet,swin,FS,79.80000000000001,100.0
aa,imgnet_vit_ALL,2000,1941,1941,0.9705,1.0,0.9999370282154496,imgnet,vit,ALL,97.05,100.0
aa,imgnet_vit_EFS,2000,1440,1440,0.72,1.0,0.9659831591378256,imgnet,vit,EFS,72.0,100.0
aa,imgnet_vit_FE,2000,1061,1061,0.5305,1.0,0.7863052586607172,imgnet,vit,FE,53.05,100.0
aa,imgnet_vit_FR,2000,1127,1127,0.5635,1.0,0.9454370533821188,imgnet,vit,FR,56.35,100.0
aa,imgnet_vit_FS,2000,1192,1192,0.596,1.0,0.9564143389277012,imgnet,vit,FS,59.599999999999994,100.0
aa,imgnet_xception_ALL,2000,1817,1817,0.9085,1.0,0.9997463491701726,imgnet,xception,ALL,90.85,100.0
aa,imgnet_xception_EFS,2000,1625,1625,0.8125,1.0,0.7839704453807611,imgnet,xception,EFS,81.25,100.0
aa,imgnet_xception_FE,2000,1327,1327,0.6635,1.0,0.4708699546098153,imgnet,xception,FE,66.35,100.0
aa,imgnet_xception_FR,2000,1624,1624,0.812,1.0,0.7541657228554998,imgnet,xception,FR,81.2,100.0
aa,imgnet_xception_FS,2000,1772,1772,0.886,1.0,0.9342843849389328,imgnet,xception,FS,88.6,100.0
cw_eot,fr_deit_ALL,2000,1407,1407,0.7035,1.0,0.3763468297199738,fr,deit,ALL,70.35,100.0
cw_eot,fr_deit_EFS,2000,933,933,0.4665,1.0,0.7678448314452094,fr,deit,EFS,46.650000000000006,100.0
cw_eot,fr_deit_FE,2000,1416,1416,0.708,1.0,0.6906543916150024,fr,deit,FE,70.8,100.0
cw_eot,fr_deit_FR,2000,1032,1032,0.516,1.0,0.5952674010118773,fr,deit,FR,51.6,100.0
cw_eot,fr_deit_FS,2000,999,999,0.4995,1.0,0.5482114955439821,fr,deit,FS,49.95,100.0
cw_eot,fr_efficientnetb4_ALL,2000,1215,1215,0.6075,1.0,0.4590869294885745,fr,efficientnetb4,ALL,60.75000000000001,100.0
cw_eot,fr_efficientnetb4_EFS,2000,849,843,0.4245,0.9929328621908128,0.5534805841832842,fr,efficientnetb4,EFS,42.449999999999996,99.29328621908128
cw_eot,fr_efficientnetb4_FE,2000,680,680,0.34,1.0,0.5118061209146296,fr,efficientnetb4,FE,34.0,100.0
cw_eot,fr_efficientnetb4_FR,2000,656,656,0.328,1.0,0.7284921250396931,fr,efficientnetb4,FR,32.800000000000004,100.0
cw_eot,fr_efficientnetb4_FS,2000,1540,1540,0.77,1.0,0.2725477853233551,fr,efficientnetb4,FS,77.0,100.0
cw_eot,fr_resnet34_ALL,2000,1318,1318,0.659,1.0,0.4431256460130486,fr,resnet34,ALL,65.9,100.0
cw_eot,fr_resnet34_EFS,2000,698,698,0.349,1.0,0.3553429375319904,fr,resnet34,EFS,34.9,100.0
cw_eot,fr_resnet34_FE,2000,1399,1399,0.6995,1.0,0.3226481249650476,fr,resnet34,FE,69.95,100.0
cw_eot,fr_resnet34_FR,2000,1161,1161,0.5805,1.0,0.376120526250532,fr,resnet34,FR,58.050000000000004,100.0
cw_eot,fr_resnet34_FS,2000,1107,1107,0.5535,1.0,0.8297434881289154,fr,resnet34,FS,55.35,100.0
cw_eot,fr_swin_ALL,2000,1351,1351,0.6755,1.0,0.3880240661977927,fr,swin,ALL,67.55,100.0
cw_eot,fr_swin_EFS,2000,1171,1171,0.5855,1.0,0.5508152465602458,fr,swin,EFS,58.550000000000004,100.0
cw_eot,fr_swin_FE,2000,967,967,0.4835,1.0,0.4537297341175138,fr,swin,FE,48.35,100.0
cw_eot,fr_swin_FR,2000,984,984,0.492,1.0,0.4779869295293238,fr,swin,FR,49.2,100.0
cw_eot,fr_swin_FS,2000,557,557,0.2785,1.0,0.3421676887108993,fr,swin,FS,27.85,100.0
cw_eot,fr_vit_ALL,2000,1891,1879,0.9455,0.9936541512427288,0.2218353599861524,fr,vit,ALL,94.55,99.36541512427289
cw_eot,fr_vit_EFS,2000,1045,1045,0.5225,1.0,0.5998366647074668,fr,vit,EFS,52.25,100.0
cw_eot,fr_vit_FE,2000,1296,1296,0.648,1.0,0.7149525017820013,fr,vit,FE,64.8,100.0
cw_eot,fr_vit_FR,2000,743,742,0.3715,0.9986541049798116,0.4023809329898649,fr,vit,FR,37.15,99.86541049798116
cw_eot,fr_vit_FS,2000,1705,1705,0.8525,1.0,0.4362746964102267,fr,vit,FS,85.25,100.0
cw_eot,fr_xception_ALL,2000,1699,1682,0.8495,0.9899941141848146,0.4381326241237827,fr,xception,ALL,84.95,98.99941141848146
cw_eot,fr_xception_EFS,2000,1190,1190,0.595,1.0,0.4650713701208098,fr,xception,EFS,59.5,100.0
cw_eot,fr_xception_FE,2000,1054,1054,0.527,1.0,0.5257891789623436,fr,xception,FE,52.7,100.0
cw_eot,fr_xception_FR,2000,1134,1132,0.567,0.9982363315696648,0.9116338198280836,fr,xception,FR,56.699999999999996,99.82363315696648
cw_eot,fr_xception_FS,2000,1155,1155,0.5775,1.0,0.3735313003455405,fr,xception,FS,57.75,100.0
cw_eot,imgnet_deit_ALL,2000,1653,1653,0.8265,1.0,0.9637668372827836,imgnet,deit,ALL,82.65,100.0
cw_eot,imgnet_deit_EFS,2000,1281,1281,0.6405,1.0,0.8434227946509552,imgnet,deit,EFS,64.05,100.0
cw_eot,imgnet_deit_FE,2000,1100,1100,0.55,1.0,0.702459940202349,imgnet,deit,FE,55.00000000000001,100.0
cw_eot,imgnet_deit_FR,2000,885,885,0.4425,1.0,0.9874860283875178,imgnet,deit,FR,44.25,100.0
cw_eot,imgnet_deit_FS,2000,1309,1309,0.6545,1.0,0.7825340316417457,imgnet,deit,FS,65.45,100.0
cw_eot,imgnet_efficientnetb4_ALL,2000,1886,1886,0.943,1.0,0.907444022398508,imgnet,efficientnetb4,ALL,94.3,100.0
cw_eot,imgnet_efficientnetb4_EFS,2000,1458,1458,0.729,1.0,0.9587875291594424,imgnet,efficientnetb4,EFS,72.89999999999999,100.0
cw_eot,imgnet_efficientnetb4_FE,2000,1415,1415,0.7075,1.0,0.7014225058429837,imgnet,efficientnetb4,FE,70.75,100.0
cw_eot,imgnet_efficientnetb4_FR,2000,1251,1251,0.6255,1.0,0.8418373259151672,imgnet,efficientnetb4,FR,62.55,100.0
cw_eot,imgnet_efficientnetb4_FS,2000,1895,1895,0.9475,1.0,0.8317259902553039,imgnet,efficientnetb4,FS,94.75,100.0
cw_eot,imgnet_resnet34_ALL,2000,1560,1560,0.78,1.0,0.9801313197935864,imgnet,resnet34,ALL,78.0,100.0
cw_eot,imgnet_resnet34_EFS,2000,1226,1226,0.613,1.0,0.9693953161153308,imgnet,resnet34,EFS,61.3,100.0
cw_eot,imgnet_resnet34_FE,2000,1019,1019,0.5095,1.0,0.4357847781460838,imgnet,resnet34,FE,50.949999999999996,100.0
cw_eot,imgnet_resnet34_FR,2000,1253,1253,0.6265,1.0,0.7912616910297473,imgnet,resnet34,FR,62.64999999999999,100.0
cw_eot,imgnet_resnet34_FS,2000,1612,1612,0.806,1.0,0.859850463109974,imgnet,resnet34,FS,80.60000000000001,100.0
cw_eot,imgnet_swin_ALL,2000,1784,1784,0.892,1.0,0.9816616740481467,imgnet,swin,ALL,89.2,100.0
cw_eot,imgnet_swin_EFS,2000,1355,1355,0.6775,1.0,0.8600705214171255,imgnet,swin,EFS,67.75,100.0
cw_eot,imgnet_swin_FE,2000,934,934,0.467,1.0,0.6548282456350665,imgnet,swin,FE,46.7,100.0
cw_eot,imgnet_swin_FR,2000,1326,1326,0.663,1.0,0.8716291073578759,imgnet,swin,FR,66.3,100.0
cw_eot,imgnet_swin_FS,2000,1596,1596,0.798,1.0,0.6746797265334231,imgnet,swin,FS,79.80000000000001,100.0
cw_eot,imgnet_vit_ALL,2000,1941,1941,0.9705,1.0,0.9929067368010994,imgnet,vit,ALL,97.05,100.0
cw_eot,imgnet_vit_EFS,2000,1440,1440,0.72,1.0,0.820404071164214,imgnet,vit,EFS,72.0,100.0
cw_eot,imgnet_vit_FE,2000,1060,1060,0.53,1.0,0.7860785725141984,imgnet,vit,FE,53.0,100.0
cw_eot,imgnet_vit_FR,2000,1125,1125,0.5625,1.0,0.9449027190969984,imgnet,vit,FR,56.25,100.0
cw_eot,imgnet_vit_FS,2000,1192,1192,0.596,1.0,0.9302528781613028,imgnet,vit,FS,59.599999999999994,100.0
cw_eot,imgnet_xception_ALL,2000,1816,1816,0.908,1.0,0.9501679316832988,imgnet,xception,ALL,90.8,100.0
cw_eot,imgnet_xception_EFS,2000,1624,1624,0.812,1.0,0.7783456914372804,imgnet,xception,EFS,81.2,100.0
cw_eot,imgnet_xception_FE,2000,1328,1328,0.664,1.0,0.4700898560303754,imgnet,xception,FE,66.4,100.0
cw_eot,imgnet_xception_FR,2000,1623,1623,0.8115,1.0,0.7350070604281839,imgnet,xception,FR,81.15,100.0
cw_eot,imgnet_xception_FS,2000,1772,1772,0.886,1.0,0.861587651345656,imgnet,xception,FS,88.6,100.0
