omitted_node,estimate,num_rows_remaining,change_from_full
fr_deit_EFS,0.18903887101141875,2162,-0.0012443119980914408
fr_deit_FE,0.18861513147920558,2162,-0.0016680515303046095
fr_deit_FR,0.19301744448526414,2162,0.002734261475753952
fr_deit_FS,0.19046128506215226,2162,0.00017810205264207069
fr_efficientnetb4_EFS,0.19015761853090918,2162,-0.0001255644786010146
fr_efficientnetb4_FE,0.19086284736519996,2162,0.0005796643556897629
fr_efficientnetb4_FR,0.19041293086781444,2162,0.00012974785830424662
fr_efficientnetb4_FS,0.18969933527411714,2162,-0.0005838477353930505
fr_resnet34_EFS,0.18940023084900195,2162,-0.000882952160508238
fr_resnet34_FE,0.19521935853153968,2162,0.00493617552202949
fr_resnet34_FR,0.18866449752992176,2162,-0.0016186854795884331
fr_resnet34_FS,0.18784864512757732,2162,-0.0024345378819328745
fr_swin_EFS,0.18922301708962186,2162,-0.001060165919888334
fr_swin_FE,0.19262284035210472,2162,0.002339657342594531
fr_swin_FR,0.1898040507120404,2162,-0.000479132297469792
fr_swin_FS,0.18948282388427376,2162,-0.0008003591252364328
fr_vit_EFS,0.1896889870822549,2162,-0.0005941959272552921
fr_vit_FE,0.18941645808370244,2162,-0.0008667249258077492
fr_vit_FR,0.19156273155641823,2162,0.001279548546908038
fr_vit_FS,0.19046455531566522,2162,0.00018137230615503097
fr_xception_EFS,0.1919422769042539,2162,0.0016590938947436962
fr_xception_FE,0.19352657066617965,2162,0.0032433876566694553
fr_xception_FR,0.18735336657044557,2162,-0.0029298164390646197
fr_xception_FS,0.18831051789716158,2162,-0.001972665112348615
imgnet_deit_EFS,0.1936924350497326,2162,0.0034092520402224102
imgnet_deit_FE,0.19558763687782826,2162,0.005304453868318071
imgnet_deit_FR,0.18416002679941396,2162,-0.006123156210096237
imgnet_deit_FS,0.18769263331106595,2162,-0.0025905496984442444
imgnet_efficientnetb4_EFS,0.19224587577681612,2162,0.001962692767305929
imgnet_efficientnetb4_FE,0.1948119998292948,2162,0.00452881681978462
imgnet_efficientnetb4_FR,0.18313407887403915,2162,-0.0071491041354710405
imgnet_efficientnetb4_FS,0.1909407775578907,2162,0.000657594548380519
imgnet_resnet34_EFS,0.1905452716722111,2162,0.0002620886627009156
imgnet_resnet34_FE,0.19647385706674983,2162,0.006190674057239637
imgnet_resnet34_FR,0.18505369763445323,2162,-0.005229485375056964
imgnet_resnet34_FS,0.1890599056646266,2162,-0.0012232773448835887
imgnet_swin_EFS,0.19143957871228504,2162,0.0011563957027748428
imgnet_swin_FE,0.1970890054959781,2162,0.006805822486467911
imgnet_swin_FR,0.18806749972795478,2162,-0.002215683281555414
imgnet_swin_FS,0.1845366481018229,2162,-0.005746534907687284
imgnet_vit_EFS,0.19278964416757854,2162,0.0025064611580683516
imgnet_vit_FE,0.19776635464525155,2162,0.007483171635741359
imgnet_vit_FR,0.18594556883858343,2162,-0.004337614170926762
imgnet_vit_FS,0.18463116438662722,2162,-0.005652018622882976
imgnet_xception_EFS,0.18788180185845427,2162,-0.0024013811510559258
imgnet_xception_FE,0.19296102953068298,2162,0.002677846521172783
imgnet_xception_FR,0.18929223976470577,2162,-0.0009909432448044209
imgnet_xception_FS,0.1909976608841977,2162,0.000714477874687508
