"target_model","target_threshold","aggregation","oracle_rule_json","num_eligible_adv_rows","num_unique_images_with_candidates","mean_candidates_per_image","min_candidates_per_image","max_candidates_per_image","num_samples","clean_acc","adv_acc","asr","avg_prob_drop_clean_correct","median_prob_drop_clean_correct","avg_prob_drop_top10_conf","median_prob_drop_top10_conf","top10_conf_clean_acc","num_top10_conf","avg_prob_drop_all","median_prob_drop_all","avg_prob_drop_success","median_prob_drop_success","num_clean_correct","num_adv_correct","num_success"
"imgnet_xception_ALL","0.996","oracle_worst_min_prob_fake","{""exclude_attack_name_contains"": [], ""exclude_origin_contains"": [], ""exclude_origin_keys"": [], ""exclude_origin_models"": [""clip""], ""exclude_same_architecture"": true, ""exclude_same_training_data"": true, ""exclude_self_origin"": true, ""exclude_source_groups"": [], ""exclude_train_tags_as_source"": [""ALL""]}","160000","2000","80.0","80","80","2000","0.908","0.0","1.0","0.8999360697466753","0.9816450644284487","0.8610620536417991","0.9469230156391859","1.0","200","0.8910094317952166","0.9787790263071656","0.8999360697466753","0.9816450644284487","1816","0","1816"
"imgnet_xception_EFS","0.09","oracle_worst_min_prob_fake","{""exclude_attack_name_contains"": [], ""exclude_origin_contains"": [], ""exclude_origin_keys"": [], ""exclude_origin_models"": [""clip""], ""exclude_same_architecture"": true, ""exclude_same_training_data"": true, ""exclude_self_origin"": true, ""exclude_source_groups"": [], ""exclude_train_tags_as_source"": [""ALL""]}","120000","2000","60.0","60","60","2000","0.812","0.102","0.874384236453202","0.7312416153623157","0.8613789901137352","0.8945348429126898","0.9666281752288342","1.0","200","0.5980260571020662","0.7761142291128635","0.7363030734530185","0.8923699329607189","1624","204","1420"
"imgnet_xception_FE","0.004","oracle_worst_min_prob_fake","{""exclude_attack_name_contains"": [], ""exclude_origin_contains"": [], ""exclude_origin_keys"": [], ""exclude_origin_models"": [""clip""], ""exclude_same_architecture"": true, ""exclude_same_training_data"": true, ""exclude_self_origin"": true, ""exclude_source_groups"": [], ""exclude_train_tags_as_source"": [""ALL""]}","120000","2000","60.0","60","60","2000","0.664","0.521","0.2289156626506024","0.4156269005704296","0.28687946940772235","0.774747153618373","0.8345531299710274","1.0","200","0.27606799775223956","0.01373456371948123","0.1277985056576175","0.010622787347529083","1328","1042","304"
"imgnet_xception_FR","0.223","oracle_worst_min_prob_fake","{""exclude_attack_name_contains"": [], ""exclude_origin_contains"": [], ""exclude_origin_keys"": [], ""exclude_origin_models"": [""clip""], ""exclude_same_architecture"": true, ""exclude_same_training_data"": true, ""exclude_self_origin"": true, ""exclude_source_groups"": [], ""exclude_train_tags_as_source"": [""ALL""]}","120000","2000","60.0","60","60","2000","0.8115","0.512","0.381392483056069","0.408713014647181","0.39278644323349","0.35341938260942696","0.3190566301345825","1.0","200","0.3331648435894749","0.3186727687716484","0.521423763494716","0.5311513058841228","1623","1024","619"
"imgnet_xception_FS","0.598","oracle_worst_min_prob_fake","{""exclude_attack_name_contains"": [], ""exclude_origin_contains"": [], ""exclude_origin_keys"": [], ""exclude_origin_models"": [""clip""], ""exclude_same_architecture"": true, ""exclude_same_training_data"": true, ""exclude_self_origin"": true, ""exclude_source_groups"": [], ""exclude_train_tags_as_source"": [""ALL""]}","120000","2000","60.0","60","60","2000","0.886","0.0115","0.9870203160270881","0.7513604288795673","0.7837130278348923","0.7542627679882571","0.7928749918937683","1.0","200","0.692506778633222","0.7559412121772766","0.7575460359067568","0.7849392145872116","1772","23","1749"
"imgnet_efficientnetb4_ALL","0.991","oracle_worst_min_prob_fake","{""exclude_attack_name_contains"": [], ""exclude_origin_contains"": [], ""exclude_origin_keys"": [], ""exclude_origin_models"": [""clip""], ""exclude_same_architecture"": true, ""exclude_same_training_data"": true, ""exclude_self_origin"": true, ""exclude_source_groups"": [], ""exclude_train_tags_as_source"": [""ALL""]}","160000","2000","80.0","80","80","2000","0.943","0.0675","0.9284199363732768","0.31964906976055324","0.19863376021385193","0.11675506971776485","0.036596983671188354","1.0","200","0.33576563245347324","0.218183696269989","0.34397080547671216","0.23725813627243042","1886","135","1751"
"imgnet_efficientnetb4_EFS","0.849","oracle_worst_min_prob_fake","{""exclude_attack_name_contains"": [], ""exclude_origin_contains"": [], ""exclude_origin_keys"": [], ""exclude_origin_models"": [""clip""], ""exclude_same_architecture"": true, ""exclude_same_training_data"": true, ""exclude_self_origin"": true, ""exclude_source_groups"": [], ""exclude_train_tags_as_source"": [""ALL""]}","120000","2000","60.0","60","60","2000","0.729","0.2135","0.7071330589849109","0.3975393941430889","0.3603523075580597","0.17764708425849676","0.06837686896324158","1.0","200","0.3561319702621367","0.30515339970588684","0.5397225973412786","0.5127886235713959","1458","427","1031"
"imgnet_efficientnetb4_FE","0.063","oracle_worst_min_prob_fake","{""exclude_attack_name_contains"": [], ""exclude_origin_contains"": [], ""exclude_origin_keys"": [], ""exclude_origin_models"": [""clip""], ""exclude_same_architecture"": true, ""exclude_same_training_data"": true, ""exclude_self_origin"": true, ""exclude_source_groups"": [], ""exclude_train_tags_as_source"": [""ALL""]}","120000","2000","60.0","60","60","2000","0.7075","0.3815","0.4607773851590106","0.5003416891454953","0.5372313261032104","0.4071143007092178","0.38532790541648865","1.0","200","0.3579535353257379","0.24012891203165054","0.43854446839676897","0.3519197544082999","1415","763","652"
"imgnet_efficientnetb4_FR","0.128","oracle_worst_min_prob_fake","{""exclude_attack_name_contains"": [], ""exclude_origin_contains"": [], ""exclude_origin_keys"": [], ""exclude_origin_models"": [""clip""], ""exclude_same_architecture"": true, ""exclude_same_training_data"": true, ""exclude_self_origin"": true, ""exclude_source_groups"": [], ""exclude_train_tags_as_source"": [""ALL""]}","120000","2000","60.0","60","60","2000","0.6255","0.2635","0.5787370103916867","0.6205632645170511","0.7060858905315399","0.41047441212576813","0.379110723733902","1.0","200","0.3924902291121367","0.27297067851759493","0.7305339155370931","0.8747980408370495","1251","527","724"
"imgnet_efficientnetb4_FS","0.077","oracle_worst_min_prob_fake","{""exclude_attack_name_contains"": [], ""exclude_origin_contains"": [], ""exclude_origin_keys"": [], ""exclude_origin_models"": [""clip""], ""exclude_same_architecture"": true, ""exclude_same_training_data"": true, ""exclude_self_origin"": true, ""exclude_source_groups"": [], ""exclude_train_tags_as_source"": [""ALL""]}","120000","2000","60.0","60","60","2000","0.9475","0.6115","0.3546174142480211","0.5847248360946898","0.6134661585092545","0.5687543045030907","0.5509332567453384","1.0","200","0.554858641031984","0.5884791174903512","0.6708936528412951","0.7823126874864101","1895","1223","672"
"imgnet_resnet34_ALL","0.966","oracle_worst_min_prob_fake","{""exclude_attack_name_contains"": [], ""exclude_origin_contains"": [], ""exclude_origin_keys"": [], ""exclude_origin_models"": [""clip""], ""exclude_same_architecture"": true, ""exclude_same_training_data"": true, ""exclude_self_origin"": true, ""exclude_source_groups"": [], ""exclude_train_tags_as_source"": [""ALL""]}","160000","2000","80.0","80","80","2000","0.78","0.038","0.9512820512820512","0.8135214019962661","0.9277671799063683","0.5800604675966315","0.7472240328788757","1.0","200","0.7626338297036018","0.8994765970855951","0.8548829572696462","0.93370071798563","1560","76","1484"
"imgnet_resnet34_EFS","0.785","oracle_worst_min_prob_fake","{""exclude_attack_name_contains"": [], ""exclude_origin_contains"": [], ""exclude_origin_keys"": [], ""exclude_origin_models"": [""clip""], ""exclude_same_architecture"": true, ""exclude_same_training_data"": true, ""exclude_self_origin"": true, ""exclude_source_groups"": [], ""exclude_train_tags_as_source"": [""ALL""]}","120000","2000","60.0","60","60","2000","0.613","0.1625","0.734910277324633","0.5276771005254268","0.5962422490119934","0.3635152990138158","0.3003782629966736","1.0","200","0.3922067498330957","0.3288603387773037","0.6937048704166753","0.7540613412857056","1226","325","901"
"imgnet_resnet34_FE","0.001","oracle_worst_min_prob_fake","{""exclude_attack_name_contains"": [], ""exclude_origin_contains"": [], ""exclude_origin_keys"": [], ""exclude_origin_models"": [""clip""], ""exclude_same_architecture"": true, ""exclude_same_training_data"": true, ""exclude_self_origin"": true, ""exclude_source_groups"": [], ""exclude_train_tags_as_source"": [""ALL""]}","120000","2000","60.0","60","60","2000","0.5095","0.3635","0.28655544651619236","0.35876977138993277","0.17552471160888672","0.7012920145189855","0.8249474987387657","1.0","200","0.1828219236192615","0.0005731277087761555","0.09204833822210674","0.012127400463214144","1019","727","292"
"imgnet_resnet34_FR","0.168","oracle_worst_min_prob_fake","{""exclude_attack_name_contains"": [], ""exclude_origin_contains"": [], ""exclude_origin_keys"": [], ""exclude_origin_models"": [""clip""], ""exclude_same_architecture"": true, ""exclude_same_training_data"": true, ""exclude_self_origin"": true, ""exclude_source_groups"": [], ""exclude_train_tags_as_source"": [""ALL""]}","120000","2000","60.0","60","60","2000","0.6265","0.3245","0.4828411811652035","0.47530065823334483","0.4967789649963379","0.26142659517354333","0.0743633508682251","1.0","200","0.3035832409494542","0.16367071866989136","0.6011809470563019","0.6561069637537003","1253","649","605"
"imgnet_resnet34_FS","0.4","oracle_worst_min_prob_fake","{""exclude_attack_name_contains"": [], ""exclude_origin_contains"": [], ""exclude_origin_keys"": [], ""exclude_origin_models"": [""clip""], ""exclude_same_architecture"": true, ""exclude_same_training_data"": true, ""exclude_self_origin"": true, ""exclude_source_groups"": [], ""exclude_train_tags_as_source"": [""ALL""]}","120000","2000","60.0","60","60","2000","0.806","0.2655","0.6705955334987593","0.5604251668833701","0.5793767422437668","0.4836234153015539","0.48919054865837097","1.0","200","0.47420230025108323","0.48771272599697113","0.6781154734266243","0.6913858950138092","1612","531","1081"
"imgnet_deit_ALL","0.999","oracle_worst_min_prob_fake","{""exclude_attack_name_contains"": [], ""exclude_origin_contains"": [], ""exclude_origin_keys"": [], ""exclude_origin_models"": [""clip""], ""exclude_same_architecture"": true, ""exclude_same_training_data"": true, ""exclude_self_origin"": true, ""exclude_source_groups"": [], ""exclude_train_tags_as_source"": [""ALL""]}","160000","2000","80.0","80","80","2000","0.8265","0.0235","0.9715668481548699","0.7347175748821453","0.9636926576495171","0.36799980896330453","0.12208840250968933","1.0","200","0.7317105178190527","0.9608675111085176","0.7562104249233758","0.969339826144278","1653","47","1606"
"imgnet_deit_EFS","0.342","oracle_worst_min_prob_fake","{""exclude_attack_name_contains"": [], ""exclude_origin_contains"": [], ""exclude_origin_keys"": [], ""exclude_origin_models"": [""clip""], ""exclude_same_architecture"": true, ""exclude_same_training_data"": true, ""exclude_self_origin"": true, ""exclude_source_groups"": [], ""exclude_train_tags_as_source"": [""ALL""]}","120000","2000","60.0","60","60","2000","0.6405","0.3285","0.48711943793911006","0.4833505727484485","0.48680922389030457","0.41161180689930915","0.3826386332511902","1.0","200","0.3236213425411843","0.2865758240222931","0.6076444573461627","0.665057361125946","1281","657","624"
"imgnet_deit_FE","0.017","oracle_worst_min_prob_fake","{""exclude_attack_name_contains"": [], ""exclude_origin_contains"": [], ""exclude_origin_keys"": [], ""exclude_origin_models"": [""clip""], ""exclude_same_architecture"": true, ""exclude_same_training_data"": true, ""exclude_self_origin"": true, ""exclude_source_groups"": [], ""exclude_train_tags_as_source"": [""ALL""]}","120000","2000","60.0","60","60","2000","0.55","0.3655","0.33545454545454545","0.48208922087738754","0.49545963667333126","0.31008105155080556","0.24732491374015808","1.0","200","0.26565984494220174","0.021730600390583277","0.36204532331766226","0.1953746797516942","1100","731","369"
"imgnet_deit_FR","0.913","oracle_worst_min_prob_fake","{""exclude_attack_name_contains"": [], ""exclude_origin_contains"": [], ""exclude_origin_keys"": [], ""exclude_origin_models"": [""clip""], ""exclude_same_architecture"": true, ""exclude_same_training_data"": true, ""exclude_self_origin"": true, ""exclude_source_groups"": [], ""exclude_train_tags_as_source"": [""ALL""]}","120000","2000","60.0","60","60","2000","0.4425","0.197","0.5548022598870056","0.3990474473448578","0.19353365898132324","0.09948120983317495","0.001291811466217041","1.0","200","0.23968852223661133","0.009563675645040348","0.7099659586441585","0.8499372154474258","885","394","491"
"imgnet_deit_FS","0.436","oracle_worst_min_prob_fake","{""exclude_attack_name_contains"": [], ""exclude_origin_contains"": [], ""exclude_origin_keys"": [], ""exclude_origin_models"": [""clip""], ""exclude_same_architecture"": true, ""exclude_same_training_data"": true, ""exclude_self_origin"": true, ""exclude_source_groups"": [], ""exclude_train_tags_as_source"": [""ALL""]}","120000","2000","60.0","60","60","2000","0.6545","0.163","0.7509549274255156","0.5175227127062844","0.519946001470089","0.5309313852991909","0.515802189707756","1.0","200","0.37523354523582386","0.3614059993997216","0.5919090353458407","0.604702778160572","1309","326","983"
"imgnet_swin_ALL","0.846","oracle_worst_min_prob_fake","{""exclude_attack_name_contains"": [], ""exclude_origin_contains"": [], ""exclude_origin_keys"": [], ""exclude_origin_models"": [""clip""], ""exclude_same_architecture"": true, ""exclude_same_training_data"": true, ""exclude_self_origin"": true, ""exclude_source_groups"": [], ""exclude_train_tags_as_source"": [""ALL""]}","160000","2000","80.0","80","80","2000","0.892","0.1185","0.867152466367713","0.6825897417676211","0.839511277154088","0.2820883288607001","0.03984475135803223","1.0","200","0.6677554406713462","0.7964190617203712","0.780894555312051","0.8783408850431442","1784","237","1547"
"imgnet_swin_EFS","0.304","oracle_worst_min_prob_fake","{""exclude_attack_name_contains"": [], ""exclude_origin_contains"": [], ""exclude_origin_keys"": [], ""exclude_origin_models"": [""clip""], ""exclude_same_architecture"": true, ""exclude_same_training_data"": true, ""exclude_self_origin"": true, ""exclude_source_groups"": [], ""exclude_train_tags_as_source"": [""ALL""]}","120000","2000","60.0","60","60","2000","0.6775","0.1515","0.7763837638376384","0.6693462030102956","0.7394464761018753","0.5588455194979907","0.5934651046991348","1.0","200","0.47394988893764095","0.5083353333175182","0.7449920397666159","0.8052485287189484","1355","303","1052"
"imgnet_swin_FE","0.001","oracle_worst_min_prob_fake","{""exclude_attack_name_contains"": [], ""exclude_origin_contains"": [], ""exclude_origin_keys"": [], ""exclude_origin_models"": [""clip""], ""exclude_same_architecture"": true, ""exclude_same_training_data"": true, ""exclude_self_origin"": true, ""exclude_source_groups"": [], ""exclude_train_tags_as_source"": [""ALL""]}","120000","2000","60.0","60","60","2000","0.467","0.3725","0.20235546038543897","0.27673113857286513","0.02603589225327596","0.04055266918381676","0.0010235309600830078","1.0","200","0.12926868674822617","0.00017790094716474414","0.08564005658509723","0.003867417457513511","934","745","189"
"imgnet_swin_FR","0.045","oracle_worst_min_prob_fake","{""exclude_attack_name_contains"": [], ""exclude_origin_contains"": [], ""exclude_origin_keys"": [], ""exclude_origin_models"": [""clip""], ""exclude_same_architecture"": true, ""exclude_same_training_data"": true, ""exclude_self_origin"": true, ""exclude_source_groups"": [], ""exclude_train_tags_as_source"": [""ALL""]}","120000","2000","60.0","60","60","2000","0.663","0.3355","0.4939668174962293","0.4902747516642312","0.4642705549922539","0.1404236858198419","0.0008183717727661133","1.0","200","0.3264372173841257","0.026478439569473267","0.7548833023870047","0.9719520639628172","1326","671","655"
"imgnet_swin_FS","0.069","oracle_worst_min_prob_fake","{""exclude_attack_name_contains"": [], ""exclude_origin_contains"": [], ""exclude_origin_keys"": [], ""exclude_origin_models"": [""clip""], ""exclude_same_architecture"": true, ""exclude_same_training_data"": true, ""exclude_self_origin"": true, ""exclude_source_groups"": [], ""exclude_train_tags_as_source"": [""ALL""]}","120000","2000","60.0","60","60","2000","0.798","0.21","0.7368421052631579","0.5896845138021967","0.678313129581511","0.7198276068689302","0.8682334423065186","1.0","200","0.47516649110382425","0.469794693402946","0.5783147713447426","0.6610192265361547","1596","420","1176"
"imgnet_vit_ALL","0.994","oracle_worst_min_prob_fake","{""exclude_attack_name_contains"": [], ""exclude_origin_contains"": [], ""exclude_origin_keys"": [], ""exclude_origin_models"": [""clip""], ""exclude_same_architecture"": true, ""exclude_same_training_data"": true, ""exclude_self_origin"": true, ""exclude_source_groups"": [], ""exclude_train_tags_as_source"": [""ALL""]}","160000","2000","80.0","80","80","2000","0.9705","0.2435","0.7490984028851108","0.34969456508596863","0.13053089380264282","0.06030755450949073","0.0002455711364746094","1.0","200","0.3578091136049934","0.14701271057128906","0.4664144265951276","0.4188472032546997","1941","487","1454"
"imgnet_vit_EFS","0.727","oracle_worst_min_prob_fake","{""exclude_attack_name_contains"": [], ""exclude_origin_contains"": [], ""exclude_origin_keys"": [], ""exclude_origin_models"": [""clip""], ""exclude_same_architecture"": true, ""exclude_same_training_data"": true, ""exclude_self_origin"": true, ""exclude_source_groups"": [], ""exclude_train_tags_as_source"": [""ALL""]}","120000","2000","60.0","60","60","2000","0.72","0.388","0.46111111111111114","0.2544941746526294","0.21765628457069397","0.051072882562875746","0.027915745973587036","1.0","200","0.22167360100522637","0.1741865575313568","0.4392213632902467","0.43148091435432434","1440","776","664"
"imgnet_vit_FE","0.012","oracle_worst_min_prob_fake","{""exclude_attack_name_contains"": [], ""exclude_origin_contains"": [], ""exclude_origin_keys"": [], ""exclude_origin_models"": [""clip""], ""exclude_same_architecture"": true, ""exclude_same_training_data"": true, ""exclude_self_origin"": true, ""exclude_source_groups"": [], ""exclude_train_tags_as_source"": [""ALL""]}","120000","2000","60.0","60","60","2000","0.53","0.3655","0.310377358490566","0.4662795092917392","0.41880540316924453","0.1607869259233121","0.04080307483673096","1.0","200","0.24751184843403098","0.0075515530770644546","0.4259357395771032","0.25808219984173775","1060","731","329"
"imgnet_vit_FR","0.41200000000000003","oracle_worst_min_prob_fake","{""exclude_attack_name_contains"": [], ""exclude_origin_contains"": [], ""exclude_origin_keys"": [], ""exclude_origin_models"": [""clip""], ""exclude_same_architecture"": true, ""exclude_same_training_data"": true, ""exclude_self_origin"": true, ""exclude_source_groups"": [], ""exclude_train_tags_as_source"": [""ALL""]}","120000","2000","60.0","60","60","2000","0.5625","0.3845","0.3164444444444444","0.30844491923600437","0.16113853454589844","0.013542816787958146","2.6464462280273438e-05","1.0","200","0.18156918510335163","0.005248838831903413","0.7224831111294877","0.7501650229096413","1125","769","356"
"imgnet_vit_FS","0.74","oracle_worst_min_prob_fake","{""exclude_attack_name_contains"": [], ""exclude_origin_contains"": [], ""exclude_origin_keys"": [], ""exclude_origin_models"": [""clip""], ""exclude_same_architecture"": true, ""exclude_same_training_data"": true, ""exclude_self_origin"": true, ""exclude_source_groups"": [], ""exclude_train_tags_as_source"": [""ALL""]}","120000","2000","60.0","60","60","2000","0.596","0.239","0.5989932885906041","0.36310870607692947","0.3287045359611511","0.19164918132126332","0.10341137647628784","1.0","200","0.27912388527416626","0.19921517372131348","0.5432170921224443","0.5339633524417877","1192","478","714"
"fr_xception_ALL","0.834","oracle_worst_min_prob_fake","{""exclude_attack_name_contains"": [], ""exclude_origin_contains"": [], ""exclude_origin_keys"": [], ""exclude_origin_models"": [""clip""], ""exclude_same_architecture"": true, ""exclude_same_training_data"": true, ""exclude_self_origin"": true, ""exclude_source_groups"": [], ""exclude_train_tags_as_source"": [""ALL""]}","160000","2000","80.0","80","80","2000","0.8495","0.0335","0.9605650382577987","0.41025495430944664","0.4500136971473694","0.364240779876709","0.4752042293548584","1.0","200","0.3748812935948372","0.4336087703704834","0.42513888135698497","0.4521983861923218","1699","67","1632"
"fr_xception_EFS","0.707","oracle_worst_min_prob_fake","{""exclude_attack_name_contains"": [], ""exclude_origin_contains"": [], ""exclude_origin_keys"": [], ""exclude_origin_models"": [""clip""], ""exclude_same_architecture"": true, ""exclude_same_training_data"": true, ""exclude_self_origin"": true, ""exclude_source_groups"": [], ""exclude_train_tags_as_source"": [""ALL""]}","120000","2000","60.0","60","60","2000","0.595","0.205","0.6554621848739496","0.23496404558169742","0.2426447868347168","0.11584678262472153","0.058252036571502686","1.0","200","0.17891072918474674","0.15325382351875305","0.2944930803699371","0.2999808192253113","1190","410","780"
"fr_xception_FE","0.001","oracle_worst_min_prob_fake","{""exclude_attack_name_contains"": [], ""exclude_origin_contains"": [], ""exclude_origin_keys"": [], ""exclude_origin_models"": [""clip""], ""exclude_same_architecture"": true, ""exclude_same_training_data"": true, ""exclude_self_origin"": true, ""exclude_source_groups"": [], ""exclude_train_tags_as_source"": [""ALL""]}","120000","2000","60.0","60","60","2000","0.527","0.281","0.4667931688804554","0.3576682648131895","0.09305339187267236","0.2862983097182587","0.09700146317481995","1.0","200","0.18854542613048836","0.0008595212964337406","0.22325875612832385","0.012678278842940927","1054","562","492"
"fr_xception_FR","0.9390000000000001","oracle_worst_min_prob_fake","{""exclude_attack_name_contains"": [], ""exclude_origin_contains"": [], ""exclude_origin_keys"": [], ""exclude_origin_models"": [""clip""], ""exclude_same_architecture"": true, ""exclude_same_training_data"": true, ""exclude_self_origin"": true, ""exclude_source_groups"": [], ""exclude_train_tags_as_source"": [""ALL""]}","120000","2000","60.0","60","60","2000","0.567","0.12","0.7883597883597884","0.40758649078468795","0.3497413098812103","0.1815577495098114","0.036750614643096924","1.0","200","0.3568135502287187","0.2896823585033417","0.5129971111014119","0.5030710399150848","1134","240","894"
"fr_xception_FS","0.9380000000000001","oracle_worst_min_prob_fake","{""exclude_attack_name_contains"": [], ""exclude_origin_contains"": [], ""exclude_origin_keys"": [], ""exclude_origin_models"": [""clip""], ""exclude_same_architecture"": true, ""exclude_same_training_data"": true, ""exclude_self_origin"": true, ""exclude_source_groups"": [], ""exclude_train_tags_as_source"": [""ALL""]}","120000","2000","60.0","60","60","2000","0.5775","0.003","0.9948051948051948","0.41060369228903865","0.44751936197280884","0.3788395494222641","0.43615564703941345","1.0","200","0.36960143384337424","0.4033443331718445","0.41257419238098814","0.44770103693008423","1155","6","1149"
"fr_efficientnetb4_ALL","0.989","oracle_worst_min_prob_fake","{""exclude_attack_name_contains"": [], ""exclude_origin_contains"": [], ""exclude_origin_keys"": [], ""exclude_origin_models"": [""clip""], ""exclude_same_architecture"": true, ""exclude_same_training_data"": true, ""exclude_self_origin"": true, ""exclude_source_groups"": [], ""exclude_train_tags_as_source"": [""ALL""]}","160000","2000","80.0","80","80","2000","0.6075","0.0305","0.9497942386831276","0.3233490136057261","0.2981565594673157","0.21763523578643798","0.12225019931793213","1.0","200","0.3623852962851524","0.3518100678920746","0.3403595468639501","0.32073909044265747","1215","61","1154"
"fr_efficientnetb4_EFS","0.466","oracle_worst_min_prob_fake","{""exclude_attack_name_contains"": [], ""exclude_origin_contains"": [], ""exclude_origin_keys"": [], ""exclude_origin_models"": [""clip""], ""exclude_same_architecture"": true, ""exclude_same_training_data"": true, ""exclude_self_origin"": true, ""exclude_source_groups"": [], ""exclude_train_tags_as_source"": [""ALL""]}","120000","2000","60.0","60","60","2000","0.4245","0.148","0.6513545347467609","0.3345650850731955","0.3499632179737091","0.1913996097445488","0.15082907676696777","1.0","200","0.16176544691108286","0.06869378685951233","0.4037472520968947","0.42142951488494873","849","296","553"
"fr_efficientnetb4_FE","0.001","oracle_worst_min_prob_fake","{""exclude_attack_name_contains"": [], ""exclude_origin_contains"": [], ""exclude_origin_keys"": [], ""exclude_origin_models"": [""clip""], ""exclude_same_architecture"": true, ""exclude_same_training_data"": true, ""exclude_self_origin"": true, ""exclude_source_groups"": [], ""exclude_train_tags_as_source"": [""ALL""]}","120000","2000","60.0","60","60","2000","0.34","0.201","0.4088235294117647","0.3964189945517265","0.1303404511709232","0.633877614956582","0.8942098468542099","1.0","200","0.13481052217910475","4.705846367869526e-05","0.14947870788319378","0.005005617160350084","680","402","278"
"fr_efficientnetb4_FR","0.983","oracle_worst_min_prob_fake","{""exclude_attack_name_contains"": [], ""exclude_origin_contains"": [], ""exclude_origin_keys"": [], ""exclude_origin_models"": [""clip""], ""exclude_same_architecture"": true, ""exclude_same_training_data"": true, ""exclude_self_origin"": true, ""exclude_source_groups"": [], ""exclude_train_tags_as_source"": [""ALL""]}","120000","2000","60.0","60","60","2000","0.328","0.089","0.7286585365853658","0.1635953292091627","0.047324538230895996","0.09150690615177154","0.00733262300491333","1.0","200","0.19017389462143183","0.06822595000267029","0.2237279145319841","0.11790555715560913","656","178","478"
"fr_efficientnetb4_FS","0.078","oracle_worst_min_prob_fake","{""exclude_attack_name_contains"": [], ""exclude_origin_contains"": [], ""exclude_origin_keys"": [], ""exclude_origin_models"": [""clip""], ""exclude_same_architecture"": true, ""exclude_same_training_data"": true, ""exclude_self_origin"": true, ""exclude_source_groups"": [], ""exclude_train_tags_as_source"": [""ALL""]}","120000","2000","60.0","60","60","2000","0.77","0.103","0.8662337662337662","0.2518081026272727","0.16685901954770088","0.6985635963454843","0.7008627504110336","1.0","200","0.19526467674411832","0.09063761122524738","0.22092989546203542","0.14362967759370804","1540","206","1334"
"fr_resnet34_ALL","0.981","oracle_worst_min_prob_fake","{""exclude_attack_name_contains"": [], ""exclude_origin_contains"": [], ""exclude_origin_keys"": [], ""exclude_origin_models"": [""clip""], ""exclude_same_architecture"": true, ""exclude_same_training_data"": true, ""exclude_self_origin"": true, ""exclude_source_groups"": [], ""exclude_train_tags_as_source"": [""ALL""]}","160000","2000","80.0","80","80","2000","0.659","0.128","0.8057663125948407","0.06312721162717874","0.044307589530944824","0.0229593825340271","0.01350092887878418","1.0","200","0.07603843885660172","0.05504345893859863","0.0769105243817561","0.05833438038825989","1318","256","1062"
"fr_resnet34_EFS","0.717","oracle_worst_min_prob_fake","{""exclude_attack_name_contains"": [], ""exclude_origin_contains"": [], ""exclude_origin_keys"": [], ""exclude_origin_models"": [""clip""], ""exclude_same_architecture"": true, ""exclude_same_training_data"": true, ""exclude_self_origin"": true, ""exclude_source_groups"": [], ""exclude_train_tags_as_source"": [""ALL""]}","120000","2000","60.0","60","60","2000","0.349","0.2475","0.29083094555873923","0.039588101613828995","0.029419749975204468","0.030060451328754425","0.02355515956878662","1.0","200","0.03294593425095081","0.020571202039718628","0.08053114995580589","0.07301300764083862","698","495","203"
"fr_resnet34_FE","0.145","oracle_worst_min_prob_fake","{""exclude_attack_name_contains"": [], ""exclude_origin_contains"": [], ""exclude_origin_keys"": [], ""exclude_origin_models"": [""clip""], ""exclude_same_architecture"": true, ""exclude_same_training_data"": true, ""exclude_self_origin"": true, ""exclude_source_groups"": [], ""exclude_train_tags_as_source"": [""ALL""]}","120000","2000","60.0","60","60","2000","0.6995","0.298","0.5739814152966405","0.17927654852306443","0.07366582006216049","0.4629560723155737","0.5108455568552017","1.0","200","0.1304791539274156","0.039161309599876404","0.07509011531232451","0.044011980295181274","1399","596","803"
"fr_resnet34_FR","0.732","oracle_worst_min_prob_fake","{""exclude_attack_name_contains"": [], ""exclude_origin_contains"": [], ""exclude_origin_keys"": [], ""exclude_origin_models"": [""clip""], ""exclude_same_architecture"": true, ""exclude_same_training_data"": true, ""exclude_self_origin"": true, ""exclude_source_groups"": [], ""exclude_train_tags_as_source"": [""ALL""]}","120000","2000","60.0","60","60","2000","0.5805","0.1985","0.6580534022394487","0.15183036492673824","0.1557796597480774","0.0949689844250679","0.05461263656616211","1.0","200","0.1162503719329834","0.1022188663482666","0.19780686747341256","0.19679856300354004","1161","397","764"
"fr_resnet34_FS","0.896","oracle_worst_min_prob_fake","{""exclude_attack_name_contains"": [], ""exclude_origin_contains"": [], ""exclude_origin_keys"": [], ""exclude_origin_models"": [""clip""], ""exclude_same_architecture"": true, ""exclude_same_training_data"": true, ""exclude_self_origin"": true, ""exclude_source_groups"": [], ""exclude_train_tags_as_source"": [""ALL""]}","120000","2000","60.0","60","60","2000","0.5535","0.3275","0.4083107497741644","0.026713824422917285","0.021861791610717773","0.02794028162956238","0.024743884801864624","1.0","200","0.03435171248391271","0.021038085222244263","0.040842548276470825","0.03600633144378662","1107","655","452"
"fr_deit_ALL","0.976","oracle_worst_min_prob_fake","{""exclude_attack_name_contains"": [], ""exclude_origin_contains"": [], ""exclude_origin_keys"": [], ""exclude_origin_models"": [""clip""], ""exclude_same_architecture"": true, ""exclude_same_training_data"": true, ""exclude_self_origin"": true, ""exclude_source_groups"": [], ""exclude_train_tags_as_source"": [""ALL""]}","160000","2000","80.0","80","80","2000","0.7035","0.1245","0.8230277185501066","0.06621961713938655","0.05801159143447876","0.014370687007904052","0.006838291883468628","1.0","200","0.08811045543849469","0.07809939980506897","0.07855520403858705","0.06806245446205139","1407","249","1158"
"fr_deit_EFS","0.907","oracle_worst_min_prob_fake","{""exclude_attack_name_contains"": [], ""exclude_origin_contains"": [], ""exclude_origin_keys"": [], ""exclude_origin_models"": [""clip""], ""exclude_same_architecture"": true, ""exclude_same_training_data"": true, ""exclude_self_origin"": true, ""exclude_source_groups"": [], ""exclude_train_tags_as_source"": [""ALL""]}","120000","2000","60.0","60","60","2000","0.4665","0.1545","0.6688102893890675","0.23263985910407983","0.2075493335723877","0.02215327203273773","0.007516682147979736","1.0","200","0.271544108748436","0.2749582529067993","0.3356189524563841","0.33182960748672485","933","309","624"
"fr_deit_FE","0.006","oracle_worst_min_prob_fake","{""exclude_attack_name_contains"": [], ""exclude_origin_contains"": [], ""exclude_origin_keys"": [], ""exclude_origin_models"": [""clip""], ""exclude_same_architecture"": true, ""exclude_same_training_data"": true, ""exclude_self_origin"": true, ""exclude_source_groups"": [], ""exclude_train_tags_as_source"": [""ALL""]}","120000","2000","60.0","60","60","2000","0.708","0.4625","0.3467514124293785","0.313037634172196","0.09859647357370704","0.006640928983688355","0.00030225515365600586","1.0","200","0.2219275123645093","0.012467920780181885","0.26533559141912955","0.09340017335489392","1416","925","491"
"fr_deit_FR","0.964","oracle_worst_min_prob_fake","{""exclude_attack_name_contains"": [], ""exclude_origin_contains"": [], ""exclude_origin_keys"": [], ""exclude_origin_models"": [""clip""], ""exclude_same_architecture"": true, ""exclude_same_training_data"": true, ""exclude_self_origin"": true, ""exclude_source_groups"": [], ""exclude_train_tags_as_source"": [""ALL""]}","120000","2000","60.0","60","60","2000","0.516","0.1325","0.7432170542635659","0.08785669577791709","0.07506111264228821","0.016983175873756407","0.008281558752059937","1.0","200","0.1296335164755583","0.12589499354362488","0.1139149269115816","0.09760361909866333","1032","265","767"
"fr_deit_FS","0.881","oracle_worst_min_prob_fake","{""exclude_attack_name_contains"": [], ""exclude_origin_contains"": [], ""exclude_origin_keys"": [], ""exclude_origin_models"": [""clip""], ""exclude_same_architecture"": true, ""exclude_same_training_data"": true, ""exclude_self_origin"": true, ""exclude_source_groups"": [], ""exclude_train_tags_as_source"": [""ALL""]}","120000","2000","60.0","60","60","2000","0.4995","0.0565","0.8868868868868869","0.11874625280693367","0.10938936471939087","0.09882075369358062","0.08740663528442383","1.0","200","0.1257795564085245","0.11784997582435608","0.12702005052135976","0.11744534969329834","999","113","886"
"fr_swin_ALL","0.973","oracle_worst_min_prob_fake","{""exclude_attack_name_contains"": [], ""exclude_origin_contains"": [], ""exclude_origin_keys"": [], ""exclude_origin_models"": [""clip""], ""exclude_same_architecture"": true, ""exclude_same_training_data"": true, ""exclude_self_origin"": true, ""exclude_source_groups"": [], ""exclude_train_tags_as_source"": [""ALL""]}","160000","2000","80.0","80","80","2000","0.6755","0.1305","0.8068097705403405","0.0732060828357163","0.0655217170715332","0.022098328769207","0.009672164916992188","1.0","200","0.08820587588846683","0.08356302976608276","0.08859083887633927","0.08098393678665161","1351","261","1090"
"fr_swin_EFS","0.748","oracle_worst_min_prob_fake","{""exclude_attack_name_contains"": [], ""exclude_origin_contains"": [], ""exclude_origin_keys"": [], ""exclude_origin_models"": [""clip""], ""exclude_same_architecture"": true, ""exclude_same_training_data"": true, ""exclude_self_origin"": true, ""exclude_source_groups"": [], ""exclude_train_tags_as_source"": [""ALL""]}","120000","2000","60.0","60","60","2000","0.5855","0.2305","0.6063193851409052","0.15543298760506966","0.14942491054534912","0.07990590155124665","0.0482005774974823","1.0","200","0.14837061299383641","0.14287841320037842","0.2066744113891897","0.1943407952785492","1171","461","710"
"fr_swin_FE","0.489","oracle_worst_min_prob_fake","{""exclude_attack_name_contains"": [], ""exclude_origin_contains"": [], ""exclude_origin_keys"": [], ""exclude_origin_models"": [""clip""], ""exclude_same_architecture"": true, ""exclude_same_training_data"": true, ""exclude_self_origin"": true, ""exclude_source_groups"": [], ""exclude_train_tags_as_source"": [""ALL""]}","120000","2000","60.0","60","60","2000","0.4835","0.0975","0.7983453981385729","0.17690658492287534","0.17347049713134766","0.19375428259372712","0.18801340460777283","1.0","200","0.14844548910856248","0.14255870878696442","0.18303036616410617","0.17933766543865204","967","195","772"
"fr_swin_FR","0.885","oracle_worst_min_prob_fake","{""exclude_attack_name_contains"": [], ""exclude_origin_contains"": [], ""exclude_origin_keys"": [], ""exclude_origin_models"": [""clip""], ""exclude_same_architecture"": true, ""exclude_same_training_data"": true, ""exclude_self_origin"": true, ""exclude_source_groups"": [], ""exclude_train_tags_as_source"": [""ALL""]}","120000","2000","60.0","60","60","2000","0.492","0.1785","0.6371951219512195","0.09365306933963202","0.08089342713356018","0.05737386077642441","0.03674551844596863","1.0","200","0.09775540091097355","0.08937442302703857","0.12424906931425396","0.11117160320281982","984","357","627"
"fr_swin_FS","0.927","oracle_worst_min_prob_fake","{""exclude_attack_name_contains"": [], ""exclude_origin_contains"": [], ""exclude_origin_keys"": [], ""exclude_origin_models"": [""clip""], ""exclude_same_architecture"": true, ""exclude_same_training_data"": true, ""exclude_self_origin"": true, ""exclude_source_groups"": [], ""exclude_train_tags_as_source"": [""ALL""]}","120000","2000","60.0","60","60","2000","0.2785","0.051","0.8168761220825853","0.05101445632948268","0.04372447729110718","0.04778122067451477","0.039085984230041504","1.0","200","0.06408423678576947","0.05372080206871033","0.058543358137319375","0.051877617835998535","557","102","455"
"fr_vit_ALL","0.895","oracle_worst_min_prob_fake","{""exclude_attack_name_contains"": [], ""exclude_origin_contains"": [], ""exclude_origin_keys"": [], ""exclude_origin_models"": [""clip""], ""exclude_same_architecture"": true, ""exclude_same_training_data"": true, ""exclude_self_origin"": true, ""exclude_source_groups"": [], ""exclude_train_tags_as_source"": [""ALL""]}","160000","2000","80.0","80","80","2000","0.9455","0.5815","0.38498149127445797","0.05709248727619932","0.05647307634353638","0.021324264407157897","0.018234342336654663","1.0","200","0.056951367020607","0.05645039677619934","0.07445685016912418","0.07279983162879944","1891","1163","728"
"fr_vit_EFS","0.986","oracle_worst_min_prob_fake","{""exclude_attack_name_contains"": [], ""exclude_origin_contains"": [], ""exclude_origin_keys"": [], ""exclude_origin_models"": [""clip""], ""exclude_same_architecture"": true, ""exclude_same_training_data"": true, ""exclude_self_origin"": true, ""exclude_source_groups"": [], ""exclude_train_tags_as_source"": [""ALL""]}","120000","2000","60.0","60","60","2000","0.5225","0.0725","0.861244019138756","0.12408812616430401","0.1019238829612732","0.028310720920562745","0.008428782224655151","1.0","200","0.19876173667609692","0.1894131898880005","0.1433489814069536","0.12065812945365906","1045","145","900"
"fr_vit_FE","0.027","oracle_worst_min_prob_fake","{""exclude_attack_name_contains"": [], ""exclude_origin_contains"": [], ""exclude_origin_keys"": [], ""exclude_origin_models"": [""clip""], ""exclude_same_architecture"": true, ""exclude_same_training_data"": true, ""exclude_self_origin"": true, ""exclude_source_groups"": [], ""exclude_train_tags_as_source"": [""ALL""]}","120000","2000","60.0","60","60","2000","0.648","0.2915","0.5501543209876543","0.44410625584580965","0.396990567445755","0.030432219617068768","0.0020383894443511963","1.0","200","0.28933171871481683","0.05238005537830759","0.49802632546717274","0.4635922387242317","1296","583","713"
"fr_vit_FR","0.885","oracle_worst_min_prob_fake","{""exclude_attack_name_contains"": [], ""exclude_origin_contains"": [], ""exclude_origin_keys"": [], ""exclude_origin_models"": [""clip""], ""exclude_same_architecture"": true, ""exclude_same_training_data"": true, ""exclude_self_origin"": true, ""exclude_source_groups"": [], ""exclude_train_tags_as_source"": [""ALL""]}","120000","2000","60.0","60","60","2000","0.3715","0.0955","0.7429340511440108","0.09244390259199797","0.09727120399475098","0.04663999050855636","0.03611767292022705","1.0","200","0.09170762038230897","0.091798335313797","0.11265106110469154","0.1102573573589325","743","191","552"
"fr_vit_FS","0.8310000000000001","oracle_worst_min_prob_fake","{""exclude_attack_name_contains"": [], ""exclude_origin_contains"": [], ""exclude_origin_keys"": [], ""exclude_origin_models"": [""clip""], ""exclude_same_architecture"": true, ""exclude_same_training_data"": true, ""exclude_self_origin"": true, ""exclude_source_groups"": [], ""exclude_train_tags_as_source"": [""ALL""]}","120000","2000","60.0","60","60","2000","0.8525","0.3695","0.5665689149560117","0.09226922635808368","0.08590400218963623","0.07665131479501724","0.06830555200576782","1.0","200","0.0915370139926672","0.0853179395198822","0.11245440535910628","0.10642272233963013","1705","739","966"
