origin_pretrain,target_pretrain,origin_backbone,target_backbone,effect,mean_true,mean_false,diff,n_true_rows,n_false_rows,n_rows
fr,fr,deit,efficientnetb4,same_train_family,0.0060065992572450495,0.00041701309499064175,0.0055895861622544075,4,12,16
fr,fr,deit,resnet34,same_train_family,0.007158196134574075,0.0017895490336435002,0.005368647100930575,4,12,16
fr,fr,deit,swin,same_train_family,0.17099447463900444,0.05696543377398905,0.11402904086501539,4,12,16
fr,fr,deit,vit,same_train_family,0.3826295698608645,0.129664763372872,0.25296480648799247,4,12,16
fr,fr,deit,xception,same_train_family,0.00094876660341555,0.00015261492804278335,0.0007961516753727667,4,12,16
fr,fr,efficientnetb4,deit,same_train_family,0.07938474834357939,0.0379012167591514,0.04148353158442799,4,12,16
fr,fr,efficientnetb4,resnet34,same_train_family,0.0148051550584811,0.009649681030112543,0.005155474028368558,4,12,16
fr,fr,efficientnetb4,swin,same_train_family,0.03947951394528155,0.049973189871756946,-0.010493675926475397,4,12,16
fr,fr,efficientnetb4,vit,same_train_family,0.0368448459618803,0.04832247079313117,-0.011477624831250872,4,12,16
fr,fr,efficientnetb4,xception,same_train_family,0.035562812174414926,0.02338727691930576,0.012175535255109168,4,12,16
fr,fr,resnet34,deit,same_train_family,0.09123251469157852,0.05879263110787578,0.032439883583702735,4,12,16
fr,fr,resnet34,efficientnetb4,same_train_family,0.3816474975578039,0.11174008730478956,0.26990741025301435,4,12,16
fr,fr,resnet34,swin,same_train_family,0.18797714401918328,0.08324821303781865,0.10472893098136463,4,12,16
fr,fr,resnet34,vit,same_train_family,0.09518880937443668,0.05927908357241884,0.03590972580201784,4,12,16
fr,fr,resnet34,xception,same_train_family,0.47399608559448636,0.22846701248851767,0.2455290731059687,4,12,16
fr,fr,swin,deit,same_train_family,0.04872796574447787,0.017966111838453532,0.03076185390602434,4,12,16
fr,fr,swin,efficientnetb4,same_train_family,0.001265071615461375,0.0007452263851799834,0.0005198452302813916,4,12,16
fr,fr,swin,resnet34,same_train_family,0.00089477451682175,0.0004175614411834833,0.0004772130756382667,4,12,16
fr,fr,swin,vit,same_train_family,0.051862421134229154,0.022328981224126816,0.02953343991010234,4,12,16
fr,fr,swin,xception,same_train_family,0.000220653133274475,0.0,0.000220653133274475,4,12,16
fr,fr,vit,deit,same_train_family,0.24620086458773777,0.09851022815191657,0.1476906364358212,4,12,16
fr,fr,vit,efficientnetb4,same_train_family,0.004004399504830025,0.0014229543407468833,0.002581445164083141,4,12,16
fr,fr,vit,resnet34,same_train_family,0.0024201751203863503,0.00035790980672870007,0.0020622653136576504,4,12,16
fr,fr,vit,swin,same_train_family,0.13225983453565274,0.0737678439815221,0.05849199055413064,4,12,16
fr,fr,vit,xception,same_train_family,0.000474383301707775,0.0,0.000474383301707775,4,12,16
fr,fr,xception,deit,same_train_family,0.13779847672874873,0.06852626625756957,0.06927221047117917,4,12,16
fr,fr,xception,efficientnetb4,same_train_family,0.5408292495089989,0.11230720920953419,0.4285220402994647,4,12,16
fr,fr,xception,resnet34,same_train_family,0.5263784085188011,0.09689905502107388,0.42947935349772726,4,12,16
fr,fr,xception,swin,same_train_family,0.14869176891723684,0.07910754566520062,0.06958422325203623,4,12,16
fr,fr,xception,vit,same_train_family,0.12637848680184435,0.07158624764677467,0.054792239155069686,4,12,16
fr,imgnet,deit,deit,same_train_family,0.0025,0.002196969696969675,0.00030303030303032493,4,12,16
fr,imgnet,deit,efficientnetb4,same_train_family,0.00300123027319355,0.0023234569637823,0.0006777733094112501,4,12,16
fr,imgnet,deit,resnet34,same_train_family,0.000155086848635225,0.0005199091328497333,-0.0003648222842145083,4,12,16
fr,imgnet,deit,swin,same_train_family,0.0023774843011587997,0.000469924812030075,0.0019075594891287248,4,12,16
fr,imgnet,deit,vit,same_train_family,0.0006189694219360001,0.0004505816490382834,0.00016838777289771668,4,12,16
fr,imgnet,deit,xception,same_train_family,0.010450621355444176,0.00620265739905885,0.004247963956385326,4,12,16
fr,imgnet,efficientnetb4,deit,same_train_family,0.000509758602978925,0.001987730930758725,-0.0014779723277798,4,12,16
fr,imgnet,efficientnetb4,efficientnetb4,same_train_family,0.0006914347938913,0.0036089948761883583,-0.0029175600822970585,4,12,16
fr,imgnet,efficientnetb4,resnet34,same_train_family,0.000695074306848625,0.001477895297140525,-0.0007828209902919,4,12,16
fr,imgnet,efficientnetb4,swin,same_train_family,0.0,0.00029161965317471664,-0.00029161965317471664,4,12,16
fr,imgnet,efficientnetb4,vit,same_train_family,0.001074552941697375,0.0005193009313513667,0.0005552520103460082,4,12,16
fr,imgnet,efficientnetb4,xception,same_train_family,0.008136383858464775,0.00827356948903985,-0.00013718563057507453,4,12,16
fr,imgnet,resnet34,deit,same_train_family,0.12361616229869865,0.05014012105196064,0.07347604124673801,4,12,16
fr,imgnet,resnet34,efficientnetb4,same_train_family,0.11375777469989583,0.04489364452732606,0.06886413017256976,4,12,16
fr,imgnet,resnet34,resnet34,same_train_family,0.20157447594027114,0.057365948124483764,0.14420852781578739,4,12,16
fr,imgnet,resnet34,swin,same_train_family,0.13338171202547816,0.03151579412945817,0.10186591789601998,4,12,16
fr,imgnet,resnet34,vit,same_train_family,0.0961585111573866,0.024638011301841328,0.07152049985554527,4,12,16
fr,imgnet,resnet34,xception,same_train_family,0.13374614745671687,0.09500793894736496,0.038738208509351904,4,12,16
fr,imgnet,swin,deit,same_train_family,0.0003813882532418,0.0006060606060606,-0.00022467235281879998,4,12,16
fr,imgnet,swin,efficientnetb4,same_train_family,0.001451135977300175,0.0018238530004815083,-0.00037271702318133343,4,12,16
fr,imgnet,swin,resnet34,same_train_family,0.000952535014504425,0.0010264094517065333,-7.387443720210832e-05,4,12,16
fr,imgnet,swin,swin,same_train_family,0.0010508739729409,0.00024586358830695,0.00080501038463395,4,12,16
fr,imgnet,swin,vit,same_train_family,0.0,0.0,0.0,4,12,16
fr,imgnet,swin,xception,same_train_family,0.010051479172074374,0.007365159997788809,0.0026863191742855655,4,12,16
fr,imgnet,vit,deit,same_train_family,0.0031086609805145247,0.000984848484848475,0.00212381249566605,4,12,16
fr,imgnet,vit,efficientnetb4,same_train_family,0.001518670046344,0.0032129541018288,-0.0016942840554847998,4,12,16
fr,imgnet,vit,resnet34,same_train_family,0.000620347394540925,0.001058961666808875,-0.00043861427226795,4,12,16
fr,imgnet,vit,swin,same_train_family,0.0031328320802005,0.0006371981991177,0.0024956338810828,4,12,16
fr,imgnet,vit,vit,same_train_family,0.00020973154362415,0.00013982102908276667,6.991051454138334e-05,4,12,16
fr,imgnet,vit,xception,same_train_family,0.008345714282336575,0.006387487906600267,0.001958226375736308,4,12,16
fr,imgnet,xception,deit,same_train_family,0.060890248294624444,0.011904014115650334,0.04898623417897411,4,12,16
fr,imgnet,xception,efficientnetb4,same_train_family,0.043640336774069845,0.012715647614028559,0.030924689160041284,4,12,16
fr,imgnet,xception,resnet34,same_train_family,0.10144499178836927,0.00735857912432025,0.09408641266404902,4,12,16
fr,imgnet,xception,swin,same_train_family,0.021882702243808498,0.0036174506522339833,0.018265251591574515,4,12,16
fr,imgnet,xception,vit,same_train_family,0.06216518657785663,0.006938559931731592,0.055226626646125036,4,12,16
fr,imgnet,xception,xception,same_train_family,0.0631263629870346,0.019427926762926657,0.04369843622410794,4,12,16
imgnet,fr,deit,deit,same_train_family,0.0806686321098977,0.05950438639779678,0.021164245712100925,4,12,16
imgnet,fr,deit,efficientnetb4,same_train_family,0.002986839622983025,0.0024523167632144417,0.0005345228597685831,4,12,16
imgnet,fr,deit,resnet34,same_train_family,0.0010737294201861,0.0006561679790026165,0.0004175614411834834,4,12,16
imgnet,fr,deit,swin,same_train_family,0.071699017993141,0.05574696118265532,0.015952056810485685,4,12,16
imgnet,fr,deit,vit,same_train_family,0.06906007345811813,0.05670770720414955,0.012352366253968579,4,12,16
imgnet,fr,deit,xception,same_train_family,0.000441306266548975,0.0007325836725843251,-0.00029127740603535014,4,12,16
imgnet,fr,efficientnetb4,deit,same_train_family,0.04521215916996265,0.03443228603836963,0.010779873131593017,4,12,16
imgnet,fr,efficientnetb4,efficientnetb4,same_train_family,0.00369298364565095,0.002754007813408,0.0009389758322429502,4,12,16
imgnet,fr,efficientnetb4,resnet34,same_train_family,0.0015722812918895,0.00056811850230965,0.0010041627895798501,4,12,16
imgnet,fr,efficientnetb4,swin,same_train_family,0.03986928578077227,0.0410157351097529,-0.0011464493289806282,4,12,16
imgnet,fr,efficientnetb4,vit,same_train_family,0.03761606384720405,0.034052131717743454,0.003563932129460594,4,12,16
imgnet,fr,efficientnetb4,xception,same_train_family,0.0008694420606101001,0.00014710208884965832,0.0007223399717604418,4,12,16
imgnet,fr,resnet34,deit,same_train_family,0.03786889703603912,0.03222749268032287,0.005641404355716251,4,12,16
imgnet,fr,resnet34,efficientnetb4,same_train_family,0.001439502243321725,0.0014992302768129667,-5.9728033491241676e-05,4,12,16
imgnet,fr,resnet34,resnet34,same_train_family,0.00053686471009305,0.0004488152334000833,8.804947669296666e-05,4,12,16
imgnet,fr,resnet34,swin,same_train_family,0.03419536518033475,0.03793812363556132,-0.0037427584552265705,4,12,16
imgnet,fr,resnet34,vit,same_train_family,0.04101518377707055,0.03049750481827099,0.01051767895879956,4,12,16
imgnet,fr,resnet34,xception,same_train_family,0.000220653133274475,0.000364828450460175,-0.0001441753171857,4,12,16
imgnet,fr,swin,deit,same_train_family,0.046485195574260875,0.0412148442546059,0.005270351319654976,4,12,16
imgnet,fr,swin,efficientnetb4,same_train_family,0.0015595356908441752,0.0015927075251107499,-3.3171834266574685e-05,4,12,16
imgnet,fr,swin,resnet34,same_train_family,0.00040479049505360003,0.0011333810546408833,-0.0007285905595872833,4,12,16
imgnet,fr,swin,swin,same_train_family,0.05113140841504975,0.06680430305542523,-0.01567289464037548,4,12,16
imgnet,fr,swin,vit,same_train_family,0.03667191469590825,0.038302438970329956,-0.0016305242744217088,4,12,16
imgnet,fr,swin,xception,same_train_family,0.0,0.000292740791867325,-0.000292740791867325,4,12,16
imgnet,fr,vit,deit,same_train_family,0.09784878527321733,0.054008545988555146,0.043840239284662186,4,12,16
imgnet,fr,vit,efficientnetb4,same_train_family,0.002014398063597875,0.0012603941719648917,0.0007540038916329832,4,12,16
imgnet,fr,vit,resnet34,same_train_family,0.002505368647100925,0.0017768635483079583,0.0007285050987929666,4,12,16
imgnet,fr,vit,swin,same_train_family,0.07916217477441997,0.06021799550525711,0.018944179269162864,4,12,16
imgnet,fr,vit,vit,same_train_family,0.07478203779432238,0.06247799593372227,0.012304041860600114,4,12,16
imgnet,fr,vit,xception,same_train_family,0.0013603638798972751,0.00051046715347785,0.0008498967264194251,4,12,16
imgnet,fr,xception,deit,same_train_family,0.020707491376810223,0.017153933917427675,0.0035535574593825482,4,12,16
imgnet,fr,xception,efficientnetb4,same_train_family,0.0032654373485698,0.0026677316913512085,0.0005977056572185916,4,12,16
imgnet,fr,xception,resnet34,same_train_family,0.00053686471009305,0.00035790980672870007,0.0001789549033643499,4,12,16
imgnet,fr,xception,swin,same_train_family,0.0250595630595617,0.026051671557451608,-0.0009921084978899083,4,12,16
imgnet,fr,xception,vit,same_train_family,0.0201689892581241,0.016680013011535808,0.0034889762465882927,4,12,16
imgnet,fr,xception,xception,same_train_family,0.000878222375602,0.0,0.000878222375602,4,12,16
imgnet,imgnet,deit,efficientnetb4,same_train_family,0.0197505514508999,0.009615793655358208,0.010134757795541691,4,12,16
imgnet,imgnet,deit,resnet34,same_train_family,0.039821115657217174,0.009009568453565925,0.03081154720365125,4,12,16
imgnet,imgnet,deit,swin,same_train_family,0.04580195587353215,0.00524377108663605,0.0405581847868961,4,12,16
imgnet,imgnet,deit,vit,same_train_family,0.13153564553549596,0.01732437492793881,0.11421127060755715,4,12,16
imgnet,imgnet,deit,xception,same_train_family,0.012924166641038126,0.006581729368998941,0.006342437272039185,4,12,16
imgnet,imgnet,efficientnetb4,deit,same_train_family,0.023659335079844704,0.012723661769441674,0.01093567331040303,4,12,16
imgnet,imgnet,efficientnetb4,resnet34,same_train_family,0.11427032394219375,0.03553652682410807,0.07873379711808567,4,12,16
imgnet,imgnet,efficientnetb4,swin,same_train_family,0.0378884701711946,0.00588956426235725,0.03199890590883735,4,12,16
imgnet,imgnet,efficientnetb4,vit,same_train_family,0.0062098050980305495,0.0011356574695500666,0.005074147628480483,4,12,16
imgnet,imgnet,efficientnetb4,xception,same_train_family,0.025105516130705875,0.008670869078841991,0.016434647051863885,4,12,16
imgnet,imgnet,resnet34,deit,same_train_family,0.017974269505967026,0.00696729090406155,0.011006978601905477,4,12,16
imgnet,imgnet,resnet34,efficientnetb4,same_train_family,0.03864079344603748,0.0099394515159834,0.028701341930054077,4,12,16
imgnet,imgnet,resnet34,swin,same_train_family,0.01209816682466015,0.0026797419356979087,0.00941842488896224,4,12,16
imgnet,imgnet,resnet34,vit,same_train_family,0.001492313441279625,0.000625218698671625,0.0008670947426079999,4,12,16
imgnet,imgnet,resnet34,xception,same_train_family,0.01928712231799415,0.011986979868909342,0.007300142449084807,4,12,16
imgnet,imgnet,swin,deit,same_train_family,0.0056158362510416,0.008842969508136459,-0.0032271332570948594,4,12,16
imgnet,imgnet,swin,efficientnetb4,same_train_family,0.00891822771171585,0.008542167900030925,0.00037605981168492564,4,12,16
imgnet,imgnet,swin,resnet34,same_train_family,0.012741172394807375,0.006382466117917741,0.006358706276889633,4,12,16
imgnet,imgnet,swin,vit,same_train_family,0.000838926174496625,0.002204526201017075,-0.0013656000265204501,4,12,16
imgnet,imgnet,swin,xception,same_train_family,0.0077812854637044505,0.008725640003605666,-0.0009443545399012154,4,12,16
imgnet,imgnet,vit,deit,same_train_family,0.23051973005652363,0.056929081192823555,0.17359064886370007,4,12,16
imgnet,imgnet,vit,efficientnetb4,same_train_family,0.008484926178708876,0.002911943450289133,0.0055729827284197436,4,12,16
imgnet,imgnet,vit,resnet34,same_train_family,0.03522880503462095,0.01011536764186685,0.025113437392754095,4,12,16
imgnet,imgnet,vit,swin,same_train_family,0.04183049225121853,0.006156150464055816,0.035674341787162715,4,12,16
imgnet,imgnet,vit,xception,same_train_family,0.013664962134295725,0.006881165876032542,0.0067837962582631825,4,12,16
imgnet,imgnet,xception,deit,same_train_family,0.014004674769918249,0.0032635465184952584,0.010741128251422991,4,12,16
imgnet,imgnet,xception,efficientnetb4,same_train_family,0.09743088796868109,0.01664255834011232,0.08078832962856877,4,12,16
imgnet,imgnet,xception,resnet34,same_train_family,0.08990546153139967,0.017522161858615302,0.07238329967278437,4,12,16
imgnet,imgnet,xception,swin,same_train_family,0.009655324751326074,0.0018048931564332083,0.007850431594892866,4,12,16
imgnet,imgnet,xception,vit,same_train_family,0.011674528199902227,0.001979687279996725,0.009694840919905502,4,12,16
