origin_backbone,target_backbone,origin_train_family,target_train_family,effect,mean_true,mean_false,diff,n_true_rows,n_false_rows,n_rows
deit,deit,ALL,EFS,same_pretrain,0.779199846092077,0.0346518669700214,0.7445479791220556,2,2,4
deit,deit,ALL,FE,same_pretrain,0.6186119671289163,0.040712634822804246,0.577899332306112,2,2,4
deit,deit,ALL,FR,same_pretrain,0.6350298909473131,0.06540697674418605,0.569622914203127,2,2,4
deit,deit,ALL,FS,same_pretrain,0.8138069419533951,0.0974784853503389,0.7163284566030562,2,2,4
deit,deit,EFS,ALL,same_pretrain,0.5965622311658154,0.02487562189054725,0.5716866092752682,2,2,4
deit,deit,EFS,FE,same_pretrain,0.6080983564458141,0.031028505392912104,0.577069851052902,2,2,4
deit,deit,EFS,FR,same_pretrain,0.42397845224017866,0.0251937984496124,0.39878465379056627,2,2,4
deit,deit,EFS,FS,same_pretrain,0.5573181877529704,0.05055055055055055,0.5067676372024198,2,2,4
deit,deit,FE,ALL,same_pretrain,0.5425315553859653,0.0220326936744847,0.5204988617114806,2,2,4
deit,deit,FE,EFS,same_pretrain,0.645544198340471,0.0305139186295503,0.6150302797109207,2,2,4
deit,deit,FE,FR,same_pretrain,0.28698758376034683,0.0198643410852713,0.26712324267507553,2,2,4
deit,deit,FE,FS,same_pretrain,0.5730180981897228,0.0475475475475475,0.5254705506421753,2,2,4
deit,deit,FR,ALL,same_pretrain,0.5074972778188862,0.02091352702715475,0.48658375079173144,2,2,4
deit,deit,FR,EFS,same_pretrain,0.415625,0.01177730192719485,0.4038476980728052,2,2,4
deit,deit,FR,FE,same_pretrain,0.18323317925012833,0.02467257318952225,0.15856060606060607,2,2,4
deit,deit,FR,FS,same_pretrain,0.5436752542015699,0.036036036036036,0.5076392181655339,2,2,4
deit,deit,FS,ALL,same_pretrain,0.6073340758635566,0.034772802080459644,0.572561273783097,2,2,4
deit,deit,FS,EFS,same_pretrain,0.607727181477516,0.0305139186295503,0.5772132628479657,2,2,4
deit,deit,FS,FE,same_pretrain,0.41614663585002565,0.03198638931689775,0.3841602465331279,2,2,4
deit,deit,FS,FR,same_pretrain,0.5858215083431875,0.03052325581395345,0.555298252529234,2,2,4
deit,efficientnetb4,ALL,ALL,same_pretrain,0.01658331478644895,0.0022673020611043,0.014316012725344648,2,2,4
deit,efficientnetb4,ALL,EFS,same_pretrain,0.00171585449553875,0.0073593787515369505,-0.0056435242559982005,2,2,4
deit,efficientnetb4,ALL,FE,same_pretrain,0.0,0.0056822905840781006,-0.0056822905840781006,2,2,4
deit,efficientnetb4,ALL,FR,same_pretrain,0.01598721023181455,0.00229007633587785,0.013697133895936698,2,2,4
deit,efficientnetb4,ALL,FS,same_pretrain,0.00105540897097625,0.0,0.00105540897097625,2,2,4
deit,efficientnetb4,EFS,ALL,same_pretrain,0.0160530920929177,0.0022673020611043,0.013785790031813398,2,2,4
deit,efficientnetb4,EFS,EFS,same_pretrain,0.01123611855523835,0.00583835155089795,0.0053977670043404,2,2,4
deit,efficientnetb4,EFS,FE,same_pretrain,0.00600706713780915,0.00212014134275615,0.003886925795053,2,2,4
deit,efficientnetb4,EFS,FR,same_pretrain,0.0063948840927258,0.0,0.0063948840927258,2,2,4
deit,efficientnetb4,EFS,FS,same_pretrain,0.00079155672823215,0.00032446463335495,0.00046709209487720007,2,2,4
deit,efficientnetb4,FE,ALL,same_pretrain,0.00624397226258895,0.00571374956905765,0.0005302226935313004,2,2,4
deit,efficientnetb4,FE,EFS,same_pretrain,0.0015210272006389502,0.0062789360974556,-0.0047579088968166495,2,2,4
deit,efficientnetb4,FE,FE,same_pretrain,0.00573945125753475,0.003886925795053,0.0018525254624817502,2,2,4
deit,efficientnetb4,FE,FR,same_pretrain,0.00479616306954435,0.0,0.00479616306954435,2,2,4
deit,efficientnetb4,FE,FS,same_pretrain,0.00026385224274405,0.0,0.00026385224274405,2,2,4
deit,efficientnetb4,FR,ALL,same_pretrain,0.017113537479980248,0.00491841552876075,0.012195121951219499,2,2,4
deit,efficientnetb4,FR,EFS,same_pretrain,0.0005889281507656,0.00338522530038565,-0.00279629714962005,2,2,4
deit,efficientnetb4,FR,FE,same_pretrain,0.00073529411764705,0.00356214924132195,-0.0028268551236749,2,2,4
deit,efficientnetb4,FR,FR,same_pretrain,0.0327737809752198,0.00192639781304725,0.030847383162172552,2,2,4
deit,efficientnetb4,FR,FS,same_pretrain,0.00026385224274405,0.0,0.00026385224274405,2,2,4
deit,efficientnetb4,FS,ALL,same_pretrain,0.039382890608294155,0.0033277474481669,0.036055143160127257,2,2,4
deit,efficientnetb4,FS,EFS,same_pretrain,0.00034317089910775,0.00745679239898685,-0.0071136214998791,2,2,4
deit,efficientnetb4,FS,FE,same_pretrain,0.00212014134275615,0.0024734982332155,-0.0003533568904593499,2,2,4
deit,efficientnetb4,FS,FR,same_pretrain,0.03637090327737805,0.0030534351145038,0.033317468162874245,2,2,4
deit,efficientnetb4,FS,FS,same_pretrain,0.001764950628297,0.00032446463335495,0.0014404859949420502,2,2,4
deit,resnet34,ALL,ALL,same_pretrain,0.2266025641025641,0.01427825081160935,0.21232431329095475,2,2,4
deit,resnet34,ALL,EFS,same_pretrain,0.0220228384991843,0.00040783034257745,0.02161500815660685,2,2,4
deit,resnet34,ALL,FE,same_pretrain,0.0025053686471009,0.003579098067287,-0.0010737294201860997,2,2,4
deit,resnet34,ALL,FR,same_pretrain,0.00717703349282295,0.0,0.00717703349282295,2,2,4
deit,resnet34,ALL,FS,same_pretrain,0.01550868486352355,0.0006203473945409,0.01488833746898265,2,2,4
deit,resnet34,EFS,ALL,same_pretrain,0.118648305826092,0.008770970626543,0.109877335199549,2,2,4
deit,resnet34,EFS,EFS,same_pretrain,0.0322185970636215,0.0,0.0322185970636215,2,2,4
deit,resnet34,EFS,FE,same_pretrain,0.00433675586050935,0.0021474588403722,0.00218929702013715,2,2,4
deit,resnet34,EFS,FR,same_pretrain,0.001993620414673,0.0,0.001993620414673,2,2,4
deit,resnet34,EFS,FS,same_pretrain,0.0018610421836228,0.0,0.0018610421836228,2,2,4
deit,resnet34,FE,ALL,same_pretrain,0.078525641025641,0.0231663459108493,0.05535929511479169,2,2,4
deit,resnet34,FE,EFS,same_pretrain,0.0085644371941272,0.0,0.0085644371941272,2,2,4
deit,resnet34,FE,FE,same_pretrain,0.0162810288113878,0.0021474588403722,0.0141335699710156,2,2,4
deit,resnet34,FE,FR,same_pretrain,0.0015948963317384,0.0007974481658692,0.0007974481658692,2,2,4
deit,resnet34,FE,FS,same_pretrain,0.0043424317617866,0.00031017369727045,0.00403225806451615,2,2,4
deit,resnet34,FR,ALL,same_pretrain,0.1092948717948718,0.02569958787737405,0.08359528391749774,2,2,4
deit,resnet34,FR,EFS,same_pretrain,0.0032626427406199,0.0,0.0032626427406199,2,2,4
deit,resnet34,FR,FE,same_pretrain,0.0044281670095756,0.0007158196134574,0.0037123473961182003,2,2,4
deit,resnet34,FR,FR,same_pretrain,0.02033492822966505,0.0,0.02033492822966505,2,2,4
deit,resnet34,FR,FS,same_pretrain,0.0018610421836228,0.0,0.0018610421836228,2,2,4
deit,resnet34,FS,ALL,same_pretrain,0.19300728018506638,0.01824152913046005,0.17476575105460634,2,2,4
deit,resnet34,FS,EFS,same_pretrain,0.0053017944535073,0.00081566068515495,0.004486133768352349,2,2,4
deit,resnet34,FS,FE,same_pretrain,0.004919326145135501,0.0010737294201861,0.0038455967249494006,2,2,4
deit,resnet34,FS,FR,same_pretrain,0.0223285486443381,0.0011961722488038,0.0211323763955343,2,2,4
deit,resnet34,FS,FS,same_pretrain,0.02512406947890815,0.00031017369727045,0.0248138957816377,2,2,4
deit,swin,ALL,ALL,same_pretrain,0.019496644239609853,0.00518134715025905,0.014315297089350802,2,2,4
deit,swin,ALL,EFS,same_pretrain,0.0102107827226863,0.0055508112724167,0.004659971450269599,2,2,4
deit,swin,ALL,FE,same_pretrain,0.20484832447203094,0.12564632885211996,0.07920199561991098,2,2,4
deit,swin,ALL,FR,same_pretrain,0.011999687304565299,0.01524390243902435,-0.0032442151344590515,2,2,4
deit,swin,ALL,FS,same_pretrain,0.0655481837448198,0.01741112206008735,0.048137061684732446,2,2,4
deit,swin,EFS,ALL,same_pretrain,0.01385890039930555,0.000740192450037,0.013118707949268551,2,2,4
deit,swin,EFS,EFS,same_pretrain,0.04633091847570905,0.00463885851497285,0.041692059960736196,2,2,4
deit,swin,EFS,FE,same_pretrain,0.13267871892362296,0.109100310237849,0.02357840868577396,2,2,4
deit,swin,EFS,FR,same_pretrain,0.008507155207298651,0.0045731707317073,0.003933984475591351,2,2,4
deit,swin,EFS,FS,same_pretrain,0.0080188127410087,0.0062836624775583,0.0017351502634504008,2,2,4
deit,swin,FE,ALL,same_pretrain,0.00408184603333185,0.002220577350111,0.0018612686832208502,2,2,4
deit,swin,FE,EFS,same_pretrain,0.00605689148266375,0.00298889837745515,0.0030679931052086003,2,2,4
deit,swin,FE,FE,same_pretrain,0.24910925642564363,0.10703205791106515,0.14207719851457848,2,2,4
deit,swin,FE,FR,same_pretrain,0.0048191884633778,0.0045731707317073,0.00024601773167049965,2,2,4
deit,swin,FE,FS,same_pretrain,0.00968759420994135,0.00785007851765855,0.0018375156922828002,2,2,4
deit,swin,FR,ALL,same_pretrain,0.0062233837748486495,0.00398123130848095,0.0022421524663676995,2,2,4
deit,swin,FR,EFS,same_pretrain,0.010616655269883151,0.00128095644748075,0.009335698822402401,2,2,4
deit,swin,FR,FE,same_pretrain,0.081215441474438,0.07238883143743535,0.00882661003700265,2,2,4
deit,swin,FR,FR,same_pretrain,0.037553342162380855,0.0096544715447154,0.027898870617665453,2,2,4
deit,swin,FR,FS,same_pretrain,0.0087477445858812,0.011127459582529,-0.0023797149966478005,2,2,4
deit,swin,FS,ALL,same_pretrain,0.027089010631553397,0.0027811154667029,0.024307895164850497,2,2,4
deit,swin,FS,EFS,same_pretrain,0.011122735480130201,0.00298889837745515,0.00813383710267505,2,2,4
deit,swin,FS,FE,same_pretrain,0.0781130629842622,0.10703205791106515,-0.028918994926802957,2,2,4
deit,swin,FS,FR,same_pretrain,0.013671228341242651,0.00711382113821135,0.006557407203031301,2,2,4
deit,swin,FS,FS,same_pretrain,0.1005993439613396,0.026827616617846196,0.07377172734349341,2,2,4
deit,vit,ALL,ALL,same_pretrain,0.0334494777316342,0.00634584875727125,0.027103628974362953,2,2,4
deit,vit,ALL,EFS,same_pretrain,0.15978036948431684,0.03205741626794255,0.12772295321637428,2,2,4
deit,vit,ALL,FE,same_pretrain,0.1435108824658777,0.02601966756263015,0.11749121490324756,2,2,4
deit,vit,ALL,FR,same_pretrain,0.2027321549487019,0.1117092866756393,0.0910228682730626,2,2,4
deit,vit,ALL,FS,same_pretrain,0.153044982188195,0.02346041055718475,0.12958457163101025,2,2,4
deit,vit,EFS,ALL,same_pretrain,0.01448808055511735,0.0023796932839767,0.01210838727114065,2,2,4
deit,vit,EFS,EFS,same_pretrain,0.30120281765018597,0.0347969829877724,0.2664058346624136,2,2,4
deit,vit,EFS,FE,same_pretrain,0.12587814605368797,0.022847796744278,0.10303034930940996,2,2,4
deit,vit,EFS,FR,same_pretrain,0.1300783055336945,0.0598923283983849,0.07018597713530961,2,2,4
deit,vit,EFS,FS,same_pretrain,0.02079134602137415,0.0161290322580645,0.004662313763309653,2,2,4
deit,vit,FE,ALL,same_pretrain,0.03516657852987835,0.0023796932839767,0.032786885245901655,2,2,4
deit,vit,FE,EFS,same_pretrain,0.141199827219564,0.0223567916002126,0.1188430356193514,2,2,4
deit,vit,FE,FE,same_pretrain,0.29331641765862626,0.0224619942751422,0.2708544233834841,2,2,4
deit,vit,FE,FR,same_pretrain,0.0793928783404051,0.03633916554508745,0.043053712795317646,2,2,4
deit,vit,FE,FS,same_pretrain,0.01705332716644685,0.0158357771260997,0.0012175500403471505,2,2,4
deit,vit,FR,ALL,same_pretrain,0.02167483873147315,0.0031729243786356,0.018501914352837552,2,2,4
deit,vit,FR,EFS,same_pretrain,0.08894039074960125,0.01531100478468895,0.0736293859649123,2,2,4
deit,vit,FR,FE,same_pretrain,0.02374630560500805,0.019932279121723,0.003814026483285049,2,2,4
deit,vit,FR,FR,same_pretrain,0.2906291312826845,0.0605652759084791,0.23006385537420543,2,2,4
deit,vit,FR,FS,same_pretrain,0.01286238658505375,0.0070381231671554,0.00582426341789835,2,2,4
deit,vit,FS,ALL,same_pretrain,0.01552528844705155,0.00555261766261235,0.0099726707844392,2,2,4
deit,vit,FS,EFS,same_pretrain,0.0867175039872408,0.02296650717703345,0.06375099681020735,2,2,4
deit,vit,FS,FE,same_pretrain,0.03990601110063875,0.03094964859612985,0.008956362504508902,2,2,4
deit,vit,FS,FR,same_pretrain,0.11536840144214976,0.07335127860026915,0.04201712284188061,2,2,4
deit,vit,FS,FS,same_pretrain,0.14318206420122415,0.021533832588714552,0.1216482316125096,2,2,4
deit,xception,ALL,ALL,same_pretrain,0.13593835993395706,0.0093560814529444,0.12658227848101267,2,2,4
deit,xception,ALL,EFS,same_pretrain,0.004,0.0012307692307692,0.0027692307692308,2,2,4
deit,xception,ALL,FE,same_pretrain,0.0007535795026375,0.00037678975131875,0.00037678975131875,2,2,4
deit,xception,ALL,FR,same_pretrain,0.00153940886699505,0.0060755698937821,-0.00453616102678705,2,2,4
deit,xception,ALL,FS,same_pretrain,0.0079006772009029,0.006922367938012999,0.000978309262889901,2,2,4
deit,xception,EFS,ALL,same_pretrain,0.0654925701706109,0.00990643918547055,0.05558613098514035,2,2,4
deit,xception,EFS,EFS,same_pretrain,0.0083076923076923,0.00338461538461535,0.00492307692307695,2,2,4
deit,xception,EFS,FE,same_pretrain,0.00226073850791255,0.00150715900527505,0.0007535795026375001,2,2,4
deit,xception,EFS,FR,same_pretrain,0.0021551724137931,0.0056342636272331496,-0.0034790912134400496,2,2,4
deit,xception,EFS,FS,same_pretrain,0.0076185101580135,0.0084650112866817,-0.0008465011286682006,2,2,4
deit,xception,FE,ALL,same_pretrain,0.046505228398459,0.0101816180517336,0.0363236103467254,2,2,4
deit,xception,FE,EFS,same_pretrain,0.004,0.00215384615384615,0.0018461538461538502,2,2,4
deit,xception,FE,FE,same_pretrain,0.0034046922121061503,0.0026375282592313,0.0007671639528748502,2,2,4
deit,xception,FE,FR,same_pretrain,0.0024630541871921,0.002729903173492,-0.0002668489862998999,2,2,4
deit,xception,FE,FS,same_pretrain,0.00733634311512415,0.0055115327235660495,0.0018248103915581007,2,2,4
deit,xception,FR,ALL,same_pretrain,0.04980737479361585,0.01458447991194275,0.0352228948816731,2,2,4
deit,xception,FR,EFS,same_pretrain,0.00246153846153845,0.0018461538461538,0.00061538461538465,2,2,4
deit,xception,FR,FE,same_pretrain,0.0007535795026375,0.00037678975131875,0.00037678975131875,2,2,4
deit,xception,FR,FR,same_pretrain,0.00615763546798025,0.0067323662276792,-0.0005747307596989503,2,2,4
deit,xception,FR,FS,same_pretrain,0.0059255079006772,0.00607586680934485,-0.00015035890866764955,2,2,4
deit,xception,FS,ALL,same_pretrain,0.0957622454595487,0.01265822784810125,0.08310401761144745,2,2,4
deit,xception,FS,EFS,same_pretrain,0.0018461538461538,0.0009230769230769,0.0009230769230769,2,2,4
deit,xception,FS,FE,same_pretrain,0.001604752555664,0.0007535795026375,0.0008511730530265,2,2,4
deit,xception,FS,FR,same_pretrain,0.0019807151335439997,0.0056342636272331496,-0.00365354849368915,2,2,4
deit,xception,FS,FS,same_pretrain,0.00987584650112865,0.00902934537246045,0.0008465011286681989,2,2,4
efficientnetb4,deit,ALL,ALL,same_pretrain,0.09851395123192119,0.02274342572850035,0.07577052550342084,2,2,4
efficientnetb4,deit,ALL,EFS,same_pretrain,0.018693120985010702,0.0198072805139186,-0.0011141595289078966,2,2,4
efficientnetb4,deit,ALL,FE,same_pretrain,0.01457883923985615,0.01694915254237285,-0.0023703133025167,2,2,4
efficientnetb4,deit,ALL,FR,same_pretrain,0.10042701353304426,0.0251937984496124,0.07523321508343186,2,2,4
efficientnetb4,deit,ALL,FS,same_pretrain,0.07805746249682174,0.05355355355355355,0.024503908943268198,2,2,4
efficientnetb4,deit,EFS,ALL,same_pretrain,0.023643657683254098,0.01549774018145575,0.008145917501798348,2,2,4
efficientnetb4,deit,EFS,EFS,same_pretrain,0.0123126338329764,0.02248394004282655,-0.01017130620985015,2,2,4
efficientnetb4,deit,EFS,FE,same_pretrain,0.0074152542372881,0.013827683615819202,-0.006412429378531101,2,2,4
efficientnetb4,deit,EFS,FR,same_pretrain,0.031487320982788,0.023577716463014,0.007909604519774002,2,2,4
efficientnetb4,deit,EFS,FS,same_pretrain,0.0252873010310081,0.029029029029029,-0.003741727998020899,2,2,4
efficientnetb4,deit,FE,ALL,same_pretrain,0.02928117230396635,0.01873298905369505,0.0105481832502713,2,2,4
efficientnetb4,deit,FE,EFS,same_pretrain,0.010952556209850101,0.022874565042826547,-0.011922008832976446,2,2,4
efficientnetb4,deit,FE,FE,same_pretrain,0.0055521314843348,0.011753980482794,-0.0062018489984592,2,2,4
efficientnetb4,deit,FE,FR,same_pretrain,0.0333399027723032,0.022528248587570552,0.010811654184732646,2,2,4
efficientnetb4,deit,FE,FS,same_pretrain,0.0320801350549634,0.0262883020320091,0.005791833022954298,2,2,4
efficientnetb4,deit,FR,ALL,same_pretrain,0.0132963615159648,0.00710732054015635,0.00618904097580845,2,2,4
efficientnetb4,deit,FR,EFS,same_pretrain,0.0025319526231262998,0.006423982869379,-0.0038920302462527004,2,2,4
efficientnetb4,deit,FR,FE,same_pretrain,0.0097367745249101,0.01024011299435025,-0.0005033384694401507,2,2,4
efficientnetb4,deit,FR,FR,same_pretrain,0.0482722375509131,0.0131618709762186,0.035110366574694504,2,2,4
efficientnetb4,deit,FR,FS,same_pretrain,0.0185185185185185,0.021021021021021,-0.002502502502502498,2,2,4
efficientnetb4,deit,FS,ALL,same_pretrain,0.0847277260269734,0.01725372962446355,0.06747399640250985,2,2,4
efficientnetb4,deit,FS,EFS,same_pretrain,0.0276925521948608,0.012847965738758,0.0148445864561028,2,2,4
efficientnetb4,deit,FS,FE,same_pretrain,0.0321327683615819,0.0162955829481253,0.015837185413456602,2,2,4
efficientnetb4,deit,FS,FR,same_pretrain,0.07257423466035995,0.0135658914728682,0.05900834318749175,2,2,4
efficientnetb4,deit,FS,FS,same_pretrain,0.1399511639786239,0.044044044044044,0.0959071199345799,2,2,4
efficientnetb4,efficientnetb4,ALL,EFS,same_pretrain,0.5265704818054752,0.00667303695332145,0.5198974448521537,2,2,4
efficientnetb4,efficientnetb4,ALL,FE,same_pretrain,0.49979733943047183,0.004297443358969,0.49549989607150285,2,2,4
efficientnetb4,efficientnetb4,ALL,FR,same_pretrain,0.8627107474325882,0.0045801526717557,0.8581305947608325,2,2,4
efficientnetb4,efficientnetb4,ALL,FS,same_pretrain,0.49355334147205915,0.00097339390006485,0.4925799475719943,2,2,4
efficientnetb4,efficientnetb4,EFS,ALL,same_pretrain,0.5277718864145163,0.0033277474481669,0.5244441389663494,2,2,4
efficientnetb4,efficientnetb4,EFS,FE,same_pretrain,0.5997635626688838,0.00356214924132195,0.5962014134275618,2,2,4
efficientnetb4,efficientnetb4,EFS,FR,same_pretrain,0.42135024804583815,0.00465215613768525,0.4166980919081529,2,2,4
efficientnetb4,efficientnetb4,EFS,FS,same_pretrain,0.3654495675802472,0.0,0.3654495675802472,2,2,4
efficientnetb4,efficientnetb4,FE,ALL,same_pretrain,0.43482733941671137,0.00200219071433865,0.4328251487023727,2,2,4
efficientnetb4,efficientnetb4,FE,EFS,same_pretrain,0.5376873595889387,0.0031394680487278,0.5345478915402109,2,2,4
efficientnetb4,efficientnetb4,FE,FR,same_pretrain,0.3599178672329312,0.00192639781304725,0.3579914694198839,2,2,4
efficientnetb4,efficientnetb4,FE,FS,same_pretrain,0.4255645599009655,0.00032446463335495,0.42524009526761053,2,2,4
efficientnetb4,efficientnetb4,FR,ALL,same_pretrain,0.340628804838773,0.00491841552876075,0.33571038931001224,2,2,4
efficientnetb4,efficientnetb4,FR,EFS,same_pretrain,0.2672327167574918,0.00279629714962005,0.26443641960787173,2,2,4
efficientnetb4,efficientnetb4,FR,FE,same_pretrain,0.2653996050717107,0.00356214924132195,0.2618374558303887,2,2,4
efficientnetb4,efficientnetb4,FR,FS,same_pretrain,0.2337730870712401,0.00032446463335495,0.23344862243788514,2,2,4
efficientnetb4,efficientnetb4,FS,ALL,same_pretrain,0.6562206250081825,0.0027975247546356,0.6534231002535469,2,2,4
efficientnetb4,efficientnetb4,FS,EFS,same_pretrain,0.5577836737960523,0.0038258098469432997,0.5539578639491091,2,2,4
efficientnetb4,efficientnetb4,FS,FE,same_pretrain,0.35473134483475366,0.0110112242776969,0.34372012055705675,2,2,4
efficientnetb4,efficientnetb4,FS,FR,same_pretrain,0.635669174583997,0.0030534351145038,0.6326157394694931,2,2,4
efficientnetb4,resnet34,ALL,ALL,same_pretrain,0.38462802045061334,0.0310620419509729,0.35356597849964044,2,2,4
efficientnetb4,resnet34,ALL,EFS,same_pretrain,0.0456769983686786,0.0,0.0456769983686786,2,2,4
efficientnetb4,resnet34,ALL,FE,same_pretrain,0.0039370078740157,0.003579098067287,0.00035790980672870034,2,2,4
efficientnetb4,resnet34,ALL,FR,same_pretrain,0.1303827751196172,0.0,0.1303827751196172,2,2,4
efficientnetb4,resnet34,ALL,FS,same_pretrain,0.0347394540942928,0.0018338634585684,0.0329055906357244,2,2,4
efficientnetb4,resnet34,EFS,ALL,same_pretrain,0.2948202795435547,0.0391611263389125,0.2556591532046422,2,2,4
efficientnetb4,resnet34,EFS,EFS,same_pretrain,0.10127280461070315,0.00040783034257745,0.1008649742681257,2,2,4
efficientnetb4,resnet34,EFS,FE,same_pretrain,0.01444964159797935,0.0008490689422886,0.01360057265569075,2,2,4
efficientnetb4,resnet34,EFS,FR,same_pretrain,0.0439729815494809,0.0003987240829346,0.0435742574665463,2,2,4
efficientnetb4,resnet34,EFS,FS,same_pretrain,0.015965959907737998,0.0023127133670013,0.013653246540736698,2,2,4
efficientnetb4,resnet34,FE,ALL,same_pretrain,0.2292038451818588,0.0179487179487179,0.21125512723314088,2,2,4
efficientnetb4,resnet34,FE,EFS,same_pretrain,0.03752039151712885,0.00081566068515495,0.0367047308319739,2,2,4
efficientnetb4,resnet34,FE,FE,same_pretrain,0.021459118824649452,0.0027718673047633,0.018687251519886153,2,2,4
efficientnetb4,resnet34,FE,FR,same_pretrain,0.0255028868859958,0.0007974481658692,0.0247054387201266,2,2,4
efficientnetb4,resnet34,FE,FS,same_pretrain,0.019290730541714,0.00169236597246035,0.01759836456925365,2,2,4
efficientnetb4,resnet34,FR,ALL,same_pretrain,0.14358974358974355,0.0125,0.13108974358974354,2,2,4
efficientnetb4,resnet34,FR,EFS,same_pretrain,0.0032626427406199,0.00040783034257745,0.00285481239804245,2,2,4
efficientnetb4,resnet34,FR,FE,same_pretrain,0.0010737294201861,0.0003579098067287,0.0007158196134573999,2,2,4
efficientnetb4,resnet34,FR,FR,same_pretrain,0.08572567783094096,0.0,0.08572567783094096,2,2,4
efficientnetb4,resnet34,FR,FS,same_pretrain,0.0006203473945409,0.0,0.0006203473945409,2,2,4
efficientnetb4,resnet34,FS,ALL,same_pretrain,0.3442711067047685,0.01876543029878885,0.32550567640597966,2,2,4
efficientnetb4,resnet34,FS,EFS,same_pretrain,0.03181076672104405,0.0028548123980424,0.02895595432300165,2,2,4
efficientnetb4,resnet34,FS,FE,same_pretrain,0.0093056549749463,0.0017895490336435,0.007516105941302801,2,2,4
efficientnetb4,resnet34,FS,FR,same_pretrain,0.06834151387394956,0.0,0.06834151387394956,2,2,4
efficientnetb4,resnet34,FS,FS,same_pretrain,0.04969335673505615,0.0013550135501355,0.04833834318492065,2,2,4
efficientnetb4,swin,ALL,ALL,same_pretrain,0.04819549046877745,0.002220577350111,0.04597491311866645,2,2,4
efficientnetb4,swin,ALL,EFS,same_pretrain,0.00386398227773905,0.00085397096498715,0.0030100113127519,2,2,4
efficientnetb4,swin,ALL,FE,same_pretrain,0.07602654183339269,0.10341261633919335,-0.02738607450580066,2,2,4
efficientnetb4,swin,ALL,FR,same_pretrain,0.03811665379097225,0.01117886178861785,0.026937792002354403,2,2,4
efficientnetb4,swin,ALL,FS,same_pretrain,0.18740354026898481,0.0044883303411131,0.18291520992787172,2,2,4
efficientnetb4,swin,EFS,ALL,same_pretrain,0.0061659192825112,0.0011102886750555,0.0050556306074557,2,2,4
efficientnetb4,swin,EFS,EFS,same_pretrain,0.00275697120762835,0.00128095644748075,0.0014760147601476,2,2,4
efficientnetb4,swin,EFS,FE,same_pretrain,0.07964598340526445,0.0594622543950362,0.020183729010228253,2,2,4
efficientnetb4,swin,EFS,FR,same_pretrain,0.013294154434756952,0.00380292830077615,0.0094912261339808,2,2,4
efficientnetb4,swin,EFS,FS,same_pretrain,0.0192728229910503,0.0030062814126879003,0.0162665415783624,2,2,4
efficientnetb4,swin,FE,ALL,same_pretrain,0.0054149392743458495,0.0,0.0054149392743458495,2,2,4
efficientnetb4,swin,FE,EFS,same_pretrain,0.00264100762271495,0.00079598917253045,0.0018450184501844998,2,2,4
efficientnetb4,swin,FE,FE,same_pretrain,0.0721037270615537,0.0687693898655636,0.003334337195990106,2,2,4
efficientnetb4,swin,FE,FR,same_pretrain,0.0121468380973402,0.0040650406504065,0.0080817974469337,2,2,4
efficientnetb4,swin,FE,FS,same_pretrain,0.01334462727734955,0.01018760995846885,0.003157017318880701,2,2,4
efficientnetb4,swin,FR,ALL,same_pretrain,0.00168161434977575,0.0011102886750555,0.0005713256747202499,2,2,4
efficientnetb4,swin,FR,EFS,same_pretrain,0.00042698548249355,0.00128095644748075,-0.0008539709649871999,2,2,4
efficientnetb4,swin,FR,FE,same_pretrain,0.04601861427094105,0.05997931747673215,-0.013960703205791104,2,2,4
efficientnetb4,swin,FR,FR,same_pretrain,0.0163935180075782,0.00609756097560975,0.01029595703196845,2,2,4
efficientnetb4,swin,FR,FS,same_pretrain,0.00121094927624265,0.00359066427289045,-0.0023797149966478,2,2,4
efficientnetb4,swin,FS,ALL,same_pretrain,0.01164911060732285,0.0011102886750555,0.01053882193226735,2,2,4
efficientnetb4,swin,FS,EFS,same_pretrain,0.00213492741246795,0.00042698548249355,0.0017079419299744,2,2,4
efficientnetb4,swin,FS,FE,same_pretrain,0.13135229157486117,0.09565667011375385,0.035695621461107316,2,2,4
efficientnetb4,swin,FS,FR,same_pretrain,0.0136873229592024,0.0055894308943089,0.0080978920648935,2,2,4
efficientnetb4,swin,FS,FS,same_pretrain,0.06348175195619205,0.00359066427289045,0.05989108768330159,2,2,4
efficientnetb4,vit,ALL,ALL,same_pretrain,0.00884691743285725,0.00449497620306715,0.004351941229790099,2,2,4
efficientnetb4,vit,ALL,EFS,same_pretrain,0.03044424508240295,0.0200956937799043,0.010348551302498652,2,2,4
efficientnetb4,vit,ALL,FE,same_pretrain,0.0223765432098765,0.02709162390477185,-0.0047150806948953496,2,2,4
efficientnetb4,vit,ALL,FR,same_pretrain,0.08387421912412925,0.0430686406460296,0.040805578478099645,2,2,4
efficientnetb4,vit,ALL,FS,same_pretrain,0.0270016138873034,0.01520842764077225,0.011793186246531152,2,2,4
efficientnetb4,vit,EFS,ALL,same_pretrain,0.0015796510001141,0.0036608779731862,-0.0020812269730720997,2,2,4
efficientnetb4,vit,EFS,EFS,same_pretrain,0.01995614035087715,0.0263157894736842,-0.006359649122807048,2,2,4
efficientnetb4,vit,EFS,FE,same_pretrain,0.01427469135802465,0.01195987654320985,0.002314814814814801,2,2,4
efficientnetb4,vit,EFS,FR,same_pretrain,0.0275908479138627,0.02018842530282635,0.007402422611036349,2,2,4
efficientnetb4,vit,EFS,FS,same_pretrain,0.0099706744868035,0.010096882442087,-0.00012620795528349958,2,2,4
efficientnetb4,vit,FE,ALL,same_pretrain,0.0013152406352278001,0.00183725017579675,-0.0005220095405689498,2,2,4
efficientnetb4,vit,FE,EFS,same_pretrain,0.0221325093035619,0.0186602870813397,0.0034722222222221995,2,2,4
efficientnetb4,vit,FE,FE,same_pretrain,0.0077575022399087,0.01243113007761135,-0.00467362783770265,2,2,4
efficientnetb4,vit,FE,FR,same_pretrain,0.01951547779273215,0.035436926248057846,-0.015921448455325695,2,2,4
efficientnetb4,vit,FE,FS,same_pretrain,0.0069972839457575495,0.00641077368182795,0.0005865102639295997,2,2,4
efficientnetb4,vit,FR,ALL,same_pretrain,0.002644103648863,0.0031729243786356,-0.0005288207297726001,2,2,4
efficientnetb4,vit,FR,EFS,same_pretrain,0.00765550239234445,0.01483253588516745,-0.0071770334928230005,2,2,4
efficientnetb4,vit,FR,FE,same_pretrain,0.01118827160493825,0.01358853748501875,-0.0024002658800805,2,2,4
efficientnetb4,vit,FR,FR,same_pretrain,0.023323871066362002,0.0228802153432032,0.00044365572315880134,2,2,4
efficientnetb4,vit,FR,FS,same_pretrain,0.00305875927493155,0.0032258064516129,-0.00016704717668135013,2,2,4
efficientnetb4,vit,FS,ALL,same_pretrain,0.00947109481148125,0.0034305235543182,0.006040571257163049,2,2,4
efficientnetb4,vit,FS,EFS,same_pretrain,0.0374900318979266,0.01483253588516745,0.02265749601275915,2,2,4
efficientnetb4,vit,FS,FE,same_pretrain,0.0520833333333333,0.0171462107725067,0.0349371225608266,2,2,4
efficientnetb4,vit,FS,FR,same_pretrain,0.0847913862718708,0.04104979811574695,0.04374158815612385,2,2,4
efficientnetb4,vit,FS,FS,same_pretrain,0.03507178846267385,0.015754098683304102,0.01931768977936975,2,2,4
efficientnetb4,xception,ALL,ALL,same_pretrain,0.36268574573472756,0.0511832691249312,0.31150247660979635,2,2,4
efficientnetb4,xception,ALL,EFS,same_pretrain,0.01938461538461535,0.0015384615384615,0.017846153846153852,2,2,4
efficientnetb4,xception,ALL,FE,same_pretrain,0.0007535795026375,0.00037678975131875,0.00037678975131875,2,2,4
efficientnetb4,xception,ALL,FR,same_pretrain,0.0231014591367788,0.00475165109413515,0.01834980804264365,2,2,4
efficientnetb4,xception,ALL,FS,same_pretrain,0.02118107899115025,0.01077799995313485,0.0104030790380154,2,2,4
efficientnetb4,xception,EFS,ALL,same_pretrain,0.116400660429279,0.0654925701706109,0.050908090258668104,2,2,4
efficientnetb4,xception,EFS,EFS,same_pretrain,0.0204499030381383,0.00338461538461535,0.01706528765352295,2,2,4
efficientnetb4,xception,EFS,FE,same_pretrain,0.0073949457265464,0.00113036925395625,0.00626457647259015,2,2,4
efficientnetb4,xception,EFS,FR,same_pretrain,0.01579463388971255,0.00400246305418715,0.0117921708355254,2,2,4
efficientnetb4,xception,EFS,FS,same_pretrain,0.0313146836214236,0.00987584650112865,0.021438837120294953,2,2,4
efficientnetb4,xception,FE,ALL,same_pretrain,0.13243764420976045,0.04953219592735275,0.0829054482824077,2,2,4
efficientnetb4,xception,FE,EFS,same_pretrain,0.01855074337427275,0.00369230769230765,0.014858435681965099,2,2,4
efficientnetb4,xception,FE,FE,same_pretrain,0.02363765838396515,0.0007535795026375,0.022884078881327652,2,2,4
efficientnetb4,xception,FE,FR,same_pretrain,0.05083228622733135,0.00519295736068415,0.045639328866647205,2,2,4
efficientnetb4,xception,FE,FS,same_pretrain,0.0532973513399517,0.0107223476297968,0.0425750037101549,2,2,4
efficientnetb4,xception,FR,ALL,same_pretrain,0.06989543203082,0.0217391304347826,0.048156301596037406,2,2,4
efficientnetb4,xception,FR,EFS,same_pretrain,0.0006153846153846,0.00276923076923075,-0.00215384615384615,2,2,4
efficientnetb4,xception,FR,FE,same_pretrain,0.00037678975131875,0.00037678975131875,0.0,2,2,4
efficientnetb4,xception,FR,FR,same_pretrain,0.0088875386414723,0.007214705281327251,0.0016728333601450486,2,2,4
efficientnetb4,xception,FR,FS,same_pretrain,0.00338600451467265,0.0079006772009029,-0.0045146726862302505,2,2,4
efficientnetb4,xception,FS,ALL,same_pretrain,0.2028259363288904,0.06108970831040175,0.14173622801848865,2,2,4
efficientnetb4,xception,FS,EFS,same_pretrain,0.0055384615384615,0.0009230769230769,0.0046153846153846,2,2,4
efficientnetb4,xception,FS,FE,same_pretrain,0.0026511127094686,0.0030143180105501,-0.00036320530108150013,2,2,4
efficientnetb4,xception,FS,FR,same_pretrain,0.0025964786803420498,0.000923645320197,0.00167283336014505,2,2,4
efficientnetb4,xception,FS,FS,same_pretrain,0.06836155654666584,0.00665875166956965,0.061702804877096194,2,2,4
resnet34,deit,ALL,ALL,same_pretrain,0.0887153883372909,0.21344005486473308,-0.12472466652744219,2,2,4
resnet34,deit,ALL,EFS,same_pretrain,0.034362453158458206,0.0507394271948608,-0.016376974036402592,2,2,4
resnet34,deit,ALL,FE,same_pretrain,0.03834617360041085,0.07346687211093984,-0.03512069851052899,2,2,4
resnet34,deit,ALL,FR,same_pretrain,0.1082561424254368,0.1501346734988832,-0.04187853107344641,2,2,4
resnet34,deit,ALL,FS,same_pretrain,0.09957898401834325,0.091337332756097,0.008241651262246255,2,2,4
resnet34,deit,EFS,ALL,same_pretrain,0.0179853023705105,0.05033113066555285,-0.03234582829504235,2,2,4
resnet34,deit,EFS,EFS,same_pretrain,0.045358505085653096,0.023033491702355448,0.02232501338329765,2,2,4
resnet34,deit,EFS,FE,same_pretrain,0.017505136106831,0.04625064201335385,-0.028745505906522847,2,2,4
resnet34,deit,EFS,FR,same_pretrain,0.01865063723558005,0.0484348311654184,-0.02978419392983835,2,2,4
resnet34,deit,EFS,FS,same_pretrain,0.022022022022022,0.026788802532509603,-0.004766780510487602,2,2,4
resnet34,deit,FE,ALL,same_pretrain,0.026779429850230553,0.0646338612688844,-0.03785443141865385,2,2,4
resnet34,deit,FE,EFS,same_pretrain,0.019662573608136998,0.012905681209850101,0.006756892398286897,2,2,4
resnet34,deit,FE,FE,same_pretrain,0.02164483821263475,0.0160516178736517,0.005593220338983049,2,2,4
resnet34,deit,FE,FR,same_pretrain,0.0658849034292471,0.0377792011562212,0.028105702273025904,2,2,4
resnet34,deit,FE,FS,same_pretrain,0.08346447133632486,0.0203063475374688,0.06315812379885605,2,2,4
resnet34,deit,FR,ALL,same_pretrain,0.05146834492247685,0.17297860326971115,-0.1215102583472343,2,2,4
resnet34,deit,FR,EFS,same_pretrain,0.0489611215203426,0.02960134502141325,0.019359776498929348,2,2,4
resnet34,deit,FR,FE,same_pretrain,0.0131664098613251,0.04478556753980475,-0.03161915767847965,2,2,4
resnet34,deit,FR,FR,same_pretrain,0.07371238996189719,0.1858018000262777,-0.1120894100643805,2,2,4
resnet34,deit,FR,FS,same_pretrain,0.0441872078027684,0.0513648660101749,-0.007177658207406498,2,2,4
resnet34,deit,FS,ALL,same_pretrain,0.03828284729401875,0.1639580212600841,-0.12567517396606537,2,2,4
resnet34,deit,FS,EFS,same_pretrain,0.006423982869379,0.02874815979657385,-0.02232417692719485,2,2,4
resnet34,deit,FS,FE,same_pretrain,0.01563816127375445,0.044729070364663504,-0.029090909090909053,2,2,4
resnet34,deit,FS,FR,same_pretrain,0.038992905005912445,0.10251116804624885,-0.0635182630403364,2,2,4
resnet34,deit,FS,FS,same_pretrain,0.07769783513490605,0.0980832090671907,-0.02038537393228465,2,2,4
resnet34,efficientnetb4,ALL,ALL,same_pretrain,0.47433373045485683,0.2119703773527268,0.26236335310213,2,2,4
resnet34,efficientnetb4,ALL,EFS,same_pretrain,0.10133767935631001,0.10732397030540994,-0.005986290949099929,2,2,4
resnet34,efficientnetb4,ALL,FE,same_pretrain,0.13226720016628554,0.0413999168572022,0.09086728330908334,2,2,4
resnet34,efficientnetb4,ALL,FR,same_pretrain,0.4259389435016872,0.147809691178355,0.2781292523233322,2,2,4
resnet34,efficientnetb4,ALL,FS,same_pretrain,0.2293216720116293,0.0061292139737243005,0.22319245803790502,2,2,4
resnet34,efficientnetb4,EFS,ALL,same_pretrain,0.04495066528765125,0.012341533238198699,0.03260913204945255,2,2,4
resnet34,efficientnetb4,EFS,EFS,same_pretrain,0.10919301887722885,0.0136294223168603,0.09556359656036854,2,2,4
resnet34,efficientnetb4,EFS,FE,same_pretrain,0.05400124714196625,0.014516212845562199,0.03948503429640405,2,2,4
resnet34,efficientnetb4,EFS,FR,same_pretrain,0.0727314331740714,0.0398960221136068,0.032835411060464594,2,2,4
resnet34,efficientnetb4,EFS,FS,same_pretrain,0.0197923426346528,0.0005277044854881,0.0192646381491647,2,2,4
resnet34,efficientnetb4,FE,ALL,same_pretrain,0.0299617279586644,0.01525775805262075,0.014703969906043649,2,2,4
resnet34,efficientnetb4,FE,EFS,same_pretrain,0.0020590253946465,0.0039232234943932,-0.0018641980997467001,2,2,4
resnet34,efficientnetb4,FE,FE,same_pretrain,0.04165454167532735,0.01484098939929325,0.026813552276034103,2,2,4
resnet34,efficientnetb4,FE,FR,same_pretrain,0.15680890402182068,0.001962399546012,0.1548465044758087,2,2,4
resnet34,efficientnetb4,FE,FS,same_pretrain,0.012532895919621749,0.0,0.012532895919621749,2,2,4
resnet34,efficientnetb4,FR,ALL,same_pretrain,0.25427298395367204,0.0926702713081881,0.16160271264548393,2,2,4
resnet34,efficientnetb4,FR,EFS,same_pretrain,0.0136427611150588,0.0303473827256904,-0.016704621610631597,2,2,4
resnet34,efficientnetb4,FR,FE,same_pretrain,0.0588235294117647,0.04416961130742045,0.01465391810434425,2,2,4
resnet34,efficientnetb4,FR,FR,same_pretrain,0.46714628297362115,0.1945362793734478,0.27261000360017335,2,2,4
resnet34,efficientnetb4,FR,FS,same_pretrain,0.0788449059052563,0.00105540897097625,0.07778949693428004,2,2,4
resnet34,efficientnetb4,FS,ALL,same_pretrain,0.2197997809285661,0.07013580683310855,0.14966397409545756,2,2,4
resnet34,efficientnetb4,FS,EFS,same_pretrain,0.00598669515510595,0.01225673872042925,-0.006270043565323301,2,2,4
resnet34,efficientnetb4,FS,FE,same_pretrain,0.0209130118478486,0.0374844107254209,-0.0165713988775723,2,2,4
resnet34,efficientnetb4,FS,FR,same_pretrain,0.233940481202824,0.09221813388983466,0.14172234731298936,2,2,4
resnet34,efficientnetb4,FS,FS,same_pretrain,0.2225827384815055,0.00738786279683375,0.21519487568467174,2,2,4
resnet34,resnet34,ALL,EFS,same_pretrain,0.8686353926623258,0.13162987234559698,0.7370055203167288,2,2,4
resnet34,resnet34,ALL,FE,same_pretrain,0.7950259677979616,0.02086107896095055,0.7741648888370111,2,2,4
resnet34,resnet34,ALL,FR,same_pretrain,0.7948198838651714,0.214545495757246,0.5802743881079254,2,2,4
resnet34,resnet34,ALL,FS,same_pretrain,0.7921250624830483,0.1697793311680015,0.6223457313150468,2,2,4
resnet34,resnet34,EFS,ALL,same_pretrain,0.5644765362259676,0.12537907505686124,0.43909746116910636,2,2,4
resnet34,resnet34,EFS,FE,same_pretrain,0.5841302510431419,0.0146015247379664,0.5695287263051755,2,2,4
resnet34,resnet34,EFS,FR,same_pretrain,0.4024063565067237,0.11004784688995214,0.29235850961677157,2,2,4
resnet34,resnet34,EFS,FS,same_pretrain,0.4448532460924278,0.0130272952853598,0.43182595080706804,2,2,4
resnet34,resnet34,FE,ALL,same_pretrain,0.3959281020975486,0.15256410256410255,0.24336399953344603,2,2,4
resnet34,resnet34,FE,EFS,same_pretrain,0.33473990006403753,0.01345840130505705,0.3212814987589805,2,2,4
resnet34,resnet34,FE,FR,same_pretrain,0.5136009214956583,0.0175438596491228,0.4960570618465355,2,2,4
resnet34,resnet34,FE,FS,same_pretrain,0.2041926405616413,0.01858324311117385,0.18560939745046745,2,2,4
resnet34,resnet34,FR,ALL,same_pretrain,0.6609681479753504,0.266025641025641,0.3949425069497094,2,2,4
resnet34,resnet34,FR,EFS,same_pretrain,0.5392568840359545,0.01427406199021205,0.5249828220457424,2,2,4
resnet34,resnet34,FR,FE,same_pretrain,0.578807661098087,0.01031434184675835,0.5684933192513286,2,2,4
resnet34,resnet34,FR,FS,same_pretrain,0.6706448474741158,0.0300868486352357,0.6405579988388801,2,2,4
resnet34,resnet34,FS,ALL,same_pretrain,0.7182252483427616,0.24326923076923074,0.47495601757353084,2,2,4
resnet34,resnet34,FS,EFS,same_pretrain,0.6149392110761579,0.015089722675367,0.5998494884007909,2,2,4
resnet34,resnet34,FS,FE,same_pretrain,0.7110736169141565,0.0073255488536338505,0.7037480680605226,2,2,4
resnet34,resnet34,FS,FR,same_pretrain,0.7407160136658301,0.0825358851674641,0.6581801284983659,2,2,4
resnet34,swin,ALL,ALL,same_pretrain,0.06736850796453711,0.14459725896446074,-0.07722875099992363,2,2,4
resnet34,swin,ALL,EFS,same_pretrain,0.01539259030506615,0.0840537466006598,-0.06866115629559365,2,2,4
resnet34,swin,ALL,FE,same_pretrain,0.14795311666138894,0.1010282579956553,0.046924858665733635,2,2,4
resnet34,swin,ALL,FR,same_pretrain,0.0635185593937387,0.0333779384173932,0.030140620976345497,2,2,4
resnet34,swin,ALL,FS,same_pretrain,0.16834107260971093,0.1475322057387634,0.020808866870947518,2,2,4
resnet34,swin,EFS,ALL,same_pretrain,0.01046330902536895,0.0056952083326418,0.004768100692727151,2,2,4
resnet34,swin,EFS,EFS,same_pretrain,0.03111195842957575,0.017459137016647648,0.0136528214129281,2,2,4
resnet34,swin,EFS,FE,same_pretrain,0.086884866549008,0.06106825011238095,0.025816616436627048,2,2,4
resnet34,swin,EFS,FR,same_pretrain,0.0289634146341463,0.01008212853621745,0.01888128609792885,2,2,4
resnet34,swin,EFS,FS,same_pretrain,0.0119829420949141,0.01021179519714905,0.001771146897765051,2,2,4
resnet34,swin,FE,ALL,same_pretrain,0.00139055773335145,0.00205171057479425,-0.0006611528414427999,2,2,4
resnet34,swin,FE,EFS,same_pretrain,0.00341588385994875,0.00528201524542995,-0.0018661313854812,2,2,4
resnet34,swin,FE,FE,same_pretrain,0.1877669739519784,0.05482695548385805,0.13294001846812034,2,2,4
resnet34,swin,FE,FR,same_pretrain,0.0258502556745024,0.0049341500202332,0.020916105654269202,2,2,4
resnet34,swin,FE,FS,same_pretrain,0.021525987320185548,0.004030498148423101,0.017495489171762448,2,2,4
resnet34,swin,FR,ALL,same_pretrain,0.0230465806759981,0.06576261397470065,-0.04271603329870255,2,2,4
resnet34,swin,FR,EFS,same_pretrain,0.011839629924907249,0.04175539876662635,-0.029915768841719103,2,2,4
resnet34,swin,FR,FE,same_pretrain,0.13650465356773525,0.07763253755073744,0.05887211601699781,2,2,4
resnet34,swin,FR,FR,same_pretrain,0.1313274840893205,0.09261073097156304,0.03871675311775745,2,2,4
resnet34,swin,FR,FS,same_pretrain,0.01924863775237015,0.07685675139374465,-0.0576081136413745,2,2,4
resnet34,swin,FS,ALL,same_pretrain,0.00927398074171925,0.04222001307783965,-0.0329460323361204,2,2,4
resnet34,swin,FS,EFS,same_pretrain,0.00170794192997435,0.01530309666888295,-0.0135951547389086,2,2,4
resnet34,swin,FS,FE,same_pretrain,0.1447776628748707,0.07294243216730255,0.07183523070756816,2,2,4
resnet34,swin,FS,FR,same_pretrain,0.02286585365853655,0.03662445278298935,-0.013758599124452799,2,2,4
resnet34,swin,FS,FS,same_pretrain,0.0499442052168122,0.1702573309395571,-0.12031312572274491,2,2,4
resnet34,vit,ALL,ALL,same_pretrain,0.0070914015275045,0.1257901320035712,-0.1186987304760667,2,2,4
resnet34,vit,ALL,EFS,same_pretrain,0.0483253588516746,0.06344696969696964,-0.015121610845295043,2,2,4
resnet34,vit,ALL,FE,same_pretrain,0.04205246913580245,0.052497861905260554,-0.010445392769458106,2,2,4
resnet34,vit,ALL,FR,same_pretrain,0.11571711603478066,0.09635211097722479,0.019365005057555867,2,2,4
resnet34,vit,ALL,FS,same_pretrain,0.037053966816902456,0.1673955401602078,-0.13034157334330534,2,2,4
resnet34,vit,EFS,ALL,same_pretrain,0.0018508725542041,0.010609244527413748,-0.00875837197320965,2,2,4
resnet34,vit,EFS,EFS,same_pretrain,0.0478468899521531,0.030567185007974403,0.0172797049441787,2,2,4
resnet34,vit,EFS,FE,same_pretrain,0.0169753086419753,0.02832684632480415,-0.01135153768282885,2,2,4
resnet34,vit,EFS,FR,same_pretrain,0.05114401076716015,0.0400579917144457,0.011086019052714453,2,2,4
resnet34,vit,EFS,FS,same_pretrain,0.00791788856304985,0.00959943120313325,-0.0016815426400834006,2,2,4
resnet34,vit,FE,ALL,same_pretrain,0.002644103648863,0.005158794702856399,-0.0025146910539933995,2,2,4
resnet34,vit,FE,EFS,same_pretrain,0.0277511961722488,0.0170005980861244,0.0107505980861244,2,2,4
resnet34,vit,FE,FE,same_pretrain,0.02739197530864195,0.01212823332286095,0.015263741985781001,2,2,4
resnet34,vit,FE,FR,same_pretrain,0.0796221701273405,0.0198994221130432,0.059722748014297306,2,2,4
resnet34,vit,FE,FS,same_pretrain,0.01998587848609495,0.0148000354267944,0.005185843059300551,2,2,4
resnet34,vit,FR,ALL,same_pretrain,0.0029017028245455997,0.06136990451530075,-0.05846820169075515,2,2,4
resnet34,vit,FR,EFS,same_pretrain,0.0373205741626794,0.0361991626794258,0.0011214114832535996,2,2,4
resnet34,vit,FR,FE,same_pretrain,0.0162037037037037,0.026742183591068197,-0.010538479887364498,2,2,4
resnet34,vit,FR,FR,same_pretrain,0.1004835429402611,0.1093877073329185,-0.008904164392657399,2,2,4
resnet34,vit,FR,FS,same_pretrain,0.00833735165029815,0.042569967919069404,-0.034232616268771256,2,2,4
resnet34,vit,FS,ALL,same_pretrain,0.0015796510001141,0.02940717316304265,-0.02782752216292855,2,2,4
resnet34,vit,FS,EFS,same_pretrain,0.01565822700691115,0.0298179160021265,-0.014159688995215351,2,2,4
resnet34,vit,FS,FE,same_pretrain,0.0192901234567901,0.0240415663071176,-0.0047514428503274975,2,2,4
resnet34,vit,FS,FR,same_pretrain,0.0592193808882907,0.0417579753535213,0.0174614055347694,2,2,4
resnet34,vit,FS,FS,same_pretrain,0.017639837430376448,0.12226426420516046,-0.10462442677478401,2,2,4
resnet34,xception,ALL,ALL,same_pretrain,0.5590170397103025,0.33544303797468356,0.22357400173561892,2,2,4
resnet34,xception,ALL,EFS,same_pretrain,0.14527731092436974,0.172,-0.026722689075630246,2,2,4
resnet34,xception,ALL,FE,same_pretrain,0.1397207180025424,0.00753579502637525,0.13218492297616716,2,2,4
resnet34,xception,ALL,FR,same_pretrain,0.371907866990726,0.0195813351362397,0.35232653185448626,2,2,4
resnet34,xception,ALL,FS,same_pretrain,0.41158896170339065,0.2497734852804486,0.16181547642294206,2,2,4
resnet34,xception,EFS,ALL,same_pretrain,0.14352173232789656,0.08750687947165656,0.05601485285624,2,2,4
resnet34,xception,EFS,EFS,same_pretrain,0.11848480930833866,0.0403076923076923,0.07817711700064636,2,2,4
resnet34,xception,EFS,FE,same_pretrain,0.046950362418832846,0.00452147701582515,0.042428885403007696,2,2,4
resnet34,xception,EFS,FR,same_pretrain,0.14985934721455307,0.00615763546798025,0.1437017117465728,2,2,4
resnet34,xception,EFS,FS,same_pretrain,0.07766916353581665,0.02990970654627535,0.0477594569895413,2,2,4
resnet34,xception,FE,ALL,same_pretrain,0.0846524048754115,0.22069345074298294,-0.13604104586757143,2,2,4
resnet34,xception,FE,EFS,same_pretrain,0.011758241758241701,0.0652307692307692,-0.0534725274725275,2,2,4
resnet34,xception,FE,FE,same_pretrain,0.11593112826723895,0.0018839487565938,0.11404717951064515,2,2,4
resnet34,xception,FE,FR,same_pretrain,0.22959203083491664,0.00347909121344005,0.22611293962147658,2,2,4
resnet34,xception,FE,FS,same_pretrain,0.124194505846423,0.051222593671647304,0.0729719121747757,2,2,4
resnet34,xception,FR,ALL,same_pretrain,0.35538419278004507,0.28040726472206934,0.07497692805797573,2,2,4
resnet34,xception,FR,EFS,same_pretrain,0.05989269553975435,0.1298461538461538,-0.06995345830639946,2,2,4
resnet34,xception,FR,FE,same_pretrain,0.0704879248536811,0.0037678975131876,0.06672002734049351,2,2,4
resnet34,xception,FR,FR,same_pretrain,0.3753051643702799,0.01552751316310065,0.35977765120717925,2,2,4
resnet34,xception,FR,FS,same_pretrain,0.3283262514938255,0.12204652143688434,0.20627973005694117,2,2,4
resnet34,xception,FS,ALL,same_pretrain,0.3612468469425668,0.263621353880022,0.09762549306254481,2,2,4
resnet34,xception,FS,EFS,same_pretrain,0.017657401422107248,0.1409230769230769,-0.12326567550096965,2,2,4
resnet34,xception,FS,FE,same_pretrain,0.050745428832495096,0.00866616428033155,0.04207926455216354,2,2,4
resnet34,xception,FS,FR,same_pretrain,0.27559060039391475,0.0064655172413793,0.26912508315253547,2,2,4
resnet34,xception,FS,FS,same_pretrain,0.3768453138791036,0.21021444695259595,0.16663086692650764,2,2,4
swin,deit,ALL,ALL,same_pretrain,0.0331485172169898,0.03258753735210625,0.0005609798648835568,2,2,4
swin,deit,ALL,EFS,same_pretrain,0.016450582173447498,0.0305139186295503,-0.0140633364561028,2,2,4
swin,deit,ALL,FE,same_pretrain,0.0187146892655367,0.0229031843862352,-0.0041884951206985,2,2,4
swin,deit,ALL,FR,same_pretrain,0.024543423991591047,0.02374031007751935,0.0008031139140716979,2,2,4
swin,deit,ALL,FS,same_pretrain,0.0475005898346859,0.06106106106106105,-0.013560471226375152,2,2,4
swin,deit,EFS,ALL,same_pretrain,0.0335986331943667,0.01293626873406325,0.02066236446030345,2,2,4
swin,deit,EFS,EFS,same_pretrain,0.04657387580299785,0.01766595289079225,0.0289079229122056,2,2,4
swin,deit,EFS,FE,same_pretrain,0.01150231124807395,0.01311761684643035,-0.0016153055983564,2,2,4
swin,deit,EFS,FR,same_pretrain,0.044887334121666,0.02374031007751935,0.02114702404414665,2,2,4
swin,deit,EFS,FS,same_pretrain,0.0192343373121405,0.0315315315315315,-0.012297194219391,2,2,4
swin,deit,FE,ALL,same_pretrain,0.0088888774300891,0.0085287846481876,0.0003600927819014995,2,2,4
swin,deit,FE,EFS,same_pretrain,0.0053533190578158,0.0133832976445396,-0.008029978586723798,2,2,4
swin,deit,FE,FE,same_pretrain,0.011047765793528501,0.00388418079096045,0.007163585002568051,2,2,4
swin,deit,FE,FR,same_pretrain,0.0162265142556825,0.0271317829457364,-0.010905268690053899,2,2,4
swin,deit,FE,FS,same_pretrain,0.0038848917567453,0.013013013013013,-0.009128121256267701,2,2,4
swin,deit,FR,ALL,same_pretrain,0.0148770313229155,0.0220326936744847,-0.007155662351569199,2,2,4
swin,deit,FR,EFS,same_pretrain,0.0026766595289079,0.02569593147751605,-0.023019271948608148,2,2,4
swin,deit,FR,FE,same_pretrain,0.00873009758602975,0.023507960965588052,-0.014777863379558302,2,2,4
swin,deit,FR,FR,same_pretrain,0.0301159505978189,0.03488372093023255,-0.00476777033241365,2,2,4
swin,deit,FR,FS,same_pretrain,0.0183994062712598,0.024024024024024,-0.0056246177527642,2,2,4
swin,deit,FS,ALL,same_pretrain,0.01721011456794445,0.01309547443298275,0.004114640134961701,2,2,4
swin,deit,FS,EFS,same_pretrain,0.0021413276231263,0.01391862955032115,-0.011777301927194849,2,2,4
swin,deit,FS,FE,same_pretrain,0.0052966101694915,0.0171520287621982,-0.0118554185927067,2,2,4
swin,deit,FS,FR,same_pretrain,0.02252167914860065,0.02470930232558135,-0.0021876231769807006,2,2,4
swin,deit,FS,FS,same_pretrain,0.0209500117966937,0.037299313043020095,-0.016349301246326393,2,2,4
swin,efficientnetb4,ALL,ALL,same_pretrain,0.02029487364116795,0.0099555311173079,0.01033934252386005,2,2,4
swin,efficientnetb4,ALL,EFS,same_pretrain,0.00220736899885445,0.0024531262505123,-0.00024575725165785003,2,2,4
swin,efficientnetb4,ALL,FE,same_pretrain,0.0017667844522968,0.0007067137809187,0.0010600706713781,2,2,4
swin,efficientnetb4,ALL,FR,same_pretrain,0.02746993245098575,0.0011630390344212998,0.02630689341656445,2,2,4
swin,efficientnetb4,ALL,FS,same_pretrain,0.0013192612137203,0.0,0.0013192612137203,2,2,4
swin,efficientnetb4,EFS,ALL,same_pretrain,0.01207642189143305,0.01207642189143305,0.0,2,2,4
swin,efficientnetb4,EFS,EFS,same_pretrain,0.00210995535140455,0.0030420544012779004,-0.0009320990498733503,2,2,4
swin,efficientnetb4,EFS,FE,same_pretrain,0.00106007067137805,0.00106007067137805,0.0,2,2,4
swin,efficientnetb4,EFS,FR,same_pretrain,0.01475216773146365,0.0038887973590593,0.010863370372404351,2,2,4
swin,efficientnetb4,EFS,FS,same_pretrain,0.0013192612137203,0.00079155672823215,0.00052770448548815,2,2,4
swin,efficientnetb4,FE,ALL,same_pretrain,0.0034464475079533,0.01128108785113615,-0.00783464034318285,2,2,4
swin,efficientnetb4,FE,EFS,same_pretrain,0.0015210272006389502,0.0,0.0015210272006389502,2,2,4
swin,efficientnetb4,FE,FE,same_pretrain,0.0007067137809187,0.00035335689045935,0.00035335689045935,2,2,4
swin,efficientnetb4,FE,FR,same_pretrain,0.0075939248601119,0.0031614403133980997,0.0044324845467138005,2,2,4
swin,efficientnetb4,FE,FS,same_pretrain,0.0,0.00026385224274405,-0.00026385224274405,2,2,4
swin,efficientnetb4,FR,ALL,same_pretrain,0.02321109845559,0.019645950887850247,0.003565147567739752,2,2,4
swin,efficientnetb4,FR,EFS,same_pretrain,0.0025505398979622004,0.00220736899885445,0.00034317089910775034,2,2,4
swin,efficientnetb4,FR,FE,same_pretrain,0.0106007067137809,0.0029125961338598502,0.00768811057992105,2,2,4
swin,efficientnetb4,FR,FR,same_pretrain,0.017549929522031202,0.0023620798018074,0.015187849720223802,2,2,4
swin,efficientnetb4,FR,FS,same_pretrain,0.00079155672823215,0.0,0.00079155672823215,2,2,4
swin,efficientnetb4,FS,ALL,same_pretrain,0.0161717921527041,0.01207642189143305,0.004095370261271051,2,2,4
swin,efficientnetb4,FS,EFS,same_pretrain,0.0012752699489811002,0.00269888350217015,-0.00142361355318905,2,2,4
swin,efficientnetb4,FS,FE,same_pretrain,0.0007067137809187,0.00035335689045935,0.00035335689045935,2,2,4
swin,efficientnetb4,FS,FR,same_pretrain,0.01355312696407755,0.0031614403133980997,0.010391686650679452,2,2,4
swin,efficientnetb4,FS,FS,same_pretrain,0.0,0.00026385224274405,-0.00026385224274405,2,2,4
swin,resnet34,ALL,ALL,same_pretrain,0.11987179487179485,0.02467948717948715,0.0951923076923077,2,2,4
swin,resnet34,ALL,EFS,same_pretrain,0.01060358890701465,0.0,0.01060358890701465,2,2,4
swin,resnet34,ALL,FE,same_pretrain,0.0021474588403722,0.0007158196134574,0.0014316392269147998,2,2,4
swin,resnet34,ALL,FR,same_pretrain,0.0007974481658692,0.0007974481658692,0.0,2,2,4
swin,resnet34,ALL,FS,same_pretrain,0.0062034739454094,0.0018610421836228,0.0043424317617866,2,2,4
swin,resnet34,EFS,ALL,same_pretrain,0.12916666666666665,0.0317307692307692,0.09743589743589745,2,2,4
swin,resnet34,EFS,EFS,same_pretrain,0.0122349102773246,0.0,0.0122349102773246,2,2,4
swin,resnet34,EFS,FE,same_pretrain,0.0010737294201861,0.0010737294201861,0.0,2,2,4
swin,resnet34,EFS,FR,same_pretrain,0.0047846889952153,0.0015948963317384,0.0031897926634769005,2,2,4
swin,resnet34,EFS,FS,same_pretrain,0.00682382133995035,0.00031017369727045,0.0065136476426799,2,2,4
swin,resnet34,FE,ALL,same_pretrain,0.05769230769230765,0.02147435897435895,0.0362179487179487,2,2,4
swin,resnet34,FE,EFS,same_pretrain,0.0028548123980424,0.0,0.0028548123980424,2,2,4
swin,resnet34,FE,FE,same_pretrain,0.0017895490336435,0.0003579098067287,0.0014316392269148,2,2,4
swin,resnet34,FE,FR,same_pretrain,0.0011961722488038,0.0011961722488038,0.0,2,2,4
swin,resnet34,FE,FS,same_pretrain,0.00248138957816375,0.00124069478908185,0.0012406947890819,2,2,4
swin,resnet34,FR,ALL,same_pretrain,0.1253205128205128,0.025,0.1003205128205128,2,2,4
swin,resnet34,FR,EFS,same_pretrain,0.0061174551386623,0.0,0.0061174551386623,2,2,4
swin,resnet34,FR,FE,same_pretrain,0.0016981378845772,0.0017895490336435,-9.14111490662999e-05,2,2,4
swin,resnet34,FR,FR,same_pretrain,0.00797448165869215,0.0015948963317384,0.00637958532695375,2,2,4
swin,resnet34,FR,FS,same_pretrain,0.00341191066997515,0.0006203473945409,0.0027915632754342504,2,2,4
swin,resnet34,FS,ALL,same_pretrain,0.1506410256410256,0.01698717948717945,0.13365384615384615,2,2,4
swin,resnet34,FS,EFS,same_pretrain,0.0032626427406199,0.0,0.0032626427406199,2,2,4
swin,resnet34,FS,FE,same_pretrain,0.0007158196134574,0.0039370078740157,-0.0032211882605583005,2,2,4
swin,resnet34,FS,FR,same_pretrain,0.0063795853269537,0.0011961722488038,0.0051834130781499,2,2,4
swin,resnet34,FS,FS,same_pretrain,0.005272952853598,0.00076184488064895,0.00451110797294905,2,2,4
swin,swin,ALL,EFS,same_pretrain,0.8417563441219382,0.00426985482493595,0.8374864892970023,2,2,4
swin,swin,ALL,FE,same_pretrain,0.536747462847855,0.0992761116856256,0.4374713511622294,2,2,4
swin,swin,ALL,FR,same_pretrain,0.835993543758967,0.0091463414634146,0.8268472022955523,2,2,4
swin,swin,ALL,FS,same_pretrain,0.8521798211867191,0.0253033841335835,0.8268764370531356,2,2,4
swin,swin,EFS,ALL,same_pretrain,0.6639872723410329,0.00102046150833295,0.6629668108327,2,2,4
swin,swin,EFS,FE,same_pretrain,0.5728831968892067,0.0853336773039201,0.48754951958528664,2,2,4
swin,swin,EFS,FR,same_pretrain,0.47277250487437,0.008130081300813,0.464642423573557,2,2,4
swin,swin,EFS,FS,same_pretrain,0.5977280499273318,0.00991651030628635,0.5878115396210454,2,2,4
swin,swin,FE,ALL,same_pretrain,0.18663035685242285,0.002220577350111,0.18440977950231185,2,2,4
swin,swin,FE,EFS,same_pretrain,0.6130332985652658,0.00213492741246795,0.6108983711527979,2,2,4
swin,swin,FE,FR,same_pretrain,0.3156315528087407,0.00304878048780485,0.3125827723209359,2,2,4
swin,swin,FE,FS,same_pretrain,0.3721472667305607,0.01166965888689405,0.36047760784366667,2,2,4
swin,swin,FR,ALL,same_pretrain,0.5956022444759405,0.005091519983536501,0.5905107244924039,2,2,4
swin,swin,FR,EFS,same_pretrain,0.4764231536422965,0.0051238257899231,0.4712993278523734,2,2,4
swin,swin,FR,FE,same_pretrain,0.4247346591701746,0.1437435367114788,0.28099112245869584,2,2,4
swin,swin,FR,FS,same_pretrain,0.6010178048352479,0.0179533213644524,0.5830644834707955,2,2,4
swin,swin,FS,ALL,same_pretrain,0.5281804210798844,0.00361113508346245,0.5245692859964219,2,2,4
swin,swin,FS,EFS,same_pretrain,0.5630662284419599,0.00213492741246795,0.560931301029492,2,2,4
swin,swin,FS,FE,same_pretrain,0.3320890234261684,0.1059979317476732,0.22609109167849523,2,2,4
swin,swin,FS,FR,same_pretrain,0.5067505426185483,0.00711382113821135,0.499636721480337,2,2,4
swin,vit,ALL,ALL,same_pretrain,0.0034305235543182,0.0031729243786356,0.0002575991756825998,2,2,4
swin,vit,ALL,EFS,same_pretrain,0.0283143939393939,0.03492822966507175,-0.006613835725677853,2,2,4
swin,vit,ALL,FE,same_pretrain,0.0166749572381052,0.0339506172839506,-0.017275660045845402,2,2,4
swin,vit,ALL,FR,same_pretrain,0.05787348586810225,0.05585464333781965,0.0020188425302826024,2,2,4
swin,vit,ALL,FS,same_pretrain,0.0143286622448778,0.01508221968548875,-0.0007535574406109507,2,2,4
swin,vit,EFS,ALL,same_pretrain,0.00130842944602415,0.0010576414595452,0.0002507879864789499,2,2,4
swin,vit,EFS,EFS,same_pretrain,0.038755980861244,0.0172248803827751,0.0215311004784689,2,2,4
swin,vit,EFS,FE,same_pretrain,0.01273148148148145,0.01504629629629625,-0.002314814814814801,2,2,4
swin,vit,EFS,FR,same_pretrain,0.0343203230148048,0.02624495289367425,0.008075370121130552,2,2,4
swin,vit,EFS,FS,same_pretrain,0.0052377531539687,0.00879765395894425,-0.0035599008049755493,2,2,4
swin,vit,FE,ALL,same_pretrain,0.0010576414595452,0.0007932310946589,0.0002644103648863001,2,2,4
swin,vit,FE,EFS,same_pretrain,0.0110047846889952,0.0124401913875598,-0.0014354066985646004,2,2,4
swin,vit,FE,FE,same_pretrain,0.00887345679012345,0.0069444444444444,0.0019290123456790495,2,2,4
swin,vit,FE,FR,same_pretrain,0.0114401076716016,0.0329744279946164,-0.021534320323014798,2,2,4
swin,vit,FE,FS,same_pretrain,0.0043988269794721,0.00293255131964805,0.0014662756598240504,2,2,4
swin,vit,FR,ALL,same_pretrain,0.0018100054189821,0.0023796932839767,-0.0005696878649945997,2,2,4
swin,vit,FR,EFS,same_pretrain,0.011089513556618798,0.02583732057416265,-0.01474780701754385,2,2,4
swin,vit,FR,FE,same_pretrain,0.0118693347761836,0.03896604938271605,-0.02709671460653245,2,2,4
swin,vit,FR,FR,same_pretrain,0.0531628532974428,0.04037685060565275,0.012786002691790053,2,2,4
swin,vit,FR,FS,same_pretrain,0.0060358401070676,0.0032258064516129,0.0028100336554547,2,2,4
swin,vit,FS,ALL,same_pretrain,0.0007864199054552,0.0015864621893178,-0.0008000422838626,2,2,4
swin,vit,FS,EFS,same_pretrain,0.0084811935140882,0.01531100478468895,-0.00682981127060075,2,2,4
swin,vit,FS,FE,same_pretrain,0.00973051279366075,0.0204475308641975,-0.01071701807053675,2,2,4
swin,vit,FS,FR,same_pretrain,0.02086137281292055,0.0275908479138627,-0.006729475100942149,2,2,4
swin,vit,FS,FS,same_pretrain,0.0046104036686413,0.00879765395894425,-0.004187250290302949,2,2,4
swin,xception,ALL,ALL,same_pretrain,0.05723720418271875,0.01183269124931205,0.0454045129334067,2,2,4
swin,xception,ALL,EFS,same_pretrain,0.0015384615384615,0.0015384615384615,0.0,2,2,4
swin,xception,ALL,FE,same_pretrain,0.00226073850791255,0.00113036925395625,0.0011303692539563002,2,2,4
swin,xception,ALL,FR,same_pretrain,0.0025964786803420498,0.00400246305418715,-0.0014059843738451002,2,2,4
swin,xception,ALL,FS,same_pretrain,0.0081828442437923,0.00620767494356655,0.0019751693002257502,2,2,4
swin,xception,EFS,ALL,same_pretrain,0.04567969179966975,0.0074298293891029,0.03824986241056685,2,2,4
swin,xception,EFS,EFS,same_pretrain,0.00307692307692305,0.00307692307692305,0.0,2,2,4
swin,xception,EFS,FE,same_pretrain,0.00113036925395625,0.00037678975131875,0.0007535795026374999,2,2,4
swin,xception,EFS,FR,same_pretrain,0.00123152709359605,0.00475165109413515,-0.0035201240005391004,2,2,4
swin,xception,EFS,FS,same_pretrain,0.00931151241534985,0.0081828442437923,0.0011286681715575488,2,2,4
swin,xception,FE,ALL,same_pretrain,0.01816180517336265,0.0063291139240506,0.01183269124931205,2,2,4
swin,xception,FE,EFS,same_pretrain,0.00246153846153845,0.00276923076923075,-0.00030769230769230006,2,2,4
swin,xception,FE,FE,same_pretrain,0.00037678975131875,0.00037678975131875,0.0,2,2,4
swin,xception,FE,FR,same_pretrain,0.0027709359605911,0.00396143026708805,-0.0011904943064969496,2,2,4
swin,xception,FE,FS,same_pretrain,0.0087471783295711,0.00733634311512415,0.0014108352144469507,2,2,4
swin,xception,FR,ALL,same_pretrain,0.0462300495321959,0.0082553659878921,0.0379746835443038,2,2,4
swin,xception,FR,EFS,same_pretrain,0.0009230769230769,0.00246153846153845,-0.00153846153846155,2,2,4
swin,xception,FR,FE,same_pretrain,0.0082893745290128,0.00037678975131875,0.00791258477769405,2,2,4
swin,xception,FR,FR,same_pretrain,0.00690682350792825,0.0067733990147783,0.00013342449314994974,2,2,4
swin,xception,FR,FS,same_pretrain,0.0138261851015801,0.00635803385223425,0.00746815124934585,2,2,4
swin,xception,FS,ALL,same_pretrain,0.04760594386351125,0.00385250412768295,0.043753439735828306,2,2,4
swin,xception,FS,EFS,same_pretrain,0.0003076923076923,0.00246153846153845,-0.00215384615384615,2,2,4
swin,xception,FS,FE,same_pretrain,0.00150715900527505,0.0007535795026375,0.0007535795026375501,2,2,4
swin,xception,FS,FR,same_pretrain,0.00184729064039405,0.00615763546798025,-0.0043103448275862,2,2,4
swin,xception,FS,FS,same_pretrain,0.0056433408577878,0.00987584650112865,-0.0042325056433408495,2,2,4
vit,deit,ALL,ALL,same_pretrain,0.2011483436161737,0.04721061302573325,0.15393773059044047,2,2,4
vit,deit,ALL,EFS,same_pretrain,0.11665885974304065,0.0378638584047109,0.07879500133832976,2,2,4
vit,deit,ALL,FE,same_pretrain,0.0680033384694401,0.0390973292244478,0.028906009244992294,2,2,4
vit,deit,ALL,FR,same_pretrain,0.18048219682039152,0.0377906976744186,0.1426914991459729,2,2,4
vit,deit,ALL,FS,same_pretrain,0.1308470942338219,0.09059059059059055,0.040256503643231356,2,2,4
vit,deit,EFS,ALL,same_pretrain,0.18679813061140998,0.0262970859985785,0.1605010446128315,2,2,4
vit,deit,EFS,EFS,same_pretrain,0.21392615765524625,0.05674518201284795,0.1571809756423983,2,2,4
vit,deit,EFS,FE,same_pretrain,0.09291345659989725,0.022046738572162248,0.070866718027735,2,2,4
vit,deit,EFS,FR,same_pretrain,0.0883096833530416,0.02277131782945735,0.06553836552358425,2,2,4
vit,deit,EFS,FS,same_pretrain,0.06702125466427525,0.04904904904904905,0.0179722056152262,2,2,4
vit,deit,FE,ALL,same_pretrain,0.18274321947010497,0.0202027949731391,0.16254042449696587,2,2,4
vit,deit,FE,EFS,same_pretrain,0.1476336656852248,0.02783725910064235,0.11979640658458243,2,2,4
vit,deit,FE,FE,same_pretrain,0.31129173086800205,0.0301720595788392,0.2811196712891628,2,2,4
vit,deit,FE,FR,same_pretrain,0.07579982919458675,0.0251937984496124,0.05060603074497435,2,2,4
vit,deit,FE,FS,same_pretrain,0.12892182800649615,0.0305305305305305,0.09839129747596564,2,2,4
vit,deit,FR,ALL,same_pretrain,0.0544960462843839,0.01883439943141435,0.03566164685296955,2,2,4
vit,deit,FR,EFS,same_pretrain,0.03343649625267665,0.01391862955032115,0.019517866702355495,2,2,4
vit,deit,FR,FE,same_pretrain,0.021040061633281898,0.02325629173086795,-0.0022162300975860534,2,2,4
vit,deit,FR,FR,same_pretrain,0.12478485087373535,0.0266472868217054,0.09813756405202995,2,2,4
vit,deit,FR,FS,same_pretrain,0.05696199632126405,0.04004004004004,0.016921956281224053,2,2,4
vit,deit,FS,ALL,same_pretrain,0.2266388733478917,0.03192987386439709,0.19470899948349463,2,2,4
vit,deit,FS,EFS,same_pretrain,0.09235144539614559,0.02248394004282655,0.06986750535331904,2,2,4
vit,deit,FS,FE,same_pretrain,0.04712506420133535,0.0213405238828967,0.025784540318438652,2,2,4
vit,deit,FS,FR,same_pretrain,0.08112107476021539,0.0314922480620155,0.049628826698199895,2,2,4
vit,deit,FS,FS,same_pretrain,0.3034384498915391,0.08835036409407115,0.21508808579746796,2,2,4
vit,efficientnetb4,ALL,ALL,same_pretrain,0.01207642189143305,0.02109020768146485,-0.0090137857900318,2,2,4
vit,efficientnetb4,ALL,EFS,same_pretrain,0.0048088388535747,0.00161844084808885,0.0031903980054858497,2,2,4
vit,efficientnetb4,ALL,FE,same_pretrain,0.0039440864685096,0.00250207856994385,0.0014420078985657504,2,2,4
vit,efficientnetb4,ALL,FR,same_pretrain,0.010755365173510001,0.0077415929851538,0.003013772188356201,2,2,4
vit,efficientnetb4,ALL,FS,same_pretrain,0.0006489292667099,0.0005277044854881,0.0001212247812218,2,2,4
vit,efficientnetb4,EFS,ALL,same_pretrain,0.00438819283522945,0.00491841552876075,-0.0005302226935313004,2,2,4
vit,efficientnetb4,EFS,EFS,same_pretrain,0.007948306902302549,0.00210995535140455,0.005838351550897999,2,2,4
vit,efficientnetb4,EFS,FE,same_pretrain,0.0024734982332155,0.00144200789856575,0.0010314903346497501,2,2,4
vit,efficientnetb4,EFS,FR,same_pretrain,0.0027977617905675,0.0011630390344212998,0.0016347227561462003,2,2,4
vit,efficientnetb4,EFS,FS,same_pretrain,0.0,0.0,0.0,2,2,4
vit,efficientnetb4,FE,ALL,same_pretrain,0.00571374956905765,0.0121951219512195,-0.006481372382161851,2,2,4
vit,efficientnetb4,FE,EFS,same_pretrain,0.006181522450005699,0.00456308160191685,0.0016184408480888497,2,2,4
vit,efficientnetb4,FE,FE,same_pretrain,0.01065786738723755,0.00250207856994385,0.0081557888172937,2,2,4
vit,efficientnetb4,FE,FR,same_pretrain,0.00359712230215825,0.0039968025579536,-0.00039968025579534966,2,2,4
vit,efficientnetb4,FE,FS,same_pretrain,0.00026385224274405,0.00026385224274405,0.0,2,2,4
vit,efficientnetb4,FR,ALL,same_pretrain,0.0035928587949325,0.0065090836093546,-0.0029162248144221003,2,2,4
vit,efficientnetb4,FR,EFS,same_pretrain,0.0009320990498733501,0.0019616117471966,-0.00102951269732325,2,2,4
vit,efficientnetb4,FR,FE,same_pretrain,0.0007067137809187,0.00212014134275615,-0.0014134275618374501,2,2,4
vit,efficientnetb4,FR,FR,same_pretrain,0.0051958433253397,0.00192639781304725,0.00326944551229245,2,2,4
vit,efficientnetb4,FR,FS,same_pretrain,0.0,0.00026385224274405,-0.00026385224274405,2,2,4
vit,efficientnetb4,FS,ALL,same_pretrain,0.0131368672784956,0.0187042055605741,-0.005567338282078499,2,2,4
vit,efficientnetb4,FS,EFS,same_pretrain,0.0037283961994934002,0.00289371079706995,0.0008346854024234504,2,2,4
vit,efficientnetb4,FS,FE,same_pretrain,0.00253065890667215,0.00141342756183745,0.0011172313448347,2,2,4
vit,efficientnetb4,FS,FR,same_pretrain,0.0027977617905675,0.006758562615556399,-0.003960800824988899,2,2,4
vit,efficientnetb4,FS,FS,same_pretrain,0.001176633752198,0.0005277044854881,0.0006489292667099,2,2,4
vit,resnet34,ALL,ALL,same_pretrain,0.18525641025641024,0.07447609883167121,0.11078031142473903,2,2,4
vit,resnet34,ALL,EFS,same_pretrain,0.01345840130505705,0.0,0.01345840130505705,2,2,4
vit,resnet34,ALL,FE,same_pretrain,0.0032211882605583,0.0017895490336435,0.0014316392269148,2,2,4
vit,resnet34,ALL,FR,same_pretrain,0.00239234449760765,0.0015948963317384,0.0007974481658692503,2,2,4
vit,resnet34,ALL,FS,same_pretrain,0.0043424317617866,0.0013821922751899,0.0029602394865967,2,2,4
vit,resnet34,EFS,ALL,same_pretrain,0.1967948717948718,0.026516300227445,0.1702785715674268,2,2,4
vit,resnet34,EFS,EFS,same_pretrain,0.050163132137031,0.0,0.050163132137031,2,2,4
vit,resnet34,EFS,FE,same_pretrain,0.0012069787490173,0.0032211882605583,-0.002014209511541,2,2,4
vit,resnet34,EFS,FR,same_pretrain,0.00279106858054225,0.0,0.00279106858054225,2,2,4
vit,resnet34,EFS,FS,same_pretrain,0.01209677419354835,0.0004516711833785,0.01164510301016985,2,2,4
vit,resnet34,FE,ALL,same_pretrain,0.1349358974358974,0.0455436811103983,0.0893922163254991,2,2,4
vit,resnet34,FE,EFS,same_pretrain,0.01427406199021205,0.0011241627208009,0.013149899269411151,2,2,4
vit,resnet34,FE,FE,same_pretrain,0.00983091750073475,0.00501073729420185,0.0048201802065329005,2,2,4
vit,resnet34,FE,FR,same_pretrain,0.0011961722488038,0.0011961722488038,0.0,2,2,4
vit,resnet34,FE,FS,same_pretrain,0.01643920595533495,0.00214403715583885,0.014295168799496098,2,2,4
vit,resnet34,FR,ALL,same_pretrain,0.11538461538461535,0.02916666666666665,0.0862179487179487,2,2,4
vit,resnet34,FR,EFS,same_pretrain,0.00163132137030995,0.0,0.00163132137030995,2,2,4
vit,resnet34,FR,FE,same_pretrain,0.0,0.0028632784538296,-0.0028632784538296,2,2,4
vit,resnet34,FR,FR,same_pretrain,0.001993620414673,0.0,0.001993620414673,2,2,4
vit,resnet34,FR,FS,same_pretrain,0.0,0.00031017369727045,-0.00031017369727045,2,2,4
vit,resnet34,FS,ALL,same_pretrain,0.18108974358974356,0.07377651095429714,0.10731323263544641,2,2,4
vit,resnet34,FS,EFS,same_pretrain,0.0093800978792822,0.00040783034257745,0.00897226753670475,2,2,4
vit,resnet34,FS,FE,same_pretrain,0.0014316392269148,0.0025053686471009,-0.0010737294201861002,2,2,4
vit,resnet34,FS,FR,same_pretrain,0.00239234449760765,0.00279106858054225,-0.00039872408293459977,2,2,4
vit,resnet34,FS,FS,same_pretrain,0.01331029025757585,0.00124069478908185,0.012069595468494,2,2,4
vit,swin,ALL,ALL,same_pretrain,0.00761394150820015,0.0047322113166462995,0.002881730191553851,2,2,4
vit,swin,ALL,EFS,same_pretrain,0.008908713339908801,0.00170794192997435,0.007200771409934451,2,2,4
vit,swin,ALL,FE,same_pretrain,0.17063081695966906,0.1390899689762151,0.03154084798345397,2,2,4
vit,swin,ALL,FR,same_pretrain,0.02575138873560675,0.01016260162601625,0.0155887871095905,2,2,4
vit,swin,ALL,FS,same_pretrain,0.020857237348307897,0.02292366913693565,-0.002066431788627754,2,2,4
vit,swin,EFS,ALL,same_pretrain,0.0055945936077909,0.0025906735751295,0.0030039200326614003,2,2,4
vit,swin,EFS,EFS,same_pretrain,0.02747486142666715,0.0051238257899231,0.022351035636744048,2,2,4
vit,swin,EFS,FE,same_pretrain,0.12828645073285663,0.1184074457083764,0.009879005024480234,2,2,4
vit,swin,EFS,FR,same_pretrain,0.0017704079755729001,0.0086382113821138,-0.0068678034065409,2,2,4
vit,swin,EFS,FS,same_pretrain,0.015742340591154702,0.0117118424427316,0.004030498148423102,2,2,4
vit,swin,FE,ALL,same_pretrain,0.00819605474104875,0.0038015769750358503,0.0043944777660129,2,2,4
vit,swin,FE,EFS,same_pretrain,0.018344619825361348,0.0046968403074295,0.013647779517931849,2,2,4
vit,swin,FE,FE,same_pretrain,0.23663939998538489,0.12254395036194415,0.11409544962344073,2,2,4
vit,swin,FE,FR,same_pretrain,0.0054583747194937495,0.00609756097560975,-0.0006391862561160007,2,2,4
vit,swin,FE,FS,same_pretrain,0.0414073784101186,0.0108563599303465,0.0305510184797721,2,2,4
vit,swin,FR,ALL,same_pretrain,0.0016708267916474002,0.00139055773335145,0.0002802690582959502,2,2,4
vit,swin,FR,EFS,same_pretrain,0.00298889837745515,0.00256191289496155,0.0004269854824935997,2,2,4
vit,swin,FR,FE,same_pretrain,0.06463288521199585,0.0822130299896587,-0.017580144777662843,2,2,4
vit,swin,FR,FR,same_pretrain,0.01052358091454215,0.0127032520325203,-0.002179671117978151,2,2,4
vit,swin,FR,FS,same_pretrain,0.0089766606822262,0.0051148967571532,0.003861763925073,2,2,4
vit,swin,FS,ALL,same_pretrain,0.0094967853076777,0.00279190302483125,0.00670488228284645,2,2,4
vit,swin,FS,EFS,same_pretrain,0.006346800444947199,0.00085397096498715,0.005492829479960049,2,2,4
vit,swin,FS,FE,same_pretrain,0.17581971660071435,0.10496380558428126,0.0708559110164331,2,2,4
vit,swin,FS,FR,same_pretrain,0.009769433101570801,0.009015285288599451,0.0007541478129713501,2,2,4
vit,swin,FS,FS,same_pretrain,0.07354281124714834,0.024218985524853402,0.04932382572229494,2,2,4
vit,vit,ALL,EFS,same_pretrain,0.4605080409356725,0.03684210526315785,0.42366593567251465,2,2,4
vit,vit,ALL,FE,same_pretrain,0.14780379853620504,0.0385802469135802,0.10922355162262484,2,2,4
vit,vit,ALL,FR,same_pretrain,0.8133439460399994,0.07738896366083445,0.7359549823791649,2,2,4
vit,vit,ALL,FS,same_pretrain,0.7170584935739731,0.0291584660197996,0.6879000275541736,2,2,4
vit,vit,EFS,ALL,same_pretrain,0.448039072250643,0.0037017451084082,0.4443373271422348,2,2,4
vit,vit,EFS,FE,same_pretrain,0.7215742486124201,0.02893518518518515,0.692639063427235,2,2,4
vit,vit,EFS,FR,same_pretrain,0.4710829618288886,0.0753701211305518,0.3957128406983368,2,2,4
vit,vit,EFS,FS,same_pretrain,0.5210344131945128,0.01407624633431085,0.506958166860202,2,2,4
vit,vit,FE,ALL,same_pretrain,0.2660584002260225,0.00396615547329455,0.26209224475272797,2,2,4
vit,vit,FE,EFS,same_pretrain,0.7135898458266878,0.02583732057416265,0.6877525252525252,2,2,4
vit,vit,FE,FR,same_pretrain,0.31193117424862155,0.0706594885598923,0.24127168568872925,2,2,4
vit,vit,FE,FS,same_pretrain,0.5344055679111968,0.0102639296187683,0.5241416382924284,2,2,4
vit,vit,FR,ALL,same_pretrain,0.2548305634951317,0.0036949339192045,0.2511356295759272,2,2,4
vit,vit,FR,EFS,same_pretrain,0.22733087453482184,0.01339712918660285,0.213933745348219,2,2,4
vit,vit,FR,FE,same_pretrain,0.04469636145727875,0.02353395061728395,0.021162410839994795,2,2,4
vit,vit,FR,FS,same_pretrain,0.30338817925957995,0.012569131453088949,0.290819047806491,2,2,4
vit,vit,FS,ALL,same_pretrain,0.34899974962068486,0.0018440613650004,0.34715568825568444,2,2,4
vit,vit,FS,EFS,same_pretrain,0.5123205741626794,0.0129186602870813,0.4994019138755981,2,2,4
vit,vit,FS,FE,same_pretrain,0.2468804906854702,0.02623456790123455,0.22064592278423564,2,2,4
vit,vit,FS,FR,same_pretrain,0.595564517573663,0.06191117092866755,0.5336533466449955,2,2,4
vit,xception,ALL,ALL,same_pretrain,0.11392405063291135,0.02586681342872865,0.0880572372041827,2,2,4
vit,xception,ALL,EFS,same_pretrain,0.0003076923076923,0.0003076923076923,0.0,2,2,4
vit,xception,ALL,FE,same_pretrain,0.0,0.00037678975131875,-0.00037678975131875,2,2,4
vit,xception,ALL,FR,same_pretrain,0.000615763546798,0.00105706981334695,-0.00044130626654895005,2,2,4
vit,xception,ALL,FS,same_pretrain,0.00112866817155755,0.0047968397291196,-0.0036681715575620504,2,2,4
vit,xception,EFS,ALL,same_pretrain,0.116400660429279,0.0110071546505228,0.1053935057787562,2,2,4
vit,xception,EFS,EFS,same_pretrain,0.0046153846153846,0.00276923076923075,0.0018461538461538502,2,2,4
vit,xception,EFS,FE,same_pretrain,0.00226073850791255,0.00037678975131875,0.0018839487565938,2,2,4
vit,xception,EFS,FR,same_pretrain,0.00153940886699505,0.005059532867534151,-0.003520124000539101,2,2,4
vit,xception,EFS,FS,same_pretrain,0.0076185101580135,0.00959367945823925,-0.0019751693002257494,2,2,4
vit,xception,FE,ALL,same_pretrain,0.0938359933957072,0.0170610897083104,0.0767749036873968,2,2,4
vit,xception,FE,EFS,same_pretrain,0.00369230769230765,0.0018461538461538,0.0018461538461538502,2,2,4
vit,xception,FE,FE,same_pretrain,0.00886135138110955,0.00179993965644205,0.0070614117246675,2,2,4
vit,xception,FE,FR,same_pretrain,0.0021551724137931,0.002288596906943,-0.00013342449314989987,2,2,4
vit,xception,FE,FS,same_pretrain,0.01015801354401805,0.007787419841127199,0.0023705937028908504,2,2,4
vit,xception,FR,ALL,same_pretrain,0.0451293340671436,0.0085305448541552,0.036598789212988404,2,2,4
vit,xception,FR,EFS,same_pretrain,0.0009230769230769,0.00215384615384615,-0.00123076923076925,2,2,4
vit,xception,FR,FE,same_pretrain,0.00113036925395625,0.00037678975131875,0.0007535795026374999,2,2,4
vit,xception,FR,FR,same_pretrain,0.0049261083743842,0.0067733990147783,-0.0018472906403941003,2,2,4
vit,xception,FR,FS,same_pretrain,0.00366817155756205,0.0081828442437923,-0.0045146726862302505,2,2,4
vit,xception,FS,ALL,same_pretrain,0.0935608145294441,0.02944413869014855,0.06411667583929556,2,2,4
vit,xception,FS,EFS,same_pretrain,0.00246153846153845,0.0006153846153846,0.0018461538461538498,2,2,4
vit,xception,FS,FE,same_pretrain,0.0007535795026375,0.00037678975131875,0.00037678975131875,2,2,4
vit,xception,FS,FR,same_pretrain,0.0049261083743842,0.002729903173492,0.0021962052008922,2,2,4
vit,xception,FS,FS,same_pretrain,0.00987584650112865,0.0080695868840166,0.00180625961711205,2,2,4
xception,deit,ALL,ALL,same_pretrain,0.03785829876356685,0.0249267567843972,0.012931541979169646,2,2,4
xception,deit,ALL,EFS,same_pretrain,0.00827589668094215,0.00944777168094215,-0.001171875000000001,2,2,4
xception,deit,ALL,FE,same_pretrain,0.02587827426810475,0.0059540318438623,0.01992424242424245,2,2,4
xception,deit,ALL,FR,same_pretrain,0.07379615030876355,0.01493726185783725,0.058858888450926294,2,2,4
xception,deit,ALL,FS,same_pretrain,0.0339149217867753,0.0237857995295066,0.010129122257268697,2,2,4
xception,deit,EFS,ALL,same_pretrain,0.0609476370092876,0.05213352824751695,0.008814108761770648,2,2,4
xception,deit,EFS,EFS,same_pretrain,0.06541170369379015,0.0106631423982869,0.05474856129550325,2,2,4
xception,deit,EFS,FE,same_pretrain,0.0378839239856189,0.017313816127375398,0.0205701078582435,2,2,4
xception,deit,EFS,FR,same_pretrain,0.061286296150308756,0.021799040861910347,0.03948725528839841,2,2,4
xception,deit,EFS,FS,same_pretrain,0.08808808808808805,0.0186628275873127,0.06942526050077535,2,2,4
xception,deit,FE,ALL,same_pretrain,0.02958540343712425,0.03031504251071465,-0.0007296390735904018,2,2,4
xception,deit,FE,EFS,same_pretrain,0.0429277636509636,0.008131189775160549,0.03479657387580305,2,2,4
xception,deit,FE,FE,same_pretrain,0.052162300975860255,0.01731766820749865,0.034844632768361604,2,2,4
xception,deit,FE,FR,same_pretrain,0.00839574300354745,0.01816449875180655,-0.0097687557482591,2,2,4
xception,deit,FE,FS,same_pretrain,0.042042042042042,0.0137769348295664,0.028265107212475597,2,2,4
xception,deit,FR,ALL,same_pretrain,0.0161923582983338,0.0495720568001244,-0.0333796985017906,2,2,4
xception,deit,FR,EFS,same_pretrain,0.0030672845289079,0.00467328024625265,-0.0016059957173447503,2,2,4
xception,deit,FR,FE,same_pretrain,0.0121070878274268,0.005398048279404199,0.0067090395480226,2,2,4
xception,deit,FR,FR,same_pretrain,0.0309962554197871,0.0594879122322953,-0.028491656812508197,2,2,4
xception,deit,FR,FS,same_pretrain,0.0199009077727613,0.0137757895194966,0.006125118253264698,2,2,4
xception,deit,FS,ALL,same_pretrain,0.050875137183318105,0.09148526670499631,-0.0406101295216782,2,2,4
xception,deit,FS,EFS,same_pretrain,0.012847965738758,0.0131515993040685,-0.00030363356531049913,2,2,4
xception,deit,FS,FE,same_pretrain,0.030570107858243403,0.008985618900873099,0.021584488957370303,2,2,4
xception,deit,FS,FR,same_pretrain,0.07162166600972275,0.03051504401524105,0.0411066219944817,2,2,4
xception,deit,FS,FS,same_pretrain,0.15503604290789644,0.0757267565047885,0.07930928640310794,2,2,4
xception,efficientnetb4,ALL,ALL,same_pretrain,0.06592631868347665,0.024152843782866147,0.0417734749006105,2,2,4
xception,efficientnetb4,ALL,EFS,same_pretrain,0.00961767770714945,0.00220736899885445,0.007410308708295,2,2,4
xception,efficientnetb4,ALL,FE,same_pretrain,0.0058537726044481,0.00532893369361875,0.00052483891082935,2,2,4
xception,efficientnetb4,ALL,FR,same_pretrain,0.34649227183138986,0.00465215613768525,0.3418401156937046,2,2,4
xception,efficientnetb4,ALL,FS,same_pretrain,0.0061648280337443,0.00026385224274405,0.00590097579100025,2,2,4
xception,efficientnetb4,EFS,ALL,same_pretrain,0.0621556279975038,0.01646461472666255,0.045691013270841255,2,2,4
xception,efficientnetb4,EFS,EFS,same_pretrain,0.0892114991758239,0.013828695877826251,0.07538280329799765,2,2,4
xception,efficientnetb4,EFS,FE,same_pretrain,0.03051080856370815,0.00426886302224065,0.0262419455414675,2,2,4
xception,efficientnetb4,EFS,FR,same_pretrain,0.0838181363306301,0.00192639781304725,0.08189173851758284,2,2,4
xception,efficientnetb4,EFS,FS,same_pretrain,0.010261643486137,0.0,0.010261643486137,2,2,4
xception,efficientnetb4,FE,ALL,same_pretrain,0.0259693474551492,0.0069206062430994504,0.01904874121204975,2,2,4
xception,efficientnetb4,FE,EFS,same_pretrain,0.08549199550846286,0.0054442506950322,0.08004774481343066,2,2,4
xception,efficientnetb4,FE,FE,same_pretrain,0.2908438993972147,0.01666493452504675,0.274178964872168,2,2,4
xception,efficientnetb4,FE,FR,same_pretrain,0.0341998157199431,0.0035611205691934503,0.03063869515074965,2,2,4
xception,efficientnetb4,FE,FS,same_pretrain,0.1533505467956763,0.00316622691292875,0.15018431988274755,2,2,4
xception,efficientnetb4,FR,ALL,same_pretrain,0.2820745453831349,0.07045634063425976,0.21161820474887516,2,2,4
xception,efficientnetb4,FR,EFS,same_pretrain,0.00460956529260875,0.03456729342849955,-0.029957728135890798,2,2,4
xception,efficientnetb4,FR,FE,same_pretrain,0.0200348160465599,0.00571087092080645,0.014323945125753449,2,2,4
xception,efficientnetb4,FR,FR,same_pretrain,0.5972406807378524,0.0606793954149657,0.5365612853228867,2,2,4
xception,efficientnetb4,FR,FS,same_pretrain,0.008578707928751251,0.0005277044854881,0.008051003443263151,2,2,4
xception,efficientnetb4,FS,ALL,same_pretrain,0.2710821343318103,0.04668730825794565,0.22439482607386463,2,2,4
xception,efficientnetb4,FS,EFS,same_pretrain,0.0098080587359831,0.02113269840653905,-0.01132463967055595,2,2,4
xception,efficientnetb4,FS,FE,same_pretrain,0.0067709415921845505,0.0060356474745375,0.0007352941176470501,2,2,4
xception,efficientnetb4,FS,FR,same_pretrain,0.326263569297234,0.00595920210396565,0.3203043671932683,2,2,4
xception,efficientnetb4,FS,FS,same_pretrain,0.29922419564446895,0.0026385224274406,0.29658567321702833,2,2,4
xception,resnet34,ALL,ALL,same_pretrain,0.28529188779378317,0.09487179487179485,0.1904200929219883,2,2,4
xception,resnet34,ALL,EFS,same_pretrain,0.03711256117455135,0.0020391517128874,0.03507340946166395,2,2,4
xception,resnet34,ALL,FE,same_pretrain,0.04724409448818895,0.0010737294201861,0.04617036506800285,2,2,4
xception,resnet34,ALL,FR,same_pretrain,0.06467366442886635,0.0015948963317384,0.06307876809712795,2,2,4
xception,resnet34,ALL,FS,same_pretrain,0.0150082600908722,0.00169236597246035,0.01331589411841185,2,2,4
xception,resnet34,EFS,ALL,same_pretrain,0.23604201901207206,0.09615384615384615,0.1398881728582259,2,2,4
xception,resnet34,EFS,EFS,same_pretrain,0.34768529987800145,0.02487765089722675,0.3228076489807747,2,2,4
xception,resnet34,EFS,FE,same_pretrain,0.1262507506261663,0.0016981378845772,0.1245526127415891,2,2,4
xception,resnet34,EFS,FR,same_pretrain,0.07172912313671186,0.0011961722488038,0.07053295088790805,2,2,4
xception,resnet34,EFS,FS,same_pretrain,0.0243574613165486,0.0065136476426799,0.0178438136738687,2,2,4
xception,resnet34,FE,ALL,same_pretrain,0.10314170603215331,0.0179487179487179,0.08519298808343541,2,2,4
xception,resnet34,FE,EFS,same_pretrain,0.03369333027947475,0.00489396411092985,0.0287993661685449,2,2,4
xception,resnet34,FE,FE,same_pretrain,0.23706180659369708,0.00549416164022535,0.23156764495347174,2,2,4
xception,resnet34,FE,FR,same_pretrain,0.00464147801969095,0.0,0.00464147801969095,2,2,4
xception,resnet34,FE,FS,same_pretrain,0.0248690938108719,0.00806451612903225,0.01680457768183965,2,2,4
xception,resnet34,FR,ALL,same_pretrain,0.2636036916078614,0.1996794871794872,0.06392420442837421,2,2,4
xception,resnet34,FR,EFS,same_pretrain,0.0225405142635448,0.00122349102773245,0.021317023235812353,2,2,4
xception,resnet34,FR,FE,same_pretrain,0.13542315627228144,0.0007158196134574,0.13470733665882403,2,2,4
xception,resnet34,FR,FR,same_pretrain,0.27531743382416574,0.09449760765550234,0.18081982616866338,2,2,4
xception,resnet34,FR,FS,same_pretrain,0.014507835318220799,0.0049627791563275,0.009545056161893299,2,2,4
xception,resnet34,FS,ALL,same_pretrain,0.36756526894889285,0.20544871794871794,0.1621165510001749,2,2,4
xception,resnet34,FS,EFS,same_pretrain,0.04425485072708315,0.0122349102773246,0.03201994044975855,2,2,4
xception,resnet34,FS,FE,same_pretrain,0.0693849295360673,0.0012069787490173,0.06817795078705,2,2,4
xception,resnet34,FS,FR,same_pretrain,0.11487477797147315,0.00358851674641145,0.1112862612250617,2,2,4
xception,resnet34,FS,FS,same_pretrain,0.37250319980453733,0.0790942928039702,0.2934089070005671,2,2,4
xception,swin,ALL,ALL,same_pretrain,0.00195109584994335,0.0,0.00195109584994335,2,2,4
xception,swin,ALL,EFS,same_pretrain,0.00440693134514605,0.00042698548249355,0.0039799458626525,2,2,4
xception,swin,ALL,FE,same_pretrain,0.16237607647661917,0.0434332988624612,0.11894277761415797,2,2,4
xception,swin,ALL,FR,same_pretrain,0.02091610565426915,0.00444211455689215,0.016473991097377,2,2,4
xception,swin,ALL,FS,same_pretrain,0.01058526027816395,0.00331956462070795,0.007265695657455999,2,2,4
xception,swin,EFS,ALL,same_pretrain,0.00972311657533195,0.00028026905829595,0.009442847517036,2,2,4
xception,swin,EFS,EFS,same_pretrain,0.01471256471744905,0.00965207773341605,0.005060486984033,2,2,4
xception,swin,EFS,FE,same_pretrain,0.12878524499046695,0.0506904508302903,0.07809479416017664,2,2,4
xception,swin,EFS,FR,same_pretrain,0.0256525217967111,0.0010162601626016,0.0246362616341095,2,2,4
xception,swin,EFS,FS,same_pretrain,0.03321364452423695,0.0045305138969506005,0.028683130627286352,2,2,4
xception,swin,FE,ALL,same_pretrain,0.00287094263342545,0.00028026905829595,0.0025906735751295,2,2,4
xception,swin,FE,EFS,same_pretrain,0.0051238257899231,0.00528201524542995,-0.00015818945550684967,2,2,4
xception,swin,FE,FE,same_pretrain,0.16819165214387416,0.047162353378846646,0.12102929876502752,2,2,4
xception,swin,FE,FR,same_pretrain,0.0039339844755913005,0.00290162969502995,0.0010323547805613504,2,2,4
xception,swin,FE,FS,same_pretrain,0.00870556103004365,0.01123601193288425,-0.0025304509028405992,2,2,4
xception,swin,FR,ALL,same_pretrain,0.00334165358329485,0.00112107623318385,0.0022205773501109997,2,2,4
xception,swin,FR,EFS,same_pretrain,0.00213492741246795,0.00153399655260425,0.0006009308598636999,2,2,4
xception,swin,FR,FE,same_pretrain,0.12466700916098485,0.0418821096173733,0.08278489954361154,2,2,4
xception,swin,FR,FR,same_pretrain,0.051764889820843846,0.00304878048780485,0.04871610933303899,2,2,4
xception,swin,FR,FS,same_pretrain,0.0156157899236421,0.00246408210832285,0.01315170781531925,2,2,4
xception,swin,FS,ALL,same_pretrain,0.013804962608663849,0.00149117245820235,0.012313790150461499,2,2,4
xception,swin,FS,EFS,same_pretrain,0.00116499286256735,0.00122297465502405,-5.7981792456700005e-05,2,2,4
xception,swin,FS,FE,same_pretrain,0.11744639484132689,0.050173387748594346,0.06727300709273254,2,2,4
xception,swin,FS,FR,same_pretrain,0.0190307361218408,0.0050813008130081,0.013949435308832702,2,2,4
xception,swin,FS,FS,same_pretrain,0.08202508065495875,0.034021319006672844,0.04800376164828591,2,2,4
xception,vit,ALL,ALL,same_pretrain,0.00423056583818085,0.002372882094773,0.0018576837434078498,2,2,4
xception,vit,ALL,EFS,same_pretrain,0.03688031632110575,0.013481858054226449,0.0233984582668793,2,2,4
xception,vit,ALL,FE,same_pretrain,0.0364363342292968,0.00973051279366075,0.026705821435636046,2,2,4
xception,vit,ALL,FR,same_pretrain,0.0767160161507402,0.0228802153432032,0.053835800807537,2,2,4
xception,vit,ALL,FS,same_pretrain,0.01185641323387585,0.00800325729693555,0.0038531559369403,2,2,4
xception,vit,EFS,ALL,same_pretrain,0.00396615547329455,0.00646722414888055,-0.002501068675586,2,2,4
xception,vit,EFS,EFS,same_pretrain,0.06645235247208925,0.0127408958001063,0.053711456671982946,2,2,4
xception,vit,EFS,FE,same_pretrain,0.0490383664374396,0.01170097799653245,0.03733738844090715,2,2,4
xception,vit,EFS,FR,same_pretrain,0.0962314939434724,0.0161507402422611,0.0800807537012113,2,2,4
xception,vit,EFS,FS,same_pretrain,0.0202346041055718,0.0090982896730894,0.011136314432482402,2,2,4
xception,vit,FE,ALL,same_pretrain,0.00687466948704385,0.00104401908113785,0.0058306504059059995,2,2,4
xception,vit,FE,EFS,same_pretrain,0.04888855661881975,0.011999933545986151,0.0368886230728336,2,2,4
xception,vit,FE,FE,same_pretrain,0.1062149468821633,0.015043750945416,0.0911711959367473,2,2,4
xception,vit,FE,FR,same_pretrain,0.03633916554508745,0.0118837633947604,0.024455402150327047,2,2,4
xception,vit,FE,FS,same_pretrain,0.011563158101911051,0.01618832293491305,-0.004625164833002,2,2,4
xception,vit,FR,ALL,same_pretrain,0.0023796932839767,0.0154968176761802,-0.0131171243922035,2,2,4
xception,vit,FR,EFS,same_pretrain,0.013003389154704899,0.0132110579479,-0.000207668793195101,2,2,4
xception,vit,FR,FE,same_pretrain,0.00990141492419215,0.0071153465749758,0.0027860683492163503,2,2,4
xception,vit,FR,FR,same_pretrain,0.0787199308303109,0.023005012175155,0.0557149186551559,2,2,4
xception,vit,FR,FS,same_pretrain,0.0099706744868035,0.009684799937019,0.0002858745497845011,2,2,4
xception,vit,FS,ALL,same_pretrain,0.00713907985193015,0.01780158787891665,-0.010662508026986497,2,2,4
xception,vit,FS,EFS,same_pretrain,0.02957203615098345,0.01343534024455075,0.0161366959064327,2,2,4
xception,vit,FS,FE,same_pretrain,0.03253431132986575,0.0091298099859205,0.02340450134394525,2,2,4
xception,vit,FS,FR,same_pretrain,0.08411843876177655,0.0121130551816958,0.07200538358008075,2,2,4
xception,vit,FS,FS,same_pretrain,0.0247187998189297,0.11387869275128415,-0.08915989293235445,2,2,4
xception,xception,ALL,EFS,same_pretrain,0.4529191984486102,0.0012307692307692,0.451688429217841,2,2,4
xception,xception,ALL,FE,same_pretrain,0.0697207609008063,0.0007535795026375,0.06896718139816879,2,2,4
xception,xception,ALL,FR,same_pretrain,0.9226591746051069,0.00347909121344005,0.9191800833916669,2,2,4
xception,xception,ALL,FS,same_pretrain,0.7591621298632321,0.005079006772009,0.754083123091223,2,2,4
xception,xception,EFS,ALL,same_pretrain,0.7011884682076899,0.1906989543203082,0.5104895138873817,2,2,4
xception,xception,EFS,FE,same_pretrain,0.7692741899735318,0.00150715900527505,0.7677670309682567,2,2,4
xception,xception,EFS,FR,same_pretrain,0.6697406836551463,0.00400246305418715,0.6657382206009591,2,2,4
xception,xception,EFS,FS,same_pretrain,0.30211107813195653,0.02144469525959365,0.2806663828723629,2,2,4
xception,xception,FE,ALL,same_pretrain,0.575526961860112,0.05228398458998345,0.5232429772701286,2,2,4
xception,xception,FE,EFS,same_pretrain,0.5816043956043956,0.0083076923076923,0.5732967032967032,2,2,4
xception,xception,FE,FR,same_pretrain,0.4225822720968352,0.0046182266009852,0.41796404549585,2,2,4
xception,xception,FE,FS,same_pretrain,0.247104126473322,0.01890519187358915,0.22819893459973284,2,2,4
xception,xception,FR,ALL,same_pretrain,0.7227787526282902,0.16620803522289485,0.5565707174053953,2,2,4
xception,xception,FR,EFS,same_pretrain,0.4458409825468649,0.004,0.4418409825468649,2,2,4
xception,xception,FR,FE,same_pretrain,0.4795110741868276,0.0,0.4795110741868276,2,2,4
xception,xception,FR,FS,same_pretrain,0.5528902106586892,0.0110045146726862,0.541885695986003,2,2,4
xception,xception,FS,ALL,same_pretrain,0.7596794449647126,0.2523390203632361,0.5073404246014765,2,2,4
xception,xception,FS,EFS,same_pretrain,0.6226347769877182,0.0363076923076923,0.5863270846800259,2,2,4
xception,xception,FS,FE,same_pretrain,0.6265984965588443,0.00339110776186885,0.6232073887969753,2,2,4
xception,xception,FS,FR,same_pretrain,0.8009203300883916,0.0030788177339901,0.7978415123544015,2,2,4
