model_pair,mean_false,mean_true,diff
fr_deit_ALL || fr_efficientnetb4_ALL,0.0440653873489694,0.0008230452674897,-0.0432423420814797
fr_deit_ALL || fr_efficientnetb4_EFS,0.0170575692963752,0.0,-0.0170575692963752
fr_deit_ALL || fr_efficientnetb4_FE,0.0156361051883439,0.0,-0.0156361051883439
fr_deit_ALL || fr_efficientnetb4_FR,0.0120824449182658,0.0,-0.0120824449182658
fr_deit_ALL || fr_efficientnetb4_FS,0.1023454157782516,0.0,-0.1023454157782516
fr_deit_ALL || fr_resnet34_ALL,0.0909737029140014,0.0,-0.0909737029140014
fr_deit_ALL || fr_resnet34_EFS,0.0262970859985785,0.0,-0.0262970859985785
fr_deit_ALL || fr_resnet34_FE,0.0469083155650319,0.0050107372942018,-0.0418975782708301
fr_deit_ALL || fr_resnet34_FR,0.0739161336176261,0.0,-0.0739161336176261
fr_deit_ALL || fr_resnet34_FS,0.0511727078891258,0.0,-0.0511727078891258
fr_deit_ALL || fr_xception_ALL,0.0454868514570007,0.0,-0.0454868514570007
fr_deit_ALL || fr_xception_EFS,0.1158493248045486,0.0,-0.1158493248045486
fr_deit_ALL || fr_xception_FE,0.0561478322672352,0.0,-0.0561478322672352
fr_deit_ALL || fr_xception_FR,0.0184790334044065,0.0,-0.0184790334044065
fr_deit_ALL || fr_xception_FS,0.0902629708599857,0.0,-0.0902629708599857
fr_deit_ALL || imgnet_efficientnetb4_ALL,0.0454868514570007,0.0037115588547189,-0.0417752926022818
fr_deit_ALL || imgnet_efficientnetb4_EFS,0.021321961620469,0.004118050789293,-0.017203910831176
fr_deit_ALL || imgnet_efficientnetb4_FE,0.0241648898365316,0.0098939929328621,-0.014270896903669499
fr_deit_ALL || imgnet_efficientnetb4_FR,0.0142146410803127,0.0,-0.0142146410803127
fr_deit_ALL || imgnet_efficientnetb4_FS,0.0326936744847192,0.0,-0.0326936744847192
fr_deit_ALL || imgnet_resnet34_ALL,0.044776119402985,0.0262820512820512,-0.018494068120933804
fr_deit_ALL || imgnet_resnet34_EFS,0.0262970859985785,0.0008156606851549,-0.025481425313423598
fr_deit_ALL || imgnet_resnet34_FE,0.0113717128642501,0.0,-0.0113717128642501
fr_deit_ALL || imgnet_resnet34_FR,0.0170575692963752,0.0,-0.0170575692963752
fr_deit_ALL || imgnet_resnet34_FS,0.0298507462686567,0.0012406947890818,-0.028610051479574898
fr_deit_ALL || imgnet_xception_ALL,0.0099502487562189,0.0187121629058888,0.008761914149669899
fr_deit_ALL || imgnet_xception_EFS,0.0099502487562189,0.0024615384615384,-0.0074887102946805
fr_deit_ALL || imgnet_xception_FE,0.0092395167022032,0.0007535795026375,-0.0084859371995657
fr_deit_ALL || imgnet_xception_FR,0.0120824449182658,0.0086206896551724,-0.0034617552630934
fr_deit_ALL || imgnet_xception_FS,0.0106609808102345,0.0129796839729119,0.0023187031626773994
fr_deit_EFS || fr_efficientnetb4_ALL,0.0342612419700214,0.0008230452674897,-0.0334381967025317
fr_deit_EFS || fr_efficientnetb4_EFS,0.0246252676659528,0.0176678445229682,-0.006957423142984601
fr_deit_EFS || fr_efficientnetb4_FE,0.0203426124197002,0.0,-0.0203426124197002
fr_deit_EFS || fr_efficientnetb4_FR,0.0042826552462526,0.0,-0.0042826552462526
fr_deit_EFS || fr_efficientnetb4_FS,0.0546038543897216,0.0,-0.0546038543897216
fr_deit_EFS || fr_resnet34_ALL,0.0663811563169164,0.0007581501137225,-0.0656230062031939
fr_deit_EFS || fr_resnet34_EFS,0.0899357601713062,0.0,-0.0899357601713062
fr_deit_EFS || fr_resnet34_FE,0.038543897216274,0.0057265569076592,-0.0328173403086148
fr_deit_EFS || fr_resnet34_FR,0.0963597430406852,0.0,-0.0963597430406852
fr_deit_EFS || fr_resnet34_FS,0.012847965738758,0.0,-0.012847965738758
fr_deit_EFS || fr_xception_ALL,0.0149892933618843,0.0,-0.0149892933618843
fr_deit_EFS || fr_xception_EFS,0.1284796573875803,0.0,-0.1284796573875803
fr_deit_EFS || fr_xception_FE,0.0835117773019272,0.0,-0.0835117773019272
fr_deit_EFS || fr_xception_FR,0.0053533190578158,0.0,-0.0053533190578158
fr_deit_EFS || fr_xception_FS,0.025695931477516,0.0,-0.025695931477516
fr_deit_EFS || imgnet_efficientnetb4_ALL,0.0396145610278372,0.0037115588547189,-0.0359030021731183
fr_deit_EFS || imgnet_efficientnetb4_EFS,0.0449678800856531,0.0034317089910775,-0.041536171094575594
fr_deit_EFS || imgnet_efficientnetb4_FE,0.0449678800856531,0.0042402826855123,-0.0407275974001408
fr_deit_EFS || imgnet_efficientnetb4_FR,0.012847965738758,0.0,-0.012847965738758
fr_deit_EFS || imgnet_efficientnetb4_FS,0.025695931477516,0.0,-0.025695931477516
fr_deit_EFS || imgnet_resnet34_ALL,0.0546038543897216,0.016025641025641,-0.0385782133640806
fr_deit_EFS || imgnet_resnet34_EFS,0.0374732334047109,0.0,-0.0374732334047109
fr_deit_EFS || imgnet_resnet34_FE,0.0203426124197002,0.0,-0.0203426124197002
fr_deit_EFS || imgnet_resnet34_FR,0.0224839400428265,0.0,-0.0224839400428265
fr_deit_EFS || imgnet_resnet34_FS,0.0364025695931477,0.0,-0.0364025695931477
fr_deit_EFS || imgnet_xception_ALL,0.0149892933618843,0.0198128783709411,0.0048235850090568005
fr_deit_EFS || imgnet_xception_EFS,0.0182012847965738,0.0067692307692307,-0.0114320540273431
fr_deit_EFS || imgnet_xception_FE,0.0139186295503211,0.0030143180105501,-0.010904311539770999
fr_deit_EFS || imgnet_xception_FR,0.0085653104925053,0.0086206896551724,5.5379162667099774e-05
fr_deit_EFS || imgnet_xception_FS,0.019271948608137,0.0169300225733634,-0.0023419260347735983
fr_deit_FE || fr_efficientnetb4_ALL,0.0282485875706214,0.0008230452674897,-0.0274255423031317
fr_deit_FE || fr_efficientnetb4_EFS,0.0148305084745762,0.0023557126030624,-0.0124747958715138
fr_deit_FE || fr_efficientnetb4_FE,0.0056497175141242,0.0044117647058823,-0.0012379528082419001
fr_deit_FE || fr_efficientnetb4_FR,0.0176553672316384,0.0,-0.0176553672316384
fr_deit_FE || fr_efficientnetb4_FS,0.0642655367231638,0.0,-0.0642655367231638
fr_deit_FE || fr_resnet34_ALL,0.0621468926553672,0.0,-0.0621468926553672
fr_deit_FE || fr_resnet34_EFS,0.0331920903954802,0.0,-0.0331920903954802
fr_deit_FE || fr_resnet34_FE,0.0360169491525423,0.0286327845382963,-0.007384164614245996
fr_deit_FE || fr_resnet34_FR,0.0254237288135593,0.0,-0.0254237288135593
fr_deit_FE || fr_resnet34_FS,0.030367231638418,0.0,-0.030367231638418
fr_deit_FE || fr_xception_ALL,0.0508474576271186,0.0,-0.0508474576271186
fr_deit_FE || fr_xception_EFS,0.0748587570621469,0.0,-0.0748587570621469
fr_deit_FE || fr_xception_FE,0.0988700564971751,0.0037950664136622,-0.0950749900835129
fr_deit_FE || fr_xception_FR,0.0233050847457627,0.0,-0.0233050847457627
fr_deit_FE || fr_xception_FS,0.059322033898305,0.0,-0.059322033898305
fr_deit_FE || imgnet_efficientnetb4_ALL,0.0338983050847457,0.0106044538706256,-0.0232938512141201
fr_deit_FE || imgnet_efficientnetb4_EFS,0.0176553672316384,0.005490734385724,-0.012164632845914401
fr_deit_FE || imgnet_efficientnetb4_FE,0.0225988700564971,0.007773851590106,-0.014825018466391098
fr_deit_FE || imgnet_efficientnetb4_FR,0.0204802259887005,0.0,-0.0204802259887005
fr_deit_FE || imgnet_efficientnetb4_FS,0.028954802259887,0.0,-0.028954802259887
fr_deit_FE || imgnet_resnet34_ALL,0.0296610169491525,0.041025641025641,0.011364624076488496
fr_deit_FE || imgnet_resnet34_EFS,0.019774011299435,0.0,-0.019774011299435
fr_deit_FE || imgnet_resnet34_FE,0.0148305084745762,0.0,-0.0148305084745762
fr_deit_FE || imgnet_resnet34_FR,0.0204802259887005,0.0015948963317384,-0.018885329656962102
fr_deit_FE || imgnet_resnet34_FS,0.030367231638418,0.0006203473945409,-0.0297468842438771
fr_deit_FE || imgnet_xception_ALL,0.0091807909604519,0.0203632361034672,0.0111824451430153
fr_deit_FE || imgnet_xception_EFS,0.0155367231638418,0.0043076923076923,-0.0112290308561495
fr_deit_FE || imgnet_xception_FE,0.0091807909604519,0.0052750565184626,-0.0039057344419892994
fr_deit_FE || imgnet_xception_FR,0.0098870056497175,0.0036945812807881,-0.006192424368929399
fr_deit_FE || imgnet_xception_FS,0.0070621468926553,0.010158013544018,0.003095866651362699
fr_deit_FR || fr_efficientnetb4_ALL,0.0968992248062015,0.0008230452674897,-0.0960761795387118
fr_deit_FR || fr_efficientnetb4_EFS,0.0426356589147286,0.0011778563015312,-0.0414578026131974
fr_deit_FR || fr_efficientnetb4_FE,0.0271317829457364,0.0014705882352941,-0.0256611947104423
fr_deit_FR || fr_efficientnetb4_FR,0.0310077519379844,0.0,-0.0310077519379844
fr_deit_FR || fr_efficientnetb4_FS,0.064922480620155,0.0,-0.064922480620155
fr_deit_FR || fr_resnet34_ALL,0.0978682170542635,0.0,-0.0978682170542635
fr_deit_FR || fr_resnet34_EFS,0.0271317829457364,0.0,-0.0271317829457364
fr_deit_FR || fr_resnet34_FE,0.1046511627906976,0.0078740157480314,-0.0967771470426662
fr_deit_FR || fr_resnet34_FR,0.0988372093023255,0.0,-0.0988372093023255
fr_deit_FR || fr_resnet34_FS,0.0406976744186046,0.0,-0.0406976744186046
fr_deit_FR || fr_xception_ALL,0.1114341085271317,0.0,-0.1114341085271317
fr_deit_FR || fr_xception_EFS,0.1124031007751938,0.0,-0.1124031007751938
fr_deit_FR || fr_xception_FE,0.0077519379844961,0.0,-0.0077519379844961
fr_deit_FR || fr_xception_FR,0.0145348837209302,0.0,-0.0145348837209302
fr_deit_FR || fr_xception_FS,0.1308139534883721,0.0,-0.1308139534883721
fr_deit_FR || imgnet_efficientnetb4_ALL,0.0503875968992248,0.0090137857900318,-0.041373811109193
fr_deit_FR || imgnet_efficientnetb4_EFS,0.0426356589147286,0.0020590253946465,-0.040576633520082096
fr_deit_FR || imgnet_efficientnetb4_FE,0.0416666666666666,0.0056537102473498,-0.0360129564193168
fr_deit_FR || imgnet_efficientnetb4_FR,0.0251937984496124,0.0007993605115907,-0.0243944379380217
fr_deit_FR || imgnet_efficientnetb4_FS,0.0271317829457364,0.0,-0.0271317829457364
fr_deit_FR || imgnet_resnet34_ALL,0.0562015503875969,0.0506410256410256,-0.005560524746571302
fr_deit_FR || imgnet_resnet34_EFS,0.0358527131782945,0.0,-0.0358527131782945
fr_deit_FR || imgnet_resnet34_FE,0.0281007751937984,0.0,-0.0281007751937984
fr_deit_FR || imgnet_resnet34_FR,0.0281007751937984,0.0,-0.0281007751937984
fr_deit_FR || imgnet_resnet34_FS,0.0377906976744186,0.0,-0.0377906976744186
fr_deit_FR || imgnet_xception_ALL,0.0242248062015503,0.0291689598238855,0.0049441536223352005
fr_deit_FR || imgnet_xception_EFS,0.0300387596899224,0.0036923076923076,-0.0263464519976148
fr_deit_FR || imgnet_xception_FE,0.0193798449612403,0.0007535795026375,-0.0186262654586028
fr_deit_FR || imgnet_xception_FR,0.0184108527131782,0.0116995073891625,-0.0067113453240156985
fr_deit_FR || imgnet_xception_FS,0.0271317829457364,0.0112866817155756,-0.0158451012301608
fr_deit_FS || fr_efficientnetb4_ALL,0.1111111111111111,0.0008230452674897,-0.1102880658436214
fr_deit_FS || fr_efficientnetb4_EFS,0.049049049049049,0.0,-0.049049049049049
fr_deit_FS || fr_efficientnetb4_FE,0.058058058058058,0.0,-0.058058058058058
fr_deit_FS || fr_efficientnetb4_FR,0.037037037037037,0.0,-0.037037037037037
fr_deit_FS || fr_efficientnetb4_FS,0.2562562562562562,0.0019467878001297,-0.2543094684561265
fr_deit_FS || fr_resnet34_ALL,0.1541541541541541,0.0007581501137225,-0.1533960040404316
fr_deit_FS || fr_resnet34_EFS,0.044044044044044,0.0,-0.044044044044044
fr_deit_FS || fr_resnet34_FE,0.1661661661661661,0.0078740157480314,-0.1582921504181347
fr_deit_FS || fr_resnet34_FR,0.086086086086086,0.0,-0.086086086086086
fr_deit_FS || fr_resnet34_FS,0.1401401401401401,0.0,-0.1401401401401401
fr_deit_FS || fr_xception_ALL,0.067067067067067,0.0,-0.067067067067067
fr_deit_FS || fr_xception_EFS,0.1761761761761761,0.0,-0.1761761761761761
fr_deit_FS || fr_xception_FE,0.084084084084084,0.0009487666034155,-0.08313531748066849
fr_deit_FS || fr_xception_FR,0.039039039039039,0.0008826125330979,-0.0381564265059411
fr_deit_FS || fr_xception_FS,0.3093093093093093,0.0,-0.3093093093093093
fr_deit_FS || imgnet_efficientnetb4_ALL,0.1071071071071071,0.0058324496288441,-0.10127465747826299
fr_deit_FS || imgnet_efficientnetb4_EFS,0.058058058058058,0.005490734385724,-0.052567323672334
fr_deit_FS || imgnet_efficientnetb4_FE,0.051051051051051,0.004946996466431,-0.04610405458462
fr_deit_FS || imgnet_efficientnetb4_FR,0.042042042042042,0.0,-0.042042042042042
fr_deit_FS || imgnet_efficientnetb4_FS,0.088088088088088,0.0,-0.088088088088088
fr_deit_FS || imgnet_resnet34_ALL,0.072072072072072,0.0326923076923076,-0.039379764379764405
fr_deit_FS || imgnet_resnet34_EFS,0.052052052052052,0.0016313213703099,-0.050420730681742104
fr_deit_FS || imgnet_resnet34_FE,0.036036036036036,0.0,-0.036036036036036
fr_deit_FS || imgnet_resnet34_FR,0.047047047047047,0.0023923444976076,-0.0446547025494394
fr_deit_FS || imgnet_resnet34_FS,0.071071071071071,0.0006203473945409,-0.0704507236765301
fr_deit_FS || imgnet_xception_ALL,0.046046046046046,0.0253164556962025,-0.0207295903498435
fr_deit_FS || imgnet_xception_EFS,0.019019019019019,0.0018461538461538,-0.0171728651728652
fr_deit_FS || imgnet_xception_FE,0.01001001001001,0.001507159005275,-0.008502851004735
fr_deit_FS || imgnet_xception_FR,0.026026026026026,0.0086206896551724,-0.0174053363708536
fr_deit_FS || imgnet_xception_FS,0.037037037037037,0.0180586907449209,-0.0189783462921161
fr_efficientnetb4_ALL || fr_swin_ALL,0.002220577350111,0.0008230452674897,-0.0013975320826213002
fr_efficientnetb4_ALL || fr_swin_EFS,0.0025619128949615,0.0008230452674897,-0.0017388676274717998
fr_efficientnetb4_ALL || fr_swin_FE,0.1509824198552223,0.0,-0.1509824198552223
fr_efficientnetb4_ALL || fr_swin_FR,0.0060975609756097,0.0008230452674897,-0.00527451570812
fr_efficientnetb4_ALL || fr_swin_FS,0.0107719928186714,0.0,-0.0107719928186714
fr_efficientnetb4_ALL || fr_vit_ALL,0.0068746694870438,0.0008230452674897,-0.0060516242195541
fr_efficientnetb4_ALL || fr_vit_EFS,0.0574162679425837,0.0008230452674897,-0.056593222675094
fr_efficientnetb4_ALL || fr_vit_FE,0.044753086419753,0.0008230452674897,-0.0439300411522633
fr_efficientnetb4_ALL || fr_vit_FR,0.1641991924629879,0.0008230452674897,-0.1633761471954982
fr_efficientnetb4_ALL || fr_vit_FS,0.0187683284457478,0.0008230452674897,-0.017945283178258102
fr_efficientnetb4_ALL || imgnet_deit_ALL,0.0,0.0008230452674897,0.0008230452674897
fr_efficientnetb4_ALL || imgnet_deit_EFS,0.0,0.0008230452674897,0.0008230452674897
fr_efficientnetb4_ALL || imgnet_deit_FE,0.0,0.0008230452674897,0.0008230452674897
fr_efficientnetb4_ALL || imgnet_deit_FR,0.0,0.0008230452674897,0.0008230452674897
fr_efficientnetb4_ALL || imgnet_deit_FS,0.0,0.0008230452674897,0.0008230452674897
fr_efficientnetb4_ALL || imgnet_swin_ALL,0.0,0.0008230452674897,0.0008230452674897
fr_efficientnetb4_ALL || imgnet_swin_EFS,0.0,0.0008230452674897,0.0008230452674897
fr_efficientnetb4_ALL || imgnet_swin_FE,0.0,0.0008230452674897,0.0008230452674897
fr_efficientnetb4_ALL || imgnet_swin_FR,0.0,0.0016460905349794,0.0016460905349794
fr_efficientnetb4_ALL || imgnet_swin_FS,0.0,0.0008230452674897,0.0008230452674897
fr_efficientnetb4_ALL || imgnet_vit_ALL,0.0,0.0008230452674897,0.0008230452674897
fr_efficientnetb4_ALL || imgnet_vit_EFS,0.0,0.0008230452674897,0.0008230452674897
fr_efficientnetb4_ALL || imgnet_vit_FE,0.000942507068803,0.0,-0.000942507068803
fr_efficientnetb4_ALL || imgnet_vit_FR,0.0,0.0008230452674897,0.0008230452674897
fr_efficientnetb4_ALL || imgnet_vit_FS,0.0016778523489932,0.0008230452674897,-0.0008548070815035001
fr_efficientnetb4_EFS || fr_swin_ALL,0.0,0.0023557126030624,0.0023557126030624
fr_efficientnetb4_EFS || fr_swin_EFS,0.0025619128949615,0.0035335689045936,0.0009716560096321002
fr_efficientnetb4_EFS || fr_swin_FE,0.1582213029989658,0.0023557126030624,-0.15586559039590342
fr_efficientnetb4_EFS || fr_swin_FR,0.0182926829268292,0.0023557126030624,-0.0159369703237668
fr_efficientnetb4_EFS || fr_swin_FS,0.0197486535008976,0.0011778563015312,-0.0185707971993664
fr_efficientnetb4_EFS || fr_vit_ALL,0.002644103648863,0.0082449941107184,0.0056008904618554
fr_efficientnetb4_EFS || fr_vit_EFS,0.031578947368421,0.0117785630153121,-0.0198003843531089
fr_efficientnetb4_EFS || fr_vit_FE,0.0285493827160493,0.0082449941107184,-0.020304388605330903
fr_efficientnetb4_EFS || fr_vit_FR,0.0551816958277254,0.0011778563015312,-0.0540038395261942
fr_efficientnetb4_EFS || fr_vit_FS,0.019941348973607,0.0047114252061248,-0.015229923767482202
fr_efficientnetb4_EFS || imgnet_deit_ALL,0.0096735187424425,0.0106007067137809,0.0009271879713383998
fr_efficientnetb4_EFS || imgnet_deit_EFS,0.0,0.0082449941107184,0.0082449941107184
fr_efficientnetb4_EFS || imgnet_deit_FE,0.01,0.0070671378091872,-0.0029328621908128
fr_efficientnetb4_EFS || imgnet_deit_FR,0.0045197740112994,0.0047114252061248,0.00019165119482540075
fr_efficientnetb4_EFS || imgnet_deit_FS,0.0,0.0094228504122497,0.0094228504122497
fr_efficientnetb4_EFS || imgnet_swin_ALL,0.0,0.0035335689045936,0.0035335689045936
fr_efficientnetb4_EFS || imgnet_swin_EFS,0.0,0.0047114252061248,0.0047114252061248
fr_efficientnetb4_EFS || imgnet_swin_FE,0.0,0.0,0.0
fr_efficientnetb4_EFS || imgnet_swin_FR,0.0015082956259426,0.0023557126030624,0.0008474169771198001
fr_efficientnetb4_EFS || imgnet_swin_FS,0.0006265664160401,0.0047114252061248,0.0040848587900847
fr_efficientnetb4_EFS || imgnet_vit_ALL,0.0030911901081916,0.0011778563015312,-0.0019133338066603999
fr_efficientnetb4_EFS || imgnet_vit_EFS,0.0,0.0035335689045936,0.0035335689045936
fr_efficientnetb4_EFS || imgnet_vit_FE,0.0,0.0070671378091872,0.0070671378091872
fr_efficientnetb4_EFS || imgnet_vit_FR,0.0,0.0011778563015312,0.0011778563015312
fr_efficientnetb4_EFS || imgnet_vit_FS,0.0008389261744966,0.0023557126030624,0.0015167864285658
fr_efficientnetb4_FE || fr_swin_ALL,0.000740192450037,0.0,-0.000740192450037
fr_efficientnetb4_FE || fr_swin_EFS,0.0008539709649871,0.0,-0.0008539709649871
fr_efficientnetb4_FE || fr_swin_FE,0.1003102378490175,0.0,-0.1003102378490175
fr_efficientnetb4_FE || fr_swin_FR,0.0152439024390243,0.0,-0.0152439024390243
fr_efficientnetb4_FE || fr_swin_FS,0.0053859964093357,0.0,-0.0053859964093357
fr_efficientnetb4_FE || fr_vit_ALL,0.0021152829190904,0.0029411764705882,0.0008258935514978
fr_efficientnetb4_FE || fr_vit_EFS,0.0373205741626794,0.0,-0.0373205741626794
fr_efficientnetb4_FE || fr_vit_FE,0.0108024691358024,0.0029411764705882,-0.007861292665214199
fr_efficientnetb4_FE || fr_vit_FR,0.0390309555854643,0.0,-0.0390309555854643
fr_efficientnetb4_FE || fr_vit_FS,0.0123167155425219,0.0029411764705882,-0.009375539071933699
fr_efficientnetb4_FE || imgnet_deit_ALL,0.0133010882708585,0.0014705882352941,-0.0118305000355644
fr_efficientnetb4_FE || imgnet_deit_EFS,0.00078125,0.0,-0.00078125
fr_efficientnetb4_FE || imgnet_deit_FE,0.0009090909090909,0.0,-0.0009090909090909
fr_efficientnetb4_FE || imgnet_deit_FR,0.0033898305084745,0.0014705882352941,-0.0019192422731803998
fr_efficientnetb4_FE || imgnet_deit_FS,0.0015255530129672,0.0,-0.0015255530129672
fr_efficientnetb4_FE || imgnet_swin_ALL,0.0,0.0,0.0
fr_efficientnetb4_FE || imgnet_swin_EFS,0.0007380073800738,0.0,-0.0007380073800738
fr_efficientnetb4_FE || imgnet_swin_FE,0.0,0.0,0.0
fr_efficientnetb4_FE || imgnet_swin_FR,0.0,0.0044117647058823,0.0044117647058823
fr_efficientnetb4_FE || imgnet_swin_FS,0.0006265664160401,0.0,-0.0006265664160401
fr_efficientnetb4_FE || imgnet_vit_ALL,0.0010303967027305,0.0014705882352941,0.00044019153256360014
fr_efficientnetb4_FE || imgnet_vit_EFS,0.0,0.0014705882352941,0.0014705882352941
fr_efficientnetb4_FE || imgnet_vit_FE,0.000942507068803,0.0014705882352941,0.0005280811664911001
fr_efficientnetb4_FE || imgnet_vit_FR,0.0008873114463176,0.0,-0.0008873114463176
fr_efficientnetb4_FE || imgnet_vit_FS,0.0016778523489932,0.0,-0.0016778523489932
fr_efficientnetb4_FR || fr_swin_ALL,0.0,0.0045801526717557,0.0045801526717557
fr_efficientnetb4_FR || fr_swin_EFS,0.0008539709649871,0.0015267175572519,0.0006727465922647999
fr_efficientnetb4_FR || fr_swin_FE,0.0920372285418821,0.0,-0.0920372285418821
fr_efficientnetb4_FR || fr_swin_FR,0.0101626016260162,0.0015267175572519,-0.0086358840687643
fr_efficientnetb4_FR || fr_swin_FS,0.0017953321364452,0.0015267175572519,-0.0002686145791933
fr_efficientnetb4_FR || fr_vit_ALL,0.005288207297726,0.0015267175572519,-0.0037614897404741
fr_efficientnetb4_FR || fr_vit_EFS,0.0153110047846889,0.0,-0.0153110047846889
fr_efficientnetb4_FR || fr_vit_FE,0.0223765432098765,0.0,-0.0223765432098765
fr_efficientnetb4_FR || fr_vit_FR,0.0457604306864064,0.0,-0.0457604306864064
fr_efficientnetb4_FR || fr_vit_FS,0.0052785923753665,0.0,-0.0052785923753665
fr_efficientnetb4_FR || imgnet_deit_ALL,0.0,0.0045801526717557,0.0045801526717557
fr_efficientnetb4_FR || imgnet_deit_EFS,0.0,0.0,0.0
fr_efficientnetb4_FR || imgnet_deit_FE,0.0,0.0,0.0
fr_efficientnetb4_FR || imgnet_deit_FR,0.0011299435028248,0.0030534351145038,0.0019234916116789998
fr_efficientnetb4_FR || imgnet_deit_FS,0.0,0.0061068702290076,0.0061068702290076
fr_efficientnetb4_FR || imgnet_swin_ALL,0.0,0.0015267175572519,0.0015267175572519
fr_efficientnetb4_FR || imgnet_swin_EFS,0.0,0.0045801526717557,0.0045801526717557
fr_efficientnetb4_FR || imgnet_swin_FE,0.0,0.0015267175572519,0.0015267175572519
fr_efficientnetb4_FR || imgnet_swin_FR,0.0,0.0015267175572519,0.0015267175572519
fr_efficientnetb4_FR || imgnet_swin_FS,0.0,0.0015267175572519,0.0015267175572519
fr_efficientnetb4_FR || imgnet_vit_ALL,0.0,0.0106870229007633,0.0106870229007633
fr_efficientnetb4_FR || imgnet_vit_EFS,0.0,0.0015267175572519,0.0015267175572519
fr_efficientnetb4_FR || imgnet_vit_FE,0.000942507068803,0.0,-0.000942507068803
fr_efficientnetb4_FR || imgnet_vit_FR,0.0,0.0030534351145038,0.0030534351145038
fr_efficientnetb4_FR || imgnet_vit_FS,0.0,0.0015267175572519,0.0015267175572519
fr_efficientnetb4_FS || fr_swin_ALL,0.005921539600296,0.0,-0.005921539600296
fr_efficientnetb4_FS || fr_swin_EFS,0.0042698548249359,0.0,-0.0042698548249359
fr_efficientnetb4_FS || fr_swin_FE,0.2616339193381592,0.0,-0.2616339193381592
fr_efficientnetb4_FS || fr_swin_FR,0.0213414634146341,0.0,-0.0213414634146341
fr_efficientnetb4_FS || fr_swin_FS,0.044883303411131,0.0,-0.044883303411131
fr_efficientnetb4_FS || fr_vit_ALL,0.0153358011634056,0.0012978585334198,-0.014037942629985799
fr_efficientnetb4_FS || fr_vit_EFS,0.0708133971291866,0.0,-0.0708133971291866
fr_efficientnetb4_FS || fr_vit_FE,0.1041666666666666,0.0,-0.1041666666666666
fr_efficientnetb4_FS || fr_vit_FR,0.1695827725437416,0.0,-0.1695827725437416
fr_efficientnetb4_FS || fr_vit_FS,0.0592375366568914,0.0012978585334198,-0.0579396781234716
fr_efficientnetb4_FS || imgnet_deit_ALL,0.0018137847642079,0.0,-0.0018137847642079
fr_efficientnetb4_FS || imgnet_deit_EFS,0.0,0.0006489292667099,0.0006489292667099
fr_efficientnetb4_FS || imgnet_deit_FE,0.0036363636363636,0.0,-0.0036363636363636
fr_efficientnetb4_FS || imgnet_deit_FR,0.0,0.0,0.0
fr_efficientnetb4_FS || imgnet_deit_FS,0.0,0.0006489292667099,0.0006489292667099
fr_efficientnetb4_FS || imgnet_swin_ALL,0.0,0.0,0.0
fr_efficientnetb4_FS || imgnet_swin_EFS,0.0,0.0,0.0
fr_efficientnetb4_FS || imgnet_swin_FE,0.0,0.0,0.0
fr_efficientnetb4_FS || imgnet_swin_FR,0.0,0.0,0.0
fr_efficientnetb4_FS || imgnet_swin_FS,0.0,0.0,0.0
fr_efficientnetb4_FS || imgnet_vit_ALL,0.0005151983513652,0.0,-0.0005151983513652
fr_efficientnetb4_FS || imgnet_vit_EFS,0.0,0.0,0.0
fr_efficientnetb4_FS || imgnet_vit_FE,0.001885014137606,0.0,-0.001885014137606
fr_efficientnetb4_FS || imgnet_vit_FR,0.0,0.0,0.0
fr_efficientnetb4_FS || imgnet_vit_FS,0.0033557046979865,0.0,-0.0033557046979865
fr_resnet34_ALL || fr_swin_ALL,0.0747594374537379,0.0,-0.0747594374537379
fr_resnet34_ALL || fr_swin_EFS,0.0256191289496157,0.0,-0.0256191289496157
fr_resnet34_ALL || fr_swin_FE,0.2916235780765253,0.0,-0.2916235780765253
fr_resnet34_ALL || fr_swin_FR,0.1036585365853658,0.0,-0.1036585365853658
fr_resnet34_ALL || fr_swin_FS,0.0754039497307001,0.0,-0.0754039497307001
fr_resnet34_ALL || fr_vit_ALL,0.0105764145954521,0.0,-0.0105764145954521
fr_resnet34_ALL || fr_vit_EFS,0.0966507177033492,0.0,-0.0966507177033492
fr_resnet34_ALL || fr_vit_FE,0.0841049382716049,0.0,-0.0841049382716049
fr_resnet34_ALL || fr_vit_FR,0.2261103633916554,0.0,-0.2261103633916554
fr_resnet34_ALL || fr_vit_FS,0.0422287390029325,0.0,-0.0422287390029325
fr_resnet34_ALL || imgnet_deit_ALL,0.3821039903264812,0.0022744503411675,-0.37982953998531366
fr_resnet34_ALL || imgnet_deit_EFS,0.046875,0.001516300227445,-0.045358699772555
fr_resnet34_ALL || imgnet_deit_FE,0.1172727272727272,0.0053070507960576,-0.11196567647666959
fr_resnet34_ALL || imgnet_deit_FR,0.2440677966101695,0.0007581501137225,-0.243309646496447
fr_resnet34_ALL || imgnet_deit_FS,0.110602593440122,0.0037907505686125,-0.1068118428715095
fr_resnet34_ALL || imgnet_swin_ALL,0.2847533632286995,0.0,-0.2847533632286995
fr_resnet34_ALL || imgnet_swin_EFS,0.1638376383763837,0.0,-0.1638376383763837
fr_resnet34_ALL || imgnet_swin_FE,0.0117773019271948,0.0,-0.0117773019271948
fr_resnet34_ALL || imgnet_swin_FR,0.0535444947209653,0.0,-0.0535444947209653
fr_resnet34_ALL || imgnet_swin_FS,0.2807017543859649,0.0,-0.2807017543859649
fr_resnet34_ALL || imgnet_vit_ALL,0.2452344152498712,0.001516300227445,-0.24371811502242618
fr_resnet34_ALL || imgnet_vit_EFS,0.0541666666666666,0.00303260045489,-0.0511340662117766
fr_resnet34_ALL || imgnet_vit_FE,0.0471253534401508,0.0045489006823351,-0.0425764527578157
fr_resnet34_ALL || imgnet_vit_FR,0.0984915705412599,0.0,-0.0984915705412599
fr_resnet34_ALL || imgnet_vit_FS,0.3154362416107382,0.0007581501137225,-0.3146780914970157
fr_resnet34_EFS || fr_swin_ALL,0.0192450037009622,0.0,-0.0192450037009622
fr_resnet34_EFS || fr_swin_EFS,0.0614859094790777,0.0,-0.0614859094790777
fr_resnet34_EFS || fr_swin_FE,0.1726990692864529,0.0,-0.1726990692864529
fr_resnet34_EFS || fr_swin_FR,0.0579268292682926,0.0,-0.0579268292682926
fr_resnet34_EFS || fr_swin_FS,0.0233393177737881,0.0,-0.0233393177737881
fr_resnet34_EFS || fr_vit_ALL,0.0037017451084082,0.0,-0.0037017451084082
fr_resnet34_EFS || fr_vit_EFS,0.0956937799043062,0.0,-0.0956937799043062
fr_resnet34_EFS || fr_vit_FE,0.0339506172839506,0.0,-0.0339506172839506
fr_resnet34_EFS || fr_vit_FR,0.1022880215343203,0.0,-0.1022880215343203
fr_resnet34_EFS || fr_vit_FS,0.0158357771260997,0.0,-0.0158357771260997
fr_resnet34_EFS || imgnet_deit_ALL,0.0743651753325272,0.0,-0.0743651753325272
fr_resnet34_EFS || imgnet_deit_EFS,0.00859375,0.0,-0.00859375
fr_resnet34_EFS || imgnet_deit_FE,0.0727272727272727,0.0,-0.0727272727272727
fr_resnet34_EFS || imgnet_deit_FR,0.0610169491525423,0.0,-0.0610169491525423
fr_resnet34_EFS || imgnet_deit_FS,0.0015255530129672,0.0,-0.0015255530129672
fr_resnet34_EFS || imgnet_swin_ALL,0.0106502242152466,0.0,-0.0106502242152466
fr_resnet34_EFS || imgnet_swin_EFS,0.033210332103321,0.0,-0.033210332103321
fr_resnet34_EFS || imgnet_swin_FE,0.0032119914346895,0.0,-0.0032119914346895
fr_resnet34_EFS || imgnet_swin_FR,0.0150829562594268,0.0,-0.0150829562594268
fr_resnet34_EFS || imgnet_swin_FS,0.0150375939849624,0.0,-0.0150375939849624
fr_resnet34_EFS || imgnet_vit_ALL,0.0175167439464193,0.0,-0.0175167439464193
fr_resnet34_EFS || imgnet_vit_EFS,0.0104166666666666,0.0,-0.0104166666666666
fr_resnet34_EFS || imgnet_vit_FE,0.0273327049952874,0.0014326647564469,-0.025900040238840502
fr_resnet34_EFS || imgnet_vit_FR,0.0168589174800354,0.0,-0.0168589174800354
fr_resnet34_EFS || imgnet_vit_FS,0.009228187919463,0.0,-0.009228187919463
fr_resnet34_FE || fr_swin_ALL,0.002220577350111,0.0042949176807444,0.0020743403306333996
fr_resnet34_FE || fr_swin_EFS,0.0068317677198975,0.0021474588403722,-0.0046843088795253
fr_resnet34_FE || fr_swin_FE,0.3712512926577042,0.003579098067287,-0.36767219459041717
fr_resnet34_FE || fr_swin_FR,0.0396341463414634,0.0014316392269148,-0.0382025071145486
fr_resnet34_FE || fr_swin_FS,0.0305206463195691,0.0014316392269148,-0.029089007092654297
fr_resnet34_FE || fr_vit_ALL,0.005288207297726,0.0064423765211166,0.0011541692233906003
fr_resnet34_FE || fr_vit_EFS,0.0555023923444976,0.0014316392269148,-0.054070753117582804
fr_resnet34_FE || fr_vit_FE,0.0547839506172839,0.0078740157480314,-0.046909934869252504
fr_resnet34_FE || fr_vit_FR,0.1574697173620457,0.0,-0.1574697173620457
fr_resnet34_FE || fr_vit_FS,0.0357771260997067,0.0028632784538296,-0.0329138476458771
fr_resnet34_FE || imgnet_deit_ALL,0.1178960096735187,0.007158196134574,-0.1107378135389447
fr_resnet34_FE || imgnet_deit_EFS,0.00546875,0.0042949176807444,-0.0011738323192556
fr_resnet34_FE || imgnet_deit_FE,0.0172727272727272,0.0042949176807444,-0.0129778095919828
fr_resnet34_FE || imgnet_deit_FR,0.047457627118644,0.0014316392269148,-0.0460259878917292
fr_resnet34_FE || imgnet_deit_FS,0.0045766590389016,0.0021474588403722,-0.0024292001985294002
fr_resnet34_FE || imgnet_swin_ALL,0.0033632286995515,0.0014316392269148,-0.0019315894726366998
fr_resnet34_FE || imgnet_swin_EFS,0.0088560885608856,0.0021474588403722,-0.0067086297205134
fr_resnet34_FE || imgnet_swin_FE,0.0010706638115631,0.0007158196134574,-0.0003548441981057
fr_resnet34_FE || imgnet_swin_FR,0.0037707390648567,0.003579098067287,-0.0001916409975696999
fr_resnet34_FE || imgnet_swin_FS,0.006265664160401,0.0078740157480314,0.0016083515876304001
fr_resnet34_FE || imgnet_vit_ALL,0.0097887686759402,0.003579098067287,-0.0062096706086531995
fr_resnet34_FE || imgnet_vit_EFS,0.00625,0.0064423765211166,0.0001923765211165997
fr_resnet34_FE || imgnet_vit_FE,0.0103675777568331,0.0100214745884037,-0.000346103168429401
fr_resnet34_FE || imgnet_vit_FR,0.0115350488021295,0.0057265569076592,-0.005808491894470301
fr_resnet34_FE || imgnet_vit_FS,0.0184563758389261,0.0050107372942018,-0.0134456385447243
fr_resnet34_FR || fr_swin_ALL,0.0444115470022205,0.0,-0.0444115470022205
fr_resnet34_FR || fr_swin_EFS,0.0222032450896669,0.0,-0.0222032450896669
fr_resnet34_FR || fr_swin_FE,0.2730093071354705,0.0,-0.2730093071354705
fr_resnet34_FR || fr_swin_FR,0.258130081300813,0.0,-0.258130081300813
fr_resnet34_FR || fr_swin_FS,0.0341113105924596,0.0,-0.0341113105924596
fr_resnet34_FR || fr_vit_ALL,0.005288207297726,0.0,-0.005288207297726
fr_resnet34_FR || fr_vit_EFS,0.0746411483253588,0.0,-0.0746411483253588
fr_resnet34_FR || fr_vit_FE,0.0324074074074074,0.0,-0.0324074074074074
fr_resnet34_FR || fr_vit_FR,0.1991924629878869,0.0,-0.1991924629878869
fr_resnet34_FR || fr_vit_FS,0.0158357771260997,0.0,-0.0158357771260997
fr_resnet34_FR || imgnet_deit_ALL,0.3288996372430471,0.0,-0.3288996372430471
fr_resnet34_FR || imgnet_deit_EFS,0.03671875,0.0,-0.03671875
fr_resnet34_FR || imgnet_deit_FE,0.069090909090909,0.0,-0.069090909090909
fr_resnet34_FR || imgnet_deit_FR,0.343502824858757,0.0,-0.343502824858757
fr_resnet34_FR || imgnet_deit_FS,0.0556826849733028,0.0,-0.0556826849733028
fr_resnet34_FR || imgnet_swin_ALL,0.1300448430493273,0.0,-0.1300448430493273
fr_resnet34_FR || imgnet_swin_EFS,0.0826568265682656,0.0,-0.0826568265682656
fr_resnet34_FR || imgnet_swin_FE,0.0042826552462526,0.0,-0.0042826552462526
fr_resnet34_FR || imgnet_swin_FR,0.1659125188536953,0.0,-0.1659125188536953
fr_resnet34_FR || imgnet_swin_FS,0.1447368421052631,0.0,-0.1447368421052631
fr_resnet34_FR || imgnet_vit_ALL,0.1179804224626481,0.0,-0.1179804224626481
fr_resnet34_FR || imgnet_vit_EFS,0.03125,0.0,-0.03125
fr_resnet34_FR || imgnet_vit_FE,0.0226201696512723,0.0,-0.0226201696512723
fr_resnet34_FR || imgnet_vit_FR,0.1339840283939662,0.0,-0.1339840283939662
fr_resnet34_FR || imgnet_vit_FS,0.0763422818791946,0.0,-0.0763422818791946
fr_resnet34_FS || fr_swin_ALL,0.0140636565507031,0.0,-0.0140636565507031
fr_resnet34_FS || fr_swin_EFS,0.0034158838599487,0.0,-0.0034158838599487
fr_resnet34_FS || fr_swin_FE,0.2895553257497414,0.0,-0.2895553257497414
fr_resnet34_FS || fr_swin_FR,0.0457317073170731,0.0,-0.0457317073170731
fr_resnet34_FS || fr_swin_FS,0.0610412926391382,0.0,-0.0610412926391382
fr_resnet34_FS || fr_vit_ALL,0.002644103648863,0.0,-0.002644103648863
fr_resnet34_FS || fr_vit_EFS,0.0306220095693779,0.0,-0.0306220095693779
fr_resnet34_FS || fr_vit_FE,0.0385802469135802,0.0,-0.0385802469135802
fr_resnet34_FS || fr_vit_FR,0.1184387617765814,0.0,-0.1184387617765814
fr_resnet34_FS || fr_vit_FS,0.0310850439882697,0.001806684733514,-0.0292783592547557
fr_resnet34_FS || imgnet_deit_ALL,0.2980652962515115,0.0,-0.2980652962515115
fr_resnet34_FS || imgnet_deit_EFS,0.02109375,0.0,-0.02109375
fr_resnet34_FS || imgnet_deit_FE,0.059090909090909,0.0,-0.059090909090909
fr_resnet34_FS || imgnet_deit_FR,0.1672316384180791,0.0,-0.1672316384180791
fr_resnet34_FS || imgnet_deit_FS,0.1250953470633104,0.0,-0.1250953470633104
fr_resnet34_FS || imgnet_swin_ALL,0.0829596412556053,0.0,-0.0829596412556053
fr_resnet34_FS || imgnet_swin_EFS,0.0280442804428044,0.0,-0.0280442804428044
fr_resnet34_FS || imgnet_swin_FE,0.0021413276231263,0.0,-0.0021413276231263
fr_resnet34_FS || imgnet_swin_FR,0.0641025641025641,0.0,-0.0641025641025641
fr_resnet34_FS || imgnet_swin_FS,0.3333333333333333,0.000903342366757,-0.3324299909665763
fr_resnet34_FS || imgnet_vit_ALL,0.0556414219474497,0.000903342366757,-0.0547380795806927
fr_resnet34_FS || imgnet_vit_EFS,0.0194444444444444,0.000903342366757,-0.0185411020776874
fr_resnet34_FS || imgnet_vit_FE,0.0226201696512723,0.001806684733514,-0.0208134849177583
fr_resnet34_FS || imgnet_vit_FR,0.0337178349600709,0.0,-0.0337178349600709
fr_resnet34_FS || imgnet_vit_FS,0.2298657718120805,0.0,-0.2298657718120805
fr_swin_ALL || fr_xception_ALL,0.002220577350111,0.0,-0.002220577350111
fr_swin_ALL || fr_xception_EFS,0.0177646188008882,0.0,-0.0177646188008882
fr_swin_ALL || fr_xception_FE,0.005181347150259,0.0,-0.005181347150259
fr_swin_ALL || fr_xception_FR,0.004441154700222,0.0008826125330979,-0.0035585421671241
fr_swin_ALL || fr_xception_FS,0.0236861584011843,0.0,-0.0236861584011843
fr_swin_ALL || imgnet_efficientnetb4_ALL,0.004441154700222,0.0190880169671261,0.0146468622669041
fr_swin_ALL || imgnet_efficientnetb4_EFS,0.002220577350111,0.001372683596431,-0.0008478937536800001
fr_swin_ALL || imgnet_efficientnetb4_FE,0.0,0.0014134275618374,0.0014134275618374
fr_swin_ALL || imgnet_efficientnetb4_FR,0.002220577350111,0.0007993605115907,-0.0014212168385203002
fr_swin_ALL || imgnet_efficientnetb4_FS,0.002220577350111,0.0,-0.002220577350111
fr_swin_ALL || imgnet_resnet34_ALL,0.004441154700222,0.0493589743589743,0.0449178196587523
fr_swin_ALL || imgnet_resnet34_EFS,0.000740192450037,0.0,-0.000740192450037
fr_swin_ALL || imgnet_resnet34_FE,0.000740192450037,0.0,-0.000740192450037
fr_swin_ALL || imgnet_resnet34_FR,0.001480384900074,0.0015948963317384,0.00011451143166439984
fr_swin_ALL || imgnet_resnet34_FS,0.001480384900074,0.0037220843672456,0.0022416994671716
fr_swin_ALL || imgnet_xception_ALL,0.0,0.0236653824986241,0.0236653824986241
fr_swin_ALL || imgnet_xception_EFS,0.0,0.003076923076923,0.003076923076923
fr_swin_ALL || imgnet_xception_FE,0.0,0.0022607385079125,0.0022607385079125
fr_swin_ALL || imgnet_xception_FR,0.0,0.0080049261083743,0.0080049261083743
fr_swin_ALL || imgnet_xception_FS,0.000740192450037,0.0124153498871331,0.011675157437096101
fr_swin_EFS || fr_xception_ALL,0.0051238257899231,0.0,-0.0051238257899231
fr_swin_EFS || fr_xception_EFS,0.0264730999146029,0.0,-0.0264730999146029
fr_swin_EFS || fr_xception_FE,0.0102476515798462,0.0,-0.0102476515798462
fr_swin_EFS || fr_xception_FR,0.0042698548249359,0.0,-0.0042698548249359
fr_swin_EFS || fr_xception_FS,0.0008539709649871,0.0,-0.0008539709649871
fr_swin_EFS || imgnet_efficientnetb4_ALL,0.0017079419299743,0.0233297985153764,0.0216218565854021
fr_swin_EFS || imgnet_efficientnetb4_EFS,0.0025619128949615,0.001372683596431,-0.0011892292985304998
fr_swin_EFS || imgnet_efficientnetb4_FE,0.0008539709649871,0.0021201413427561,0.0012661703777689997
fr_swin_EFS || imgnet_efficientnetb4_FR,0.0025619128949615,0.0031974420463629,0.0006355291514014002
fr_swin_EFS || imgnet_efficientnetb4_FS,0.0008539709649871,0.0015831134564643,0.0007291424914772001
fr_swin_EFS || imgnet_resnet34_ALL,0.0042698548249359,0.0634615384615384,0.0591916836366025
fr_swin_EFS || imgnet_resnet34_EFS,0.0017079419299743,0.0,-0.0017079419299743
fr_swin_EFS || imgnet_resnet34_FE,0.0017079419299743,0.0,-0.0017079419299743
fr_swin_EFS || imgnet_resnet34_FR,0.0008539709649871,0.0031897926634768,0.0023358216984896998
fr_swin_EFS || imgnet_resnet34_FS,0.0025619128949615,0.0006203473945409,-0.0019415655004205998
fr_swin_EFS || imgnet_xception_ALL,0.0008539709649871,0.0148596587782058,0.0140056878132187
fr_swin_EFS || imgnet_xception_EFS,0.0008539709649871,0.0061538461538461,0.005299875188859
fr_swin_EFS || imgnet_xception_FE,0.0017079419299743,0.0007535795026375,-0.0009543624273368
fr_swin_EFS || imgnet_xception_FR,0.0008539709649871,0.0086206896551724,0.0077667186901853
fr_swin_EFS || imgnet_xception_FS,0.0017079419299743,0.0163656884875846,0.014657746557610301
fr_swin_FE || fr_xception_ALL,0.3236814891416752,0.0,-0.3236814891416752
fr_swin_FE || fr_xception_EFS,0.2554291623578076,0.0,-0.2554291623578076
fr_swin_FE || fr_xception_FE,0.327817993795243,0.0,-0.327817993795243
fr_swin_FE || fr_xception_FR,0.2461220268872802,0.0,-0.2461220268872802
fr_swin_FE || fr_xception_FS,0.2306101344364012,0.0,-0.2306101344364012
fr_swin_FE || imgnet_efficientnetb4_ALL,0.2068252326783867,0.0217391304347826,-0.1850861022436041
fr_swin_FE || imgnet_efficientnetb4_EFS,0.1189245087900724,0.0,-0.1189245087900724
fr_swin_FE || imgnet_efficientnetb4_FE,0.1375387797311272,0.0007067137809187,-0.1368320659502085
fr_swin_FE || imgnet_efficientnetb4_FR,0.1199586349534643,0.0047961630695443,-0.11516247188392001
fr_swin_FE || imgnet_efficientnetb4_FS,0.1913133402275077,0.0005277044854881,-0.1907856357420196
fr_swin_FE || imgnet_resnet34_ALL,0.1902792140641158,0.0429487179487179,-0.1473304961153979
fr_swin_FE || imgnet_resnet34_EFS,0.1189245087900724,0.0,-0.1189245087900724
fr_swin_FE || imgnet_resnet34_FE,0.108583247156153,0.0,-0.108583247156153
fr_swin_FE || imgnet_resnet34_FR,0.1509824198552223,0.0023923444976076,-0.14859007535761468
fr_swin_FE || imgnet_resnet34_FS,0.1437435367114788,0.0024813895781637,-0.14126214713331509
fr_swin_FE || imgnet_xception_ALL,0.0868665977249224,0.0126582278481012,-0.07420836987682121
fr_swin_FE || imgnet_xception_EFS,0.1003102378490175,0.0055384615384615,-0.094771776310556
fr_swin_FE || imgnet_xception_FE,0.0879007238883143,0.0007535795026375,-0.08714714438567679
fr_swin_FE || imgnet_xception_FR,0.0837642192347466,0.0061576354679802,-0.0776065837667664
fr_swin_FE || imgnet_xception_FS,0.0992761116856256,0.0146726862302483,-0.0846034254553773
fr_swin_FR || fr_xception_ALL,0.0335365853658536,0.0,-0.0335365853658536
fr_swin_FR || fr_xception_EFS,0.0497967479674796,0.0,-0.0497967479674796
fr_swin_FR || fr_xception_FE,0.0071138211382113,0.0,-0.0071138211382113
fr_swin_FR || fr_xception_FR,0.0914634146341463,0.0008826125330979,-0.0905808021010484
fr_swin_FR || fr_xception_FS,0.0335365853658536,0.0,-0.0335365853658536
fr_swin_FR || imgnet_efficientnetb4_ALL,0.0223577235772357,0.0376458112407211,0.015288087663485397
fr_swin_FR || imgnet_efficientnetb4_EFS,0.0060975609756097,0.0020590253946465,-0.0040385355809632005
fr_swin_FR || imgnet_efficientnetb4_FE,0.008130081300813,0.0014134275618374,-0.006716653738975601
fr_swin_FR || imgnet_efficientnetb4_FR,0.0121951219512195,0.0031974420463629,-0.0089976799048566
fr_swin_FR || imgnet_efficientnetb4_FS,0.0111788617886178,0.0,-0.0111788617886178
fr_swin_FR || imgnet_resnet34_ALL,0.0132113821138211,0.05,0.036788617886178904
fr_swin_FR || imgnet_resnet34_EFS,0.0050813008130081,0.0,-0.0050813008130081
fr_swin_FR || imgnet_resnet34_FE,0.0060975609756097,0.0,-0.0060975609756097
fr_swin_FR || imgnet_resnet34_FR,0.0193089430894308,0.0031897926634768,-0.016119150425954
fr_swin_FR || imgnet_resnet34_FS,0.0091463414634146,0.0012406947890818,-0.0079056466743328
fr_swin_FR || imgnet_xception_ALL,0.008130081300813,0.0165107319757842,0.0083806506749712
fr_swin_FR || imgnet_xception_EFS,0.0020325203252032,0.0049230769230769,0.0028905565978736996
fr_swin_FR || imgnet_xception_FE,0.0020325203252032,0.0007535795026375,-0.0012789408225657001
fr_swin_FR || imgnet_xception_FR,0.0060975609756097,0.0135467980295566,0.007449237053946901
fr_swin_FR || imgnet_xception_FS,0.0101626016260162,0.0118510158013544,0.0016884141753382015
fr_swin_FS || fr_xception_ALL,0.0161579892280071,0.0,-0.0161579892280071
fr_swin_FS || fr_xception_EFS,0.0664272890484739,0.0,-0.0664272890484739
fr_swin_FS || fr_xception_FE,0.0161579892280071,0.0,-0.0161579892280071
fr_swin_FS || fr_xception_FR,0.0287253141831238,0.0,-0.0287253141831238
fr_swin_FS || fr_xception_FS,0.1490125673249551,0.0,-0.1490125673249551
fr_swin_FS || imgnet_efficientnetb4_ALL,0.0089766606822262,0.0233297985153764,0.0143531378331502
fr_swin_FS || imgnet_efficientnetb4_EFS,0.0053859964093357,0.0006863417982155,-0.004699654611120201
fr_swin_FS || imgnet_efficientnetb4_FE,0.0197486535008976,0.0007067137809187,-0.0190419397199789
fr_swin_FS || imgnet_efficientnetb4_FR,0.0071813285457809,0.0047961630695443,-0.0023851654762366004
fr_swin_FS || imgnet_efficientnetb4_FS,0.0071813285457809,0.0005277044854881,-0.006653624060292801
fr_swin_FS || imgnet_resnet34_ALL,0.0143626570915619,0.0339743589743589,0.019611701882797004
fr_swin_FS || imgnet_resnet34_EFS,0.0053859964093357,0.0,-0.0053859964093357
fr_swin_FS || imgnet_resnet34_FE,0.0017953321364452,0.0,-0.0017953321364452
fr_swin_FS || imgnet_resnet34_FR,0.0089766606822262,0.0023923444976076,-0.0065843161846186
fr_swin_FS || imgnet_resnet34_FS,0.0071813285457809,0.0006203473945409,-0.00656098115124
fr_swin_FS || imgnet_xception_ALL,0.0053859964093357,0.0077050082553659,0.002319011846030199
fr_swin_FS || imgnet_xception_EFS,0.0071813285457809,0.0049230769230769,-0.0022582516227040005
fr_swin_FS || imgnet_xception_FE,0.0017953321364452,0.001507159005275,-0.0002881731311702
fr_swin_FS || imgnet_xception_FR,0.0017953321364452,0.0123152709359605,0.0105199387995153
fr_swin_FS || imgnet_xception_FS,0.0053859964093357,0.0197516930022573,0.014365696592921598
fr_vit_ALL || fr_xception_ALL,0.0084611316763617,0.0,-0.0084611316763617
fr_vit_ALL || fr_xception_EFS,0.0079323109465891,0.0,-0.0079323109465891
fr_vit_ALL || fr_xception_FE,0.0137493389740877,0.0,-0.0137493389740877
fr_vit_ALL || fr_xception_FR,0.0047593865679534,0.0,-0.0047593865679534
fr_vit_ALL || fr_xception_FS,0.0142781597038603,0.0,-0.0142781597038603
fr_vit_ALL || imgnet_efficientnetb4_ALL,0.0089899524061343,0.04135737009544,0.0323674176893057
fr_vit_ALL || imgnet_efficientnetb4_EFS,0.0042305658381808,0.0020590253946465,-0.0021715404435343004
fr_vit_ALL || imgnet_efficientnetb4_FE,0.002644103648863,0.0035335689045936,0.0008894652557306002
fr_vit_ALL || imgnet_efficientnetb4_FR,0.0063458487572712,0.0047961630695443,-0.0015496856877269
fr_vit_ALL || imgnet_efficientnetb4_FS,0.0063458487572712,0.0010554089709762,-0.0052904397862950005
fr_vit_ALL || imgnet_resnet34_ALL,0.0063458487572712,0.1474358974358974,0.1410900486786262
fr_vit_ALL || imgnet_resnet34_EFS,0.0037017451084082,0.0,-0.0037017451084082
fr_vit_ALL || imgnet_resnet34_FE,0.0005288207297726,0.0,-0.0005288207297726
fr_vit_ALL || imgnet_resnet34_FR,0.0047593865679534,0.0031897926634768,-0.0015695939044765997
fr_vit_ALL || imgnet_resnet34_FS,0.0031729243786356,0.0018610421836228,-0.0013118821950128
fr_vit_ALL || imgnet_xception_ALL,0.0042305658381808,0.0517336268574573,0.047503061019276496
fr_vit_ALL || imgnet_xception_EFS,0.0021152829190904,0.0006153846153846,-0.0014998983037058
fr_vit_ALL || imgnet_xception_FE,0.0010576414595452,0.0007535795026375,-0.0003040619569077001
fr_vit_ALL || imgnet_xception_FR,0.0031729243786356,0.001231527093596,-0.0019413972850396
fr_vit_ALL || imgnet_xception_FS,0.0021152829190904,0.0095936794582392,0.0074783965391488
fr_vit_EFS || fr_xception_ALL,0.0688995215311004,0.0,-0.0688995215311004
fr_vit_EFS || fr_xception_EFS,0.1224880382775119,0.0,-0.1224880382775119
fr_vit_EFS || fr_xception_FE,0.0956937799043062,0.0,-0.0956937799043062
fr_vit_EFS || fr_xception_FR,0.0239234449760765,0.0,-0.0239234449760765
fr_vit_EFS || fr_xception_FS,0.0535885167464114,0.0,-0.0535885167464114
fr_vit_EFS || imgnet_efficientnetb4_ALL,0.0401913875598086,0.0090137857900318,-0.031177601769776797
fr_vit_EFS || imgnet_efficientnetb4_EFS,0.0526315789473684,0.0006863417982155,-0.0519452371491529
fr_vit_EFS || imgnet_efficientnetb4_FE,0.0373205741626794,0.0014134275618374,-0.035907146600842
fr_vit_EFS || imgnet_efficientnetb4_FR,0.0296650717703349,0.0007993605115907,-0.028865711258744202
fr_vit_EFS || imgnet_efficientnetb4_FS,0.0296650717703349,0.0,-0.0296650717703349
fr_vit_EFS || imgnet_resnet34_ALL,0.0727272727272727,0.05,-0.022727272727272693
fr_vit_EFS || imgnet_resnet34_EFS,0.0507177033492822,0.0,-0.0507177033492822
fr_vit_EFS || imgnet_resnet34_FE,0.0277511961722488,0.0,-0.0277511961722488
fr_vit_EFS || imgnet_resnet34_FR,0.0411483253588516,0.0,-0.0411483253588516
fr_vit_EFS || imgnet_resnet34_FS,0.0401913875598086,0.0,-0.0401913875598086
fr_vit_EFS || imgnet_xception_ALL,0.0248803827751196,0.0220143093010456,-0.002866073474073999
fr_vit_EFS || imgnet_xception_EFS,0.0220095693779904,0.0055384615384615,-0.0164711078395289
fr_vit_EFS || imgnet_xception_FE,0.0191387559808612,0.0007535795026375,-0.018385176478223703
fr_vit_EFS || imgnet_xception_FR,0.0153110047846889,0.0092364532019704,-0.006074551582718499
fr_vit_EFS || imgnet_xception_FS,0.0220095693779904,0.0191873589164785,-0.0028222104615119002
fr_vit_FE || fr_xception_ALL,0.0709876543209876,0.0,-0.0709876543209876
fr_vit_FE || fr_xception_EFS,0.0933641975308642,0.0,-0.0933641975308642
fr_vit_FE || fr_xception_FE,0.1813271604938271,0.0018975332068311,-0.17942962728699602
fr_vit_FE || fr_xception_FR,0.0169753086419753,0.0,-0.0169753086419753
fr_vit_FE || fr_xception_FS,0.0594135802469135,0.0,-0.0594135802469135
fr_vit_FE || imgnet_efficientnetb4_ALL,0.0532407407407407,0.024390243902439,-0.0288504968383017
fr_vit_FE || imgnet_efficientnetb4_EFS,0.0239197530864197,0.0020590253946465,-0.0218607276917732
fr_vit_FE || imgnet_efficientnetb4_FE,0.0239197530864197,0.0035335689045936,-0.0203861841818261
fr_vit_FE || imgnet_efficientnetb4_FR,0.0262345679012345,0.0079936051159072,-0.018240962785327303
fr_vit_FE || imgnet_efficientnetb4_FS,0.0324074074074074,0.0005277044854881,-0.0318797029219193
fr_vit_FE || imgnet_resnet34_ALL,0.0578703703703703,0.0865384615384615,0.028668091168091193
fr_vit_FE || imgnet_resnet34_EFS,0.0293209876543209,0.0008156606851549,-0.028505326969166
fr_vit_FE || imgnet_resnet34_FE,0.0138888888888888,0.0,-0.0138888888888888
fr_vit_FE || imgnet_resnet34_FR,0.0308641975308641,0.0023923444976076,-0.0284718530332565
fr_vit_FE || imgnet_resnet34_FS,0.0254629629629629,0.0024813895781637,-0.022981573384799198
fr_vit_FE || imgnet_xception_ALL,0.0185185185185185,0.0341221794166208,0.015603660898102303
fr_vit_FE || imgnet_xception_EFS,0.0177469135802469,0.0036923076923076,-0.0140546058879393
fr_vit_FE || imgnet_xception_FE,0.0216049382716049,0.0007535795026375,-0.0208513587689674
fr_vit_FE || imgnet_xception_FR,0.0123456790123456,0.0036945812807881,-0.0086510977315575
fr_vit_FE || imgnet_xception_FS,0.015432098765432,0.0129796839729119,-0.0024524147925201016
fr_vit_FR || fr_xception_ALL,0.1534320323014804,0.0,-0.1534320323014804
fr_vit_FR || fr_xception_EFS,0.1924629878869448,0.0,-0.1924629878869448
fr_vit_FR || fr_xception_FE,0.0726783310901749,0.0,-0.0726783310901749
fr_vit_FR || fr_xception_FR,0.1547779273216689,0.0,-0.1547779273216689
fr_vit_FR || fr_xception_FS,0.1682368775235531,0.0,-0.1682368775235531
fr_vit_FR || imgnet_efficientnetb4_ALL,0.0861372812920592,0.0121951219512195,-0.07394215934083971
fr_vit_FR || imgnet_efficientnetb4_EFS,0.0403768506056527,0.002745367192862,-0.0376314834127907
fr_vit_FR || imgnet_efficientnetb4_FE,0.0699865410497981,0.0042402826855123,-0.0657462583642858
fr_vit_FR || imgnet_efficientnetb4_FR,0.0457604306864064,0.0007993605115907,-0.0449610701748157
fr_vit_FR || imgnet_efficientnetb4_FS,0.0820995962314939,0.0005277044854881,-0.0815718917460058
fr_vit_FR || imgnet_resnet34_ALL,0.0942126514131897,0.0583333333333333,-0.0358793180798564
fr_vit_FR || imgnet_resnet34_EFS,0.063257065948856,0.0,-0.063257065948856
fr_vit_FR || imgnet_resnet34_FE,0.0282637954239569,0.0,-0.0282637954239569
fr_vit_FR || imgnet_resnet34_FR,0.0847913862718708,0.0,-0.0847913862718708
fr_vit_FR || imgnet_resnet34_FS,0.0497981157469717,0.0006203473945409,-0.049177768352430797
fr_vit_FR || imgnet_xception_ALL,0.0457604306864064,0.0170610897083104,-0.028699340978096
fr_vit_FR || imgnet_xception_EFS,0.0323014804845222,0.0043076923076923,-0.0279937881768299
fr_vit_FR || imgnet_xception_FE,0.0228802153432032,0.0007535795026375,-0.022126635840565703
fr_vit_FR || imgnet_xception_FR,0.0282637954239569,0.0135467980295566,-0.014716997394400298
fr_vit_FR || imgnet_xception_FS,0.0242261103633916,0.0163656884875846,-0.007860421875807
fr_vit_FS || fr_xception_ALL,0.0228739002932551,0.0,-0.0228739002932551
fr_vit_FS || fr_xception_EFS,0.0404692082111436,0.0,-0.0404692082111436
fr_vit_FS || fr_xception_FE,0.0222873900293255,0.0,-0.0222873900293255
fr_vit_FS || fr_xception_FR,0.019941348973607,0.0,-0.019941348973607
fr_vit_FS || fr_xception_FS,0.0469208211143695,0.0,-0.0469208211143695
fr_vit_FS || imgnet_efficientnetb4_ALL,0.0287390029325513,0.0365853658536585,0.0078463629211072
fr_vit_FS || imgnet_efficientnetb4_EFS,0.0193548387096774,0.0034317089910775,-0.0159231297185999
fr_vit_FS || imgnet_efficientnetb4_FE,0.0111436950146627,0.0028268551236749,-0.0083168398909878
fr_vit_FS || imgnet_efficientnetb4_FR,0.0064516129032258,0.0119904076738609,0.005538794770635099
fr_vit_FS || imgnet_efficientnetb4_FS,0.0281524926686217,0.0010554089709762,-0.0270970836976455
fr_vit_FS || imgnet_resnet34_ALL,0.0193548387096774,0.1467948717948718,0.12744003308519442
fr_vit_FS || imgnet_resnet34_EFS,0.0099706744868035,0.0008156606851549,-0.009155013801648602
fr_vit_FS || imgnet_resnet34_FE,0.0111436950146627,0.0,-0.0111436950146627
fr_vit_FS || imgnet_resnet34_FR,0.0087976539589442,0.0055821371610845,-0.003215516797859701
fr_vit_FS || imgnet_resnet34_FS,0.0146627565982404,0.0024813895781637,-0.012181367020076701
fr_vit_FS || imgnet_xception_ALL,0.0134897360703812,0.0588882773802971,0.0453985413099159
fr_vit_FS || imgnet_xception_EFS,0.0064516129032258,0.0012307692307692,-0.0052208436724566
fr_vit_FS || imgnet_xception_FE,0.0046920821114369,0.0007535795026375,-0.0039385026087994
fr_vit_FS || imgnet_xception_FR,0.007624633431085,0.0036945812807881,-0.0039300521502969
fr_vit_FS || imgnet_xception_FS,0.0087976539589442,0.0135440180586907,0.004746364099746499
fr_xception_ALL || imgnet_deit_ALL,0.0399032648125755,0.0,-0.0399032648125755
fr_xception_ALL || imgnet_deit_EFS,0.00390625,0.0,-0.00390625
fr_xception_ALL || imgnet_deit_FE,0.0027272727272727,0.0,-0.0027272727272727
fr_xception_ALL || imgnet_deit_FR,0.0056497175141242,0.0,-0.0056497175141242
fr_xception_ALL || imgnet_deit_FS,0.0015255530129672,0.0,-0.0015255530129672
fr_xception_ALL || imgnet_swin_ALL,0.0,0.0,0.0
fr_xception_ALL || imgnet_swin_EFS,0.0,0.0,0.0
fr_xception_ALL || imgnet_swin_FE,0.0,0.0,0.0
fr_xception_ALL || imgnet_swin_FR,0.0007541478129713,0.0,-0.0007541478129713
fr_xception_ALL || imgnet_swin_FS,0.0012531328320802,0.0,-0.0012531328320802
fr_xception_ALL || imgnet_vit_ALL,0.0005151983513652,0.0,-0.0005151983513652
fr_xception_ALL || imgnet_vit_EFS,0.0020833333333333,0.0,-0.0020833333333333
fr_xception_ALL || imgnet_vit_FE,0.000942507068803,0.0,-0.000942507068803
fr_xception_ALL || imgnet_vit_FR,0.0,0.0,0.0
fr_xception_ALL || imgnet_vit_FS,0.0025167785234899,0.0,-0.0025167785234899
fr_xception_EFS || imgnet_deit_ALL,0.094316807738815,0.0,-0.094316807738815
fr_xception_EFS || imgnet_deit_EFS,0.003125,0.0,-0.003125
fr_xception_EFS || imgnet_deit_FE,0.019090909090909,0.0,-0.019090909090909
fr_xception_EFS || imgnet_deit_FR,0.0135593220338983,0.0,-0.0135593220338983
fr_xception_EFS || imgnet_deit_FS,0.0183066361556064,0.0,-0.0183066361556064
fr_xception_EFS || imgnet_swin_ALL,0.0005605381165919,0.0,-0.0005605381165919
fr_xception_EFS || imgnet_swin_EFS,0.018450184501845,0.0,-0.018450184501845
fr_xception_EFS || imgnet_swin_FE,0.0010706638115631,0.0,-0.0010706638115631
fr_xception_EFS || imgnet_swin_FR,0.0,0.0,0.0
fr_xception_EFS || imgnet_swin_FS,0.0018796992481203,0.0,-0.0018796992481203
fr_xception_EFS || imgnet_vit_ALL,0.0108191653786707,0.0,-0.0108191653786707
fr_xception_EFS || imgnet_vit_EFS,0.0034722222222222,0.0,-0.0034722222222222
fr_xception_EFS || imgnet_vit_FE,0.005655042412818,0.0,-0.005655042412818
fr_xception_EFS || imgnet_vit_FR,0.0,0.0,0.0
fr_xception_EFS || imgnet_vit_FS,0.011744966442953,0.0,-0.011744966442953
fr_xception_FE || imgnet_deit_ALL,0.0513905683192261,0.0,-0.0513905683192261
fr_xception_FE || imgnet_deit_EFS,0.00234375,0.0,-0.00234375
fr_xception_FE || imgnet_deit_FE,0.0254545454545454,0.0,-0.0254545454545454
fr_xception_FE || imgnet_deit_FR,0.0169491525423728,0.0,-0.0169491525423728
fr_xception_FE || imgnet_deit_FS,0.0175438596491228,0.0,-0.0175438596491228
fr_xception_FE || imgnet_swin_ALL,0.0005605381165919,0.0,-0.0005605381165919
fr_xception_FE || imgnet_swin_EFS,0.0088560885608856,0.0,-0.0088560885608856
fr_xception_FE || imgnet_swin_FE,0.006423982869379,0.0,-0.006423982869379
fr_xception_FE || imgnet_swin_FR,0.0037707390648567,0.0,-0.0037707390648567
fr_xception_FE || imgnet_swin_FS,0.0206766917293233,0.0,-0.0206766917293233
fr_xception_FE || imgnet_vit_ALL,0.0010303967027305,0.0,-0.0010303967027305
fr_xception_FE || imgnet_vit_EFS,0.0048611111111111,0.0,-0.0048611111111111
fr_xception_FE || imgnet_vit_FE,0.0084825636192271,0.0028462998102466,-0.0056362638089805005
fr_xception_FE || imgnet_vit_FR,0.0008873114463176,0.0,-0.0008873114463176
fr_xception_FE || imgnet_vit_FS,0.0276845637583892,0.0,-0.0276845637583892
fr_xception_FR || imgnet_deit_ALL,0.087061668681983,0.0035304501323918,-0.08353121854959121
fr_xception_FR || imgnet_deit_EFS,0.00078125,0.0026478375992939,0.0018665875992939002
fr_xception_FR || imgnet_deit_FE,0.0009090909090909,0.0017652250661959,0.000856134157105
fr_xception_FR || imgnet_deit_FR,0.1005649717514124,0.0017652250661959,-0.09879974668521649
fr_xception_FR || imgnet_deit_FS,0.0015255530129672,0.0026478375992939,0.0011222845863267002
fr_xception_FR || imgnet_swin_ALL,0.0022421524663677,0.0,-0.0022421524663677
fr_xception_FR || imgnet_swin_EFS,0.0022140221402214,0.0008826125330979,-0.0013314096071234999
fr_xception_FR || imgnet_swin_FE,0.0,0.0017652250661959,0.0017652250661959
fr_xception_FR || imgnet_swin_FR,0.0,0.0,0.0
fr_xception_FR || imgnet_swin_FS,0.0031328320802005,0.0,-0.0031328320802005
fr_xception_FR || imgnet_vit_ALL,0.0278207109737248,0.0008826125330979,-0.0269380984406269
fr_xception_FR || imgnet_vit_EFS,0.0111111111111111,0.0008826125330979,-0.010228498578013199
fr_xception_FR || imgnet_vit_FE,0.001885014137606,0.0008826125330979,-0.0010024016045080998
fr_xception_FR || imgnet_vit_FR,0.0177462289263531,0.0,-0.0177462289263531
fr_xception_FR || imgnet_vit_FS,0.011744966442953,0.0017652250661959,-0.0099797413767571
fr_xception_FS || imgnet_deit_ALL,0.1723095525997581,0.0008650519031141,-0.17144450069664402
fr_xception_FS || imgnet_deit_EFS,0.00703125,0.0,-0.00703125
fr_xception_FS || imgnet_deit_FE,0.0109090909090909,0.0008650519031141,-0.0100440390059768
fr_xception_FS || imgnet_deit_FR,0.0338983050847457,0.0008650519031141,-0.0330332531816316
fr_xception_FS || imgnet_deit_FS,0.11441647597254,0.0,-0.11441647597254
fr_xception_FS || imgnet_swin_ALL,0.0022421524663677,0.0,-0.0022421524663677
fr_xception_FS || imgnet_swin_EFS,0.0007380073800738,0.0,-0.0007380073800738
fr_xception_FS || imgnet_swin_FE,0.0010706638115631,0.0,-0.0010706638115631
fr_xception_FS || imgnet_swin_FR,0.0,0.0008650519031141,0.0008650519031141
fr_xception_FS || imgnet_swin_FS,0.06265664160401,0.0,-0.06265664160401
fr_xception_FS || imgnet_vit_ALL,0.0334878928387429,0.0,-0.0334878928387429
fr_xception_FS || imgnet_vit_EFS,0.0048611111111111,0.0,-0.0048611111111111
fr_xception_FS || imgnet_vit_FE,0.002827521206409,0.0025951557093425,-0.00023236549706649994
fr_xception_FS || imgnet_vit_FR,0.0,0.0,0.0
fr_xception_FS || imgnet_vit_FS,0.2189597315436241,0.0025951557093425,-0.21636457583428162
imgnet_deit_ALL || imgnet_efficientnetb4_ALL,0.152962515114873,0.0323435843054082,-0.12061893080946479
imgnet_deit_ALL || imgnet_efficientnetb4_EFS,0.030229746070133,0.0034317089910775,-0.0267980370790555
imgnet_deit_ALL || imgnet_efficientnetb4_FE,0.0429262394195888,0.0,-0.0429262394195888
imgnet_deit_ALL || imgnet_efficientnetb4_FR,0.0145102781136638,0.0319744204636291,0.017464142349965295
imgnet_deit_ALL || imgnet_efficientnetb4_FS,0.0671100362756952,0.0021108179419525,-0.0649992183337427
imgnet_deit_ALL || imgnet_resnet34_ALL,0.0864570737605804,0.4532051282051282,0.36674805444454783
imgnet_deit_ALL || imgnet_resnet34_EFS,0.0096735187424425,0.0440456769983686,0.0343721582559261
imgnet_deit_ALL || imgnet_resnet34_FE,0.0066505441354292,0.0,-0.0066505441354292
imgnet_deit_ALL || imgnet_resnet34_FR,0.0290205562273276,0.0143540669856459,-0.0146664892416817
imgnet_deit_ALL || imgnet_resnet34_FS,0.0253929866989117,0.0310173697270471,0.0056243830281354
imgnet_deit_ALL || imgnet_xception_ALL,0.030229746070133,0.2718767198679141,0.2416469737977811
imgnet_deit_ALL || imgnet_xception_EFS,0.0060459492140266,0.008,0.0019540507859734
imgnet_deit_ALL || imgnet_xception_FE,0.0030229746070133,0.001507159005275,-0.0015158156017383002
imgnet_deit_ALL || imgnet_xception_FR,0.0139056831922611,0.0030788177339901,-0.010826865458270999
imgnet_deit_ALL || imgnet_xception_FS,0.0114873035066505,0.0158013544018058,0.0043140508951553
imgnet_deit_EFS || imgnet_efficientnetb4_ALL,0.003125,0.0312831389183457,0.0281581389183457
imgnet_deit_EFS || imgnet_efficientnetb4_EFS,0.0,0.0048043925875085,0.0048043925875085
imgnet_deit_EFS || imgnet_efficientnetb4_FE,0.0015625,0.0120141342756183,0.0104516342756183
imgnet_deit_EFS || imgnet_efficientnetb4_FR,0.00078125,0.0127897681854516,0.0120085181854516
imgnet_deit_EFS || imgnet_efficientnetb4_FS,0.00078125,0.0015831134564643,0.0008018634564643
imgnet_deit_EFS || imgnet_resnet34_ALL,0.00234375,0.2365384615384615,0.2341947115384615
imgnet_deit_EFS || imgnet_resnet34_EFS,0.00078125,0.064437194127243,0.063655944127243
imgnet_deit_EFS || imgnet_resnet34_FE,0.00078125,0.0029469548133595,0.0021657048133594996
imgnet_deit_EFS || imgnet_resnet34_FR,0.0015625,0.003987240829346,0.002424740829346
imgnet_deit_EFS || imgnet_resnet34_FS,0.0,0.0037220843672456,0.0037220843672456
imgnet_deit_EFS || imgnet_xception_ALL,0.0015625,0.1309851403412218,0.1294226403412218
imgnet_deit_EFS || imgnet_xception_EFS,0.00234375,0.0166153846153846,0.014271634615384601
imgnet_deit_EFS || imgnet_xception_FE,0.00234375,0.0045214770158251,0.0021777270158251003
imgnet_deit_EFS || imgnet_xception_FR,0.00078125,0.0043103448275862,0.0035290948275862
imgnet_deit_EFS || imgnet_xception_FS,0.0,0.015237020316027,0.015237020316027
imgnet_deit_FE || imgnet_efficientnetb4_ALL,0.0009090909090909,0.0116648992576882,0.0107558083485973
imgnet_deit_FE || imgnet_efficientnetb4_EFS,0.0,0.0006863417982155,0.0006863417982155
imgnet_deit_FE || imgnet_efficientnetb4_FE,0.0054545454545454,0.0070671378091872,0.0016125923546417998
imgnet_deit_FE || imgnet_efficientnetb4_FR,0.0018181818181818,0.0095923261390887,0.0077741443209069
imgnet_deit_FE || imgnet_efficientnetb4_FS,0.0,0.0005277044854881,0.0005277044854881
imgnet_deit_FE || imgnet_resnet34_ALL,0.0145454545454545,0.157051282051282,0.1425058275058275
imgnet_deit_FE || imgnet_resnet34_EFS,0.0018181818181818,0.0171288743882544,0.0153106925700726
imgnet_deit_FE || imgnet_resnet34_FE,0.0072727272727272,0.0039292730844793,-0.0033434541882479
imgnet_deit_FE || imgnet_resnet34_FR,0.0009090909090909,0.0031897926634768,0.0022807017543858997
imgnet_deit_FE || imgnet_resnet34_FS,0.0009090909090909,0.0086848635235732,0.0077757726144822995
imgnet_deit_FE || imgnet_xception_ALL,0.0009090909090909,0.093010456796918,0.0921013658878271
imgnet_deit_FE || imgnet_xception_EFS,0.0009090909090909,0.008,0.0070909090909091
imgnet_deit_FE || imgnet_xception_FE,0.0054545454545454,0.0030143180105501,-0.0024402274439953003
imgnet_deit_FE || imgnet_xception_FR,0.0009090909090909,0.0049261083743842,0.0040170174652933
imgnet_deit_FE || imgnet_xception_FS,0.0018181818181818,0.0146726862302483,0.0128545044120665
imgnet_deit_FR || imgnet_efficientnetb4_ALL,0.103954802259887,0.0334040296924708,-0.07055077256741621
imgnet_deit_FR || imgnet_efficientnetb4_EFS,0.0203389830508474,0.0,-0.0203389830508474
imgnet_deit_FR || imgnet_efficientnetb4_FE,0.03954802259887,0.0,-0.03954802259887
imgnet_deit_FR || imgnet_efficientnetb4_FR,0.0655367231638418,0.0655475619504396,1.083878659779991e-05
imgnet_deit_FR || imgnet_efficientnetb4_FS,0.0802259887005649,0.0005277044854881,-0.0796982842150768
imgnet_deit_FR || imgnet_resnet34_ALL,0.1186440677966101,0.2185897435897436,0.09994567579313349
imgnet_deit_FR || imgnet_resnet34_EFS,0.0101694915254237,0.0065252854812398,-0.0036442060441839
imgnet_deit_FR || imgnet_resnet34_FE,0.0271186440677966,0.0009823182711198,-0.0261363257966768
imgnet_deit_FR || imgnet_resnet34_FR,0.0485875706214689,0.0406698564593301,-0.007917714162138802
imgnet_deit_FR || imgnet_resnet34_FS,0.0372881355932203,0.0037220843672456,-0.0335660512259747
imgnet_deit_FR || imgnet_xception_ALL,0.0361581920903954,0.0996147495872317,0.06345655749683629
imgnet_deit_FR || imgnet_xception_EFS,0.0101694915254237,0.0049230769230769,-0.0052464146023468005
imgnet_deit_FR || imgnet_xception_FE,0.0090395480225988,0.001507159005275,-0.007532389017323799
imgnet_deit_FR || imgnet_xception_FR,0.047457627118644,0.0123152709359605,-0.0351423561826835
imgnet_deit_FR || imgnet_xception_FS,0.0124293785310734,0.0118510158013544,-0.0005783627297189994
imgnet_deit_FS || imgnet_efficientnetb4_ALL,0.0450038138825324,0.0779427359490986,0.032938922066566206
imgnet_deit_FS || imgnet_efficientnetb4_EFS,0.0015255530129672,0.0006863417982155,-0.0008392112147517
imgnet_deit_FS || imgnet_efficientnetb4_FE,0.0061022120518688,0.0042402826855123,-0.0018619293663564998
imgnet_deit_FS || imgnet_efficientnetb4_FR,0.0,0.0727418065547561,0.0727418065547561
imgnet_deit_FS || imgnet_efficientnetb4_FS,0.0236460717009916,0.0015831134564643,-0.0220629582445273
imgnet_deit_FS || imgnet_resnet34_ALL,0.0450038138825324,0.3852564102564103,0.3402525963738779
imgnet_deit_FS || imgnet_resnet34_EFS,0.0,0.0106035889070146,0.0106035889070146
imgnet_deit_FS || imgnet_resnet34_FE,0.0007627765064836,0.0019646365422396,0.001201860035756
imgnet_deit_FS || imgnet_resnet34_FR,0.0022883295194508,0.0446570972886762,0.0423687677692254
imgnet_deit_FS || imgnet_resnet34_FS,0.015255530129672,0.0502481389578163,0.034992608828144305
imgnet_deit_FS || imgnet_xception_ALL,0.0007627765064836,0.1915244909190974,0.1907617144126138
imgnet_deit_FS || imgnet_xception_EFS,0.0,0.0036923076923076,0.0036923076923076
imgnet_deit_FS || imgnet_xception_FE,0.0,0.0022607385079125,0.0022607385079125
imgnet_deit_FS || imgnet_xception_FR,0.0007627765064836,0.0030788177339901,0.0023160412275064998
imgnet_deit_FS || imgnet_xception_FS,0.0007627765064836,0.0197516930022573,0.018988916495773698
imgnet_efficientnetb4_ALL || imgnet_swin_ALL,0.0941704035874439,0.0397667020148462,-0.0544037015725977
imgnet_efficientnetb4_ALL || imgnet_swin_EFS,0.0051660516605166,0.0233297985153764,0.0181637468548598
imgnet_efficientnetb4_ALL || imgnet_swin_FE,0.0010706638115631,0.0068928950159066,0.0058222312043435
imgnet_efficientnetb4_ALL || imgnet_swin_FR,0.0701357466063348,0.0455991516436903,-0.0245365949626445
imgnet_efficientnetb4_ALL || imgnet_swin_FS,0.3640350877192982,0.0323435843054082,-0.33169150341389003
imgnet_efficientnetb4_ALL || imgnet_vit_ALL,0.0108191653786707,0.0233297985153764,0.0125106331367057
imgnet_efficientnetb4_ALL || imgnet_vit_EFS,0.0034722222222222,0.0079533404029692,0.004481118180747
imgnet_efficientnetb4_ALL || imgnet_vit_FE,0.0,0.0106044538706256,0.0106044538706256
imgnet_efficientnetb4_ALL || imgnet_vit_FR,0.0035492457852706,0.0063626723223753,0.0028134265371046996
imgnet_efficientnetb4_ALL || imgnet_vit_FS,0.035234899328859,0.0254506892895015,-0.009784210039357501
imgnet_efficientnetb4_EFS || imgnet_swin_ALL,0.0123318385650224,0.0020590253946465,-0.0102728131703759
imgnet_efficientnetb4_EFS || imgnet_swin_EFS,0.0029520295202952,0.0006863417982155,-0.0022656877220796996
imgnet_efficientnetb4_EFS || imgnet_swin_FE,0.0010706638115631,0.0006863417982155,-0.00038432201334760003
imgnet_efficientnetb4_EFS || imgnet_swin_FR,0.0082956259426847,0.002745367192862,-0.0055502587498227
imgnet_efficientnetb4_EFS || imgnet_swin_FS,0.018796992481203,0.001372683596431,-0.017424308884771998
imgnet_efficientnetb4_EFS || imgnet_vit_ALL,0.0005151983513652,0.001372683596431,0.0008574852450658001
imgnet_efficientnetb4_EFS || imgnet_vit_EFS,0.0083333333333333,0.004118050789293,-0.0042152825440403005
imgnet_efficientnetb4_EFS || imgnet_vit_FE,0.0,0.004118050789293,0.004118050789293
imgnet_efficientnetb4_EFS || imgnet_vit_FR,0.0,0.0006863417982155,0.0006863417982155
imgnet_efficientnetb4_EFS || imgnet_vit_FS,0.0,0.002745367192862,0.002745367192862
imgnet_efficientnetb4_FE || imgnet_swin_ALL,0.0100896860986547,0.0035335689045936,-0.006556117194061099
imgnet_efficientnetb4_FE || imgnet_swin_EFS,0.0044280442804428,0.0021201413427561,-0.0023079029376867
imgnet_efficientnetb4_FE || imgnet_swin_FE,0.0438972162740899,0.0014134275618374,-0.0424837887122525
imgnet_efficientnetb4_FE || imgnet_swin_FR,0.0090497737556561,0.0212014134275618,0.0121516396719057
imgnet_efficientnetb4_FE || imgnet_swin_FS,0.0213032581453634,0.0014134275618374,-0.019889830583526
imgnet_efficientnetb4_FE || imgnet_vit_ALL,0.0005151983513652,0.004946996466431,0.0044317981150658005
imgnet_efficientnetb4_FE || imgnet_vit_EFS,0.0069444444444444,0.004946996466431,-0.0019974479780133997
imgnet_efficientnetb4_FE || imgnet_vit_FE,0.004712535344015,0.0183745583038869,0.0136620229598719
imgnet_efficientnetb4_FE || imgnet_vit_FR,0.0,0.0014134275618374,0.0014134275618374
imgnet_efficientnetb4_FE || imgnet_vit_FS,0.0016778523489932,0.0021201413427561,0.00044228899376289976
imgnet_efficientnetb4_FR || imgnet_swin_ALL,0.0033632286995515,0.0503597122302158,0.046996483530664296
imgnet_efficientnetb4_FR || imgnet_swin_EFS,0.0,0.0279776179056754,0.0279776179056754
imgnet_efficientnetb4_FR || imgnet_swin_FE,0.0,0.0151878497202238,0.0151878497202238
imgnet_efficientnetb4_FR || imgnet_swin_FR,0.0226244343891402,0.0335731414868105,0.010948707097670301
imgnet_efficientnetb4_FR || imgnet_swin_FS,0.0006265664160401,0.0255795363709032,0.0249529699548631
imgnet_efficientnetb4_FR || imgnet_vit_ALL,0.0,0.0199840127897681,0.0199840127897681
imgnet_efficientnetb4_FR || imgnet_vit_EFS,0.0,0.005595523581135,0.005595523581135
imgnet_efficientnetb4_FR || imgnet_vit_FE,0.0,0.0071942446043165,0.0071942446043165
imgnet_efficientnetb4_FR || imgnet_vit_FR,0.0008873114463176,0.0103916866506794,0.0095043752043618
imgnet_efficientnetb4_FR || imgnet_vit_FS,0.0008389261744966,0.005595523581135,0.0047565974066384005
imgnet_efficientnetb4_FS || imgnet_swin_ALL,0.0173766816143497,0.0026385224274406,-0.0147381591869091
imgnet_efficientnetb4_FS || imgnet_swin_EFS,0.0,0.0026385224274406,0.0026385224274406
imgnet_efficientnetb4_FS || imgnet_swin_FE,0.0010706638115631,0.0,-0.0010706638115631
imgnet_efficientnetb4_FS || imgnet_swin_FR,0.0060331825037707,0.0015831134564643,-0.0044500690473064
imgnet_efficientnetb4_FS || imgnet_swin_FS,0.0820802005012531,0.0,-0.0820802005012531
imgnet_efficientnetb4_FS || imgnet_vit_ALL,0.0036063884595569,0.0,-0.0036063884595569
imgnet_efficientnetb4_FS || imgnet_vit_EFS,0.0041666666666666,0.0,-0.0041666666666666
imgnet_efficientnetb4_FS || imgnet_vit_FE,0.0,0.0005277044854881,0.0005277044854881
imgnet_efficientnetb4_FS || imgnet_vit_FR,0.0,0.0,0.0
imgnet_efficientnetb4_FS || imgnet_vit_FS,0.0109060402684563,0.0010554089709762,-0.0098506312974801
imgnet_resnet34_ALL || imgnet_swin_ALL,0.0599775784753363,0.2397435897435897,0.1797660112682534
imgnet_resnet34_ALL || imgnet_swin_EFS,0.0051660516605166,0.2583333333333333,0.2531672816728167
imgnet_resnet34_ALL || imgnet_swin_FE,0.0042826552462526,0.1153846153846153,0.1111019601383627
imgnet_resnet34_ALL || imgnet_swin_FR,0.0233785822021116,0.2506410256410256,0.227262443438914
imgnet_resnet34_ALL || imgnet_swin_FS,0.2612781954887218,0.3012820512820512,0.040003855793329435
imgnet_resnet34_ALL || imgnet_vit_ALL,0.0036063884595569,0.3705128205128205,0.36690643205326356
imgnet_resnet34_ALL || imgnet_vit_EFS,0.0,0.3935897435897436,0.3935897435897436
imgnet_resnet34_ALL || imgnet_vit_FE,0.0,0.2698717948717948,0.2698717948717948
imgnet_resnet34_ALL || imgnet_vit_FR,0.0053238686779059,0.2307692307692307,0.2254453620913248
imgnet_resnet34_ALL || imgnet_vit_FS,0.0318791946308724,0.3621794871794871,0.3303002925486147
imgnet_resnet34_EFS || imgnet_swin_ALL,0.0016816143497757,0.0212071778140293,0.0195255634642536
imgnet_resnet34_EFS || imgnet_swin_EFS,0.0007380073800738,0.0244698205546492,0.0237318131745754
imgnet_resnet34_EFS || imgnet_swin_FE,0.0010706638115631,0.0057096247960848,0.0046389609845216995
imgnet_resnet34_EFS || imgnet_swin_FR,0.0,0.0122349102773246,0.0122349102773246
imgnet_resnet34_EFS || imgnet_swin_FS,0.0006265664160401,0.0065252854812398,0.0058987190651997
imgnet_resnet34_EFS || imgnet_vit_ALL,0.0,0.0269168026101141,0.0269168026101141
imgnet_resnet34_EFS || imgnet_vit_EFS,0.0,0.100326264274062,0.100326264274062
imgnet_resnet34_EFS || imgnet_vit_FE,0.0,0.0285481239804241,0.0285481239804241
imgnet_resnet34_EFS || imgnet_vit_FR,0.0,0.0032626427406199,0.0032626427406199
imgnet_resnet34_EFS || imgnet_vit_FS,0.0,0.0187601957585644,0.0187601957585644
imgnet_resnet34_FE || imgnet_swin_ALL,0.0005605381165919,0.0,-0.0005605381165919
imgnet_resnet34_FE || imgnet_swin_EFS,0.0,0.0,0.0
imgnet_resnet34_FE || imgnet_swin_FE,0.0042826552462526,0.0,-0.0042826552462526
imgnet_resnet34_FE || imgnet_swin_FR,0.0120663650075414,0.0019646365422396,-0.010101728465301801
imgnet_resnet34_FE || imgnet_swin_FS,0.012531328320802,0.0,-0.012531328320802
imgnet_resnet34_FE || imgnet_vit_ALL,0.0,0.0,0.0
imgnet_resnet34_FE || imgnet_vit_EFS,0.0,0.0009823182711198,0.0009823182711198
imgnet_resnet34_FE || imgnet_vit_FE,0.0,0.0117878192534381,0.0117878192534381
imgnet_resnet34_FE || imgnet_vit_FR,0.0017746228926353,0.0,-0.0017746228926353
imgnet_resnet34_FE || imgnet_vit_FS,0.0041946308724832,0.0,-0.0041946308724832
imgnet_resnet34_FR || imgnet_swin_ALL,0.0016816143497757,0.0015948963317384,-8.671801803730012e-05
imgnet_resnet34_FR || imgnet_swin_EFS,0.0014760147601476,0.0095693779904306,0.008093363230283
imgnet_resnet34_FR || imgnet_swin_FE,0.0,0.0023923444976076,0.0023923444976076
imgnet_resnet34_FR || imgnet_swin_FR,0.004524886877828,0.0159489633173843,0.0114240764395563
imgnet_resnet34_FR || imgnet_swin_FS,0.0043859649122807,0.0127591706539074,0.008373205741626701
imgnet_resnet34_FR || imgnet_vit_ALL,0.0005151983513652,0.0047846889952153,0.004269490643850101
imgnet_resnet34_FR || imgnet_vit_EFS,0.0,0.0055821371610845,0.0055821371610845
imgnet_resnet34_FR || imgnet_vit_FE,0.0,0.0023923444976076,0.0023923444976076
imgnet_resnet34_FR || imgnet_vit_FR,0.0017746228926353,0.003987240829346,0.0022126179367107004
imgnet_resnet34_FR || imgnet_vit_FS,0.0008389261744966,0.0047846889952153,0.003945762820718701
imgnet_resnet34_FS || imgnet_swin_ALL,0.0044843049327354,0.0124069478908188,0.007922642958083401
imgnet_resnet34_FS || imgnet_swin_EFS,0.0,0.0136476426799007,0.0136476426799007
imgnet_resnet34_FS || imgnet_swin_FE,0.0,0.0049627791563275,0.0049627791563275
imgnet_resnet34_FS || imgnet_swin_FR,0.0,0.0068238213399503,0.0068238213399503
imgnet_resnet34_FS || imgnet_swin_FS,0.0388471177944862,0.010545905707196,-0.028301212087290202
imgnet_resnet34_FS || imgnet_vit_ALL,0.0005151983513652,0.0086848635235732,0.008169665172208
imgnet_resnet34_FS || imgnet_vit_EFS,0.0006944444444444,0.0241935483870967,0.0234991039426523
imgnet_resnet34_FS || imgnet_vit_FE,0.0,0.0328784119106699,0.0328784119106699
imgnet_resnet34_FS || imgnet_vit_FR,0.0,0.0,0.0
imgnet_resnet34_FS || imgnet_vit_FS,0.0041946308724832,0.0248138957816377,0.0206192649091545
imgnet_swin_ALL || imgnet_xception_ALL,0.0016816143497757,0.1144744083654375,0.1127927940156618
imgnet_swin_ALL || imgnet_xception_EFS,0.0016816143497757,0.003076923076923,0.0013953087271473
imgnet_swin_ALL || imgnet_xception_FE,0.0005605381165919,0.0045214770158251,0.0039609388992332
imgnet_swin_ALL || imgnet_xception_FR,0.0022421524663677,0.0043103448275862,0.0020681923612185
imgnet_swin_ALL || imgnet_xception_FS,0.0039237668161434,0.0163656884875846,0.012441921671441201
imgnet_swin_EFS || imgnet_xception_ALL,0.003690036900369,0.0913593835993395,0.0876693466989705
imgnet_swin_EFS || imgnet_xception_EFS,0.0029520295202952,0.0061538461538461,0.0032018166335509002
imgnet_swin_EFS || imgnet_xception_FE,0.0,0.0022607385079125,0.0022607385079125
imgnet_swin_EFS || imgnet_xception_FR,0.0,0.0024630541871921,0.0024630541871921
imgnet_swin_EFS || imgnet_xception_FS,0.0014760147601476,0.0186230248306997,0.0171470100705521
imgnet_swin_FE || imgnet_xception_ALL,0.0010706638115631,0.0363236103467253,0.0352529465351622
imgnet_swin_FE || imgnet_xception_EFS,0.0021413276231263,0.0049230769230769,0.0027817492999506
imgnet_swin_FE || imgnet_xception_FE,0.0085653104925053,0.0007535795026375,-0.0078117309898678
imgnet_swin_FE || imgnet_xception_FR,0.0032119914346895,0.0055418719211822,0.0023298804864927
imgnet_swin_FE || imgnet_xception_FS,0.0042826552462526,0.0174943566591422,0.013211701412889602
imgnet_swin_FR || imgnet_xception_ALL,0.0082956259426847,0.0924600990643918,0.0841644731217071
imgnet_swin_FR || imgnet_xception_EFS,0.0015082956259426,0.0018461538461538,0.0003378582202111999
imgnet_swin_FR || imgnet_xception_FE,0.0007541478129713,0.0165787490580256,0.015824601245054297
imgnet_swin_FR || imgnet_xception_FR,0.0120663650075414,0.0129310344827586,0.0008646694752171991
imgnet_swin_FR || imgnet_xception_FS,0.004524886877828,0.0276523702031602,0.0231274833253322
imgnet_swin_FS || imgnet_xception_ALL,0.0050125313283208,0.0952118877270225,0.0901993563987017
imgnet_swin_FS || imgnet_xception_EFS,0.0,0.0006153846153846,0.0006153846153846
imgnet_swin_FS || imgnet_xception_FE,0.0012531328320802,0.0030143180105501,0.0017611851784699
imgnet_swin_FS || imgnet_xception_FR,0.0025062656641604,0.0036945812807881,0.0011883156166277
imgnet_swin_FS || imgnet_xception_FS,0.0150375939849624,0.0112866817155756,-0.0037509122693867997
imgnet_vit_ALL || imgnet_xception_ALL,0.0,0.2278481012658227,0.2278481012658227
imgnet_vit_ALL || imgnet_xception_EFS,0.0,0.0006153846153846,0.0006153846153846
imgnet_vit_ALL || imgnet_xception_FE,0.0,0.0,0.0
imgnet_vit_ALL || imgnet_xception_FR,0.0,0.001231527093596,0.001231527093596
imgnet_vit_ALL || imgnet_xception_FS,0.0,0.0022573363431151,0.0022573363431151
imgnet_vit_EFS || imgnet_xception_ALL,0.0048611111111111,0.232801320858558,0.22794020974744691
imgnet_vit_EFS || imgnet_xception_EFS,0.0104166666666666,0.0092307692307692,-0.0011858974358973998
imgnet_vit_EFS || imgnet_xception_FE,0.0020833333333333,0.0045214770158251,0.0024381436824918003
imgnet_vit_EFS || imgnet_xception_FR,0.0020833333333333,0.0030788177339901,0.0009954844006567999
imgnet_vit_EFS || imgnet_xception_FS,0.0055555555555555,0.015237020316027,0.009681464760471499
imgnet_vit_FE || imgnet_xception_ALL,0.001885014137606,0.1876719867914144,0.1857869726538084
imgnet_vit_FE || imgnet_xception_EFS,0.004712535344015,0.0073846153846153,0.0026720800406003003
imgnet_vit_FE || imgnet_xception_FE,0.0311027332704995,0.015825169555388,-0.015277563715111502
imgnet_vit_FE || imgnet_xception_FR,0.002827521206409,0.0043103448275862,0.0014828236211771998
imgnet_vit_FE || imgnet_xception_FS,0.005655042412818,0.0203160270880361,0.014660984675218099
imgnet_vit_FR || imgnet_xception_ALL,0.0,0.0902586681342872,0.0902586681342872
imgnet_vit_FR || imgnet_xception_EFS,0.0,0.0018461538461538,0.0018461538461538
imgnet_vit_FR || imgnet_xception_FE,0.0,0.0022607385079125,0.0022607385079125
imgnet_vit_FR || imgnet_xception_FR,0.0026619343389529,0.0098522167487684,0.0071902824098155
imgnet_vit_FR || imgnet_xception_FS,0.0,0.0073363431151241,0.0073363431151241
imgnet_vit_FS || imgnet_xception_ALL,0.0008389261744966,0.1871216290588882,0.1862827028843916
imgnet_vit_FS || imgnet_xception_EFS,0.0,0.0049230769230769,0.0049230769230769
imgnet_vit_FS || imgnet_xception_FE,0.0008389261744966,0.001507159005275,0.0006682328307783999
imgnet_vit_FS || imgnet_xception_FR,0.0,0.0098522167487684,0.0098522167487684
imgnet_vit_FS || imgnet_xception_FS,0.0025167785234899,0.0197516930022573,0.017234914478767398
