model_pair,mean_true,mean_false,diff
fr_deit_ALL || imgnet_deit_ALL,0.0006045949214026,0.0845771144278607,-0.0839725195064581
fr_deit_ALL || imgnet_deit_EFS,0.00078125,0.0497512437810945,-0.048969993781094505
fr_deit_ALL || imgnet_deit_FE,0.0072727272727272,0.0440653873489694,-0.0367926600762422
fr_deit_ALL || imgnet_deit_FR,0.0,0.0412224591329069,-0.0412224591329069
fr_deit_ALL || imgnet_deit_FS,0.0007627765064836,0.0689410092395167,-0.0681782327330331
fr_deit_ALL || imgnet_efficientnetb4_ALL,0.0037115588547189,0.0454868514570007,-0.0417752926022818
fr_deit_ALL || imgnet_efficientnetb4_EFS,0.004118050789293,0.021321961620469,-0.017203910831176
fr_deit_ALL || imgnet_efficientnetb4_FE,0.0098939929328621,0.0241648898365316,-0.014270896903669499
fr_deit_ALL || imgnet_efficientnetb4_FR,0.0,0.0142146410803127,-0.0142146410803127
fr_deit_ALL || imgnet_efficientnetb4_FS,0.0,0.0326936744847192,-0.0326936744847192
fr_deit_ALL || imgnet_resnet34_ALL,0.0262820512820512,0.044776119402985,-0.018494068120933804
fr_deit_ALL || imgnet_resnet34_EFS,0.0008156606851549,0.0262970859985785,-0.025481425313423598
fr_deit_ALL || imgnet_resnet34_FE,0.0,0.0113717128642501,-0.0113717128642501
fr_deit_ALL || imgnet_resnet34_FR,0.0,0.0170575692963752,-0.0170575692963752
fr_deit_ALL || imgnet_resnet34_FS,0.0012406947890818,0.0298507462686567,-0.028610051479574898
fr_deit_ALL || imgnet_swin_ALL,0.0,0.0639658848614072,-0.0639658848614072
fr_deit_ALL || imgnet_swin_EFS,0.0,0.0234541577825159,-0.0234541577825159
fr_deit_ALL || imgnet_swin_FE,0.0,0.0170575692963752,-0.0170575692963752
fr_deit_ALL || imgnet_swin_FR,0.0,0.0440653873489694,-0.0440653873489694
fr_deit_ALL || imgnet_swin_FS,0.0025062656641604,0.0255863539445629,-0.0230800882804025
fr_deit_ALL || imgnet_vit_ALL,0.0,0.0938166311300639,-0.0938166311300639
fr_deit_ALL || imgnet_vit_EFS,0.0,0.052594171997157,-0.052594171997157
fr_deit_ALL || imgnet_vit_FE,0.001885014137606,0.0398009950248756,-0.0379159808872696
fr_deit_ALL || imgnet_vit_FR,0.0,0.0376687988628287,-0.0376687988628287
fr_deit_ALL || imgnet_vit_FS,0.0,0.0632551528073916,-0.0632551528073916
fr_deit_ALL || imgnet_xception_ALL,0.0187121629058888,0.0099502487562189,0.008761914149669899
fr_deit_ALL || imgnet_xception_EFS,0.0024615384615384,0.0099502487562189,-0.0074887102946805
fr_deit_ALL || imgnet_xception_FE,0.0007535795026375,0.0092395167022032,-0.0084859371995657
fr_deit_ALL || imgnet_xception_FR,0.0086206896551724,0.0120824449182658,-0.0034617552630934
fr_deit_ALL || imgnet_xception_FS,0.0129796839729119,0.0106609808102345,0.0023187031626773994
fr_deit_EFS || imgnet_deit_ALL,0.0,0.0685224839400428,-0.0685224839400428
fr_deit_EFS || imgnet_deit_EFS,0.0,0.0792291220556745,-0.0792291220556745
fr_deit_EFS || imgnet_deit_FE,0.009090909090909,0.0610278372591006,-0.05193692816819159
fr_deit_EFS || imgnet_deit_FR,0.0,0.0235546038543897,-0.0235546038543897
fr_deit_EFS || imgnet_deit_FS,0.0,0.0610278372591006,-0.0610278372591006
fr_deit_EFS || imgnet_efficientnetb4_ALL,0.0037115588547189,0.0396145610278372,-0.0359030021731183
fr_deit_EFS || imgnet_efficientnetb4_EFS,0.0034317089910775,0.0449678800856531,-0.041536171094575594
fr_deit_EFS || imgnet_efficientnetb4_FE,0.0042402826855123,0.0449678800856531,-0.0407275974001408
fr_deit_EFS || imgnet_efficientnetb4_FR,0.0,0.012847965738758,-0.012847965738758
fr_deit_EFS || imgnet_efficientnetb4_FS,0.0,0.025695931477516,-0.025695931477516
fr_deit_EFS || imgnet_resnet34_ALL,0.016025641025641,0.0546038543897216,-0.0385782133640806
fr_deit_EFS || imgnet_resnet34_EFS,0.0,0.0374732334047109,-0.0374732334047109
fr_deit_EFS || imgnet_resnet34_FE,0.0,0.0203426124197002,-0.0203426124197002
fr_deit_EFS || imgnet_resnet34_FR,0.0,0.0224839400428265,-0.0224839400428265
fr_deit_EFS || imgnet_resnet34_FS,0.0,0.0364025695931477,-0.0364025695931477
fr_deit_EFS || imgnet_swin_ALL,0.0,0.0610278372591006,-0.0610278372591006
fr_deit_EFS || imgnet_swin_EFS,0.0007380073800738,0.0353319057815845,-0.034593898401510705
fr_deit_EFS || imgnet_swin_FE,0.0,0.0267665952890792,-0.0267665952890792
fr_deit_EFS || imgnet_swin_FR,0.0,0.0513918629550321,-0.0513918629550321
fr_deit_EFS || imgnet_swin_FS,0.0,0.0278372591006423,-0.0278372591006423
fr_deit_EFS || imgnet_vit_ALL,0.0,0.0749464668094218,-0.0749464668094218
fr_deit_EFS || imgnet_vit_EFS,0.0006944444444444,0.1134903640256959,-0.1127959195812515
fr_deit_EFS || imgnet_vit_FE,0.000942507068803,0.0556745182012847,-0.0547320111324817
fr_deit_EFS || imgnet_vit_FR,0.0,0.0278372591006423,-0.0278372591006423
fr_deit_EFS || imgnet_vit_FS,0.0,0.0449678800856531,-0.0449678800856531
fr_deit_EFS || imgnet_xception_ALL,0.0198128783709411,0.0149892933618843,0.0048235850090568005
fr_deit_EFS || imgnet_xception_EFS,0.0067692307692307,0.0182012847965738,-0.0114320540273431
fr_deit_EFS || imgnet_xception_FE,0.0030143180105501,0.0139186295503211,-0.010904311539770999
fr_deit_EFS || imgnet_xception_FR,0.0086206896551724,0.0085653104925053,5.5379162667099774e-05
fr_deit_EFS || imgnet_xception_FS,0.0169300225733634,0.019271948608137,-0.0023419260347735983
fr_deit_FE || imgnet_deit_ALL,0.0,0.0741525423728813,-0.0741525423728813
fr_deit_FE || imgnet_deit_EFS,0.0,0.0529661016949152,-0.0529661016949152
fr_deit_FE || imgnet_deit_FE,0.01,0.0451977401129943,-0.0351977401129943
fr_deit_FE || imgnet_deit_FR,0.0,0.0402542372881355,-0.0402542372881355
fr_deit_FE || imgnet_deit_FS,0.0,0.0557909604519774,-0.0557909604519774
fr_deit_FE || imgnet_efficientnetb4_ALL,0.0106044538706256,0.0338983050847457,-0.0232938512141201
fr_deit_FE || imgnet_efficientnetb4_EFS,0.005490734385724,0.0176553672316384,-0.012164632845914401
fr_deit_FE || imgnet_efficientnetb4_FE,0.007773851590106,0.0225988700564971,-0.014825018466391098
fr_deit_FE || imgnet_efficientnetb4_FR,0.0,0.0204802259887005,-0.0204802259887005
fr_deit_FE || imgnet_efficientnetb4_FS,0.0,0.028954802259887,-0.028954802259887
fr_deit_FE || imgnet_resnet34_ALL,0.041025641025641,0.0296610169491525,0.011364624076488496
fr_deit_FE || imgnet_resnet34_EFS,0.0,0.019774011299435,-0.019774011299435
fr_deit_FE || imgnet_resnet34_FE,0.0,0.0148305084745762,-0.0148305084745762
fr_deit_FE || imgnet_resnet34_FR,0.0015948963317384,0.0204802259887005,-0.018885329656962102
fr_deit_FE || imgnet_resnet34_FS,0.0006203473945409,0.030367231638418,-0.0297468842438771
fr_deit_FE || imgnet_swin_ALL,0.0,0.0430790960451977,-0.0430790960451977
fr_deit_FE || imgnet_swin_EFS,0.0,0.0225988700564971,-0.0225988700564971
fr_deit_FE || imgnet_swin_FE,0.0,0.0077683615819209,-0.0077683615819209
fr_deit_FE || imgnet_swin_FR,0.0,0.0451977401129943,-0.0451977401129943
fr_deit_FE || imgnet_swin_FS,0.0031328320802005,0.0324858757062146,-0.029353043626014097
fr_deit_FE || imgnet_vit_ALL,0.0,0.0727401129943502,-0.0727401129943502
fr_deit_FE || imgnet_vit_EFS,0.0006944444444444,0.03954802259887,-0.0388535781544256
fr_deit_FE || imgnet_vit_FE,0.000942507068803,0.0494350282485875,-0.0484925211797845
fr_deit_FE || imgnet_vit_FR,0.0,0.0437853107344632,-0.0437853107344632
fr_deit_FE || imgnet_vit_FS,0.0,0.0381355932203389,-0.0381355932203389
fr_deit_FE || imgnet_xception_ALL,0.0203632361034672,0.0091807909604519,0.0111824451430153
fr_deit_FE || imgnet_xception_EFS,0.0043076923076923,0.0155367231638418,-0.0112290308561495
fr_deit_FE || imgnet_xception_FE,0.0052750565184626,0.0091807909604519,-0.0039057344419892994
fr_deit_FE || imgnet_xception_FR,0.0036945812807881,0.0098870056497175,-0.006192424368929399
fr_deit_FE || imgnet_xception_FS,0.010158013544018,0.0070621468926553,0.003095866651362699
fr_deit_FR || imgnet_deit_ALL,0.0006045949214026,0.1308139534883721,-0.1302093585669695
fr_deit_FR || imgnet_deit_EFS,0.0,0.0503875968992248,-0.0503875968992248
fr_deit_FR || imgnet_deit_FE,0.009090909090909,0.0397286821705426,-0.030637773079633602
fr_deit_FR || imgnet_deit_FR,0.0,0.0591085271317829,-0.0591085271317829
fr_deit_FR || imgnet_deit_FS,0.0,0.0610465116279069,-0.0610465116279069
fr_deit_FR || imgnet_efficientnetb4_ALL,0.0090137857900318,0.0503875968992248,-0.041373811109193
fr_deit_FR || imgnet_efficientnetb4_EFS,0.0020590253946465,0.0426356589147286,-0.040576633520082096
fr_deit_FR || imgnet_efficientnetb4_FE,0.0056537102473498,0.0416666666666666,-0.0360129564193168
fr_deit_FR || imgnet_efficientnetb4_FR,0.0007993605115907,0.0251937984496124,-0.0243944379380217
fr_deit_FR || imgnet_efficientnetb4_FS,0.0,0.0271317829457364,-0.0271317829457364
fr_deit_FR || imgnet_resnet34_ALL,0.0506410256410256,0.0562015503875969,-0.005560524746571302
fr_deit_FR || imgnet_resnet34_EFS,0.0,0.0358527131782945,-0.0358527131782945
fr_deit_FR || imgnet_resnet34_FE,0.0,0.0281007751937984,-0.0281007751937984
fr_deit_FR || imgnet_resnet34_FR,0.0,0.0281007751937984,-0.0281007751937984
fr_deit_FR || imgnet_resnet34_FS,0.0,0.0377906976744186,-0.0377906976744186
fr_deit_FR || imgnet_swin_ALL,0.0005605381165919,0.0474806201550387,-0.046920082038446796
fr_deit_FR || imgnet_swin_EFS,0.0,0.0474806201550387,-0.0474806201550387
fr_deit_FR || imgnet_swin_FE,0.0,0.0542635658914728,-0.0542635658914728
fr_deit_FR || imgnet_swin_FR,0.0,0.0697674418604651,-0.0697674418604651
fr_deit_FR || imgnet_swin_FS,0.0025062656641604,0.0494186046511627,-0.0469123389870023
fr_deit_FR || imgnet_vit_ALL,0.0,0.0755813953488372,-0.0755813953488372
fr_deit_FR || imgnet_vit_EFS,0.0,0.0455426356589147,-0.0455426356589147
fr_deit_FR || imgnet_vit_FE,0.002827521206409,0.0503875968992248,-0.0475600756928158
fr_deit_FR || imgnet_vit_FR,0.0,0.0532945736434108,-0.0532945736434108
fr_deit_FR || imgnet_vit_FS,0.0,0.062984496124031,-0.062984496124031
fr_deit_FR || imgnet_xception_ALL,0.0291689598238855,0.0242248062015503,0.0049441536223352005
fr_deit_FR || imgnet_xception_EFS,0.0036923076923076,0.0300387596899224,-0.0263464519976148
fr_deit_FR || imgnet_xception_FE,0.0007535795026375,0.0193798449612403,-0.0186262654586028
fr_deit_FR || imgnet_xception_FR,0.0116995073891625,0.0184108527131782,-0.0067113453240156985
fr_deit_FR || imgnet_xception_FS,0.0112866817155756,0.0271317829457364,-0.0158451012301608
fr_deit_FS || imgnet_deit_ALL,0.0006045949214026,0.1941941941941942,-0.1935895992727916
fr_deit_FS || imgnet_deit_EFS,0.0,0.1011011011011011,-0.1011011011011011
fr_deit_FS || imgnet_deit_FE,0.0081818181818181,0.095095095095095,-0.08691327691327691
fr_deit_FS || imgnet_deit_FR,0.0,0.072072072072072,-0.072072072072072
fr_deit_FS || imgnet_deit_FS,0.0,0.1391391391391391,-0.1391391391391391
fr_deit_FS || imgnet_efficientnetb4_ALL,0.0058324496288441,0.1071071071071071,-0.10127465747826299
fr_deit_FS || imgnet_efficientnetb4_EFS,0.005490734385724,0.058058058058058,-0.052567323672334
fr_deit_FS || imgnet_efficientnetb4_FE,0.004946996466431,0.051051051051051,-0.04610405458462
fr_deit_FS || imgnet_efficientnetb4_FR,0.0,0.042042042042042,-0.042042042042042
fr_deit_FS || imgnet_efficientnetb4_FS,0.0,0.088088088088088,-0.088088088088088
fr_deit_FS || imgnet_resnet34_ALL,0.0326923076923076,0.072072072072072,-0.039379764379764405
fr_deit_FS || imgnet_resnet34_EFS,0.0016313213703099,0.052052052052052,-0.050420730681742104
fr_deit_FS || imgnet_resnet34_FE,0.0,0.036036036036036,-0.036036036036036
fr_deit_FS || imgnet_resnet34_FR,0.0023923444976076,0.047047047047047,-0.0446547025494394
fr_deit_FS || imgnet_resnet34_FS,0.0006203473945409,0.071071071071071,-0.0704507236765301
fr_deit_FS || imgnet_swin_ALL,0.0011210762331838,0.1221221221221221,-0.1210010458889383
fr_deit_FS || imgnet_swin_EFS,0.0,0.063063063063063,-0.063063063063063
fr_deit_FS || imgnet_swin_FE,0.0,0.026026026026026,-0.026026026026026
fr_deit_FS || imgnet_swin_FR,0.0,0.048048048048048,-0.048048048048048
fr_deit_FS || imgnet_swin_FS,0.0087719298245614,0.073073073073073,-0.06430114324851159
fr_deit_FS || imgnet_vit_ALL,0.0,0.1811811811811811,-0.1811811811811811
fr_deit_FS || imgnet_vit_EFS,0.0,0.0980980980980981,-0.0980980980980981
fr_deit_FS || imgnet_vit_FE,0.000942507068803,0.061061061061061,-0.060118553992258
fr_deit_FS || imgnet_vit_FR,0.0,0.08008008008008,-0.08008008008008
fr_deit_FS || imgnet_vit_FS,0.0008389261744966,0.1751751751751751,-0.1743362490006785
fr_deit_FS || imgnet_xception_ALL,0.0253164556962025,0.046046046046046,-0.0207295903498435
fr_deit_FS || imgnet_xception_EFS,0.0018461538461538,0.019019019019019,-0.0171728651728652
fr_deit_FS || imgnet_xception_FE,0.001507159005275,0.01001001001001,-0.008502851004735
fr_deit_FS || imgnet_xception_FR,0.0086206896551724,0.026026026026026,-0.0174053363708536
fr_deit_FS || imgnet_xception_FS,0.0180586907449209,0.037037037037037,-0.0189783462921161
fr_efficientnetb4_ALL || imgnet_deit_ALL,0.0,0.0008230452674897,-0.0008230452674897
fr_efficientnetb4_ALL || imgnet_deit_EFS,0.0,0.0008230452674897,-0.0008230452674897
fr_efficientnetb4_ALL || imgnet_deit_FE,0.0,0.0008230452674897,-0.0008230452674897
fr_efficientnetb4_ALL || imgnet_deit_FR,0.0,0.0008230452674897,-0.0008230452674897
fr_efficientnetb4_ALL || imgnet_deit_FS,0.0,0.0008230452674897,-0.0008230452674897
fr_efficientnetb4_ALL || imgnet_efficientnetb4_ALL,0.0153764581124072,0.0008230452674897,0.0145534128449175
fr_efficientnetb4_ALL || imgnet_efficientnetb4_EFS,0.002745367192862,0.0008230452674897,0.0019223219253723001
fr_efficientnetb4_ALL || imgnet_efficientnetb4_FE,0.0056537102473498,0.0008230452674897,0.0048306649798600994
fr_efficientnetb4_ALL || imgnet_efficientnetb4_FR,0.0,0.0008230452674897,-0.0008230452674897
fr_efficientnetb4_ALL || imgnet_efficientnetb4_FS,0.0,0.0008230452674897,-0.0008230452674897
fr_efficientnetb4_ALL || imgnet_resnet34_ALL,0.0583333333333333,0.0008230452674897,0.0575102880658436
fr_efficientnetb4_ALL || imgnet_resnet34_EFS,0.0,0.0008230452674897,-0.0008230452674897
fr_efficientnetb4_ALL || imgnet_resnet34_FE,0.0,0.0008230452674897,-0.0008230452674897
fr_efficientnetb4_ALL || imgnet_resnet34_FR,0.0,0.0008230452674897,-0.0008230452674897
fr_efficientnetb4_ALL || imgnet_resnet34_FS,0.0018610421836228,0.0008230452674897,0.0010379969161331
fr_efficientnetb4_ALL || imgnet_swin_ALL,0.0,0.0008230452674897,-0.0008230452674897
fr_efficientnetb4_ALL || imgnet_swin_EFS,0.0,0.0008230452674897,-0.0008230452674897
fr_efficientnetb4_ALL || imgnet_swin_FE,0.0,0.0008230452674897,-0.0008230452674897
fr_efficientnetb4_ALL || imgnet_swin_FR,0.0,0.0016460905349794,-0.0016460905349794
fr_efficientnetb4_ALL || imgnet_swin_FS,0.0,0.0008230452674897,-0.0008230452674897
fr_efficientnetb4_ALL || imgnet_vit_ALL,0.0,0.0008230452674897,-0.0008230452674897
fr_efficientnetb4_ALL || imgnet_vit_EFS,0.0,0.0008230452674897,-0.0008230452674897
fr_efficientnetb4_ALL || imgnet_vit_FE,0.000942507068803,0.0,0.000942507068803
fr_efficientnetb4_ALL || imgnet_vit_FR,0.0,0.0008230452674897,-0.0008230452674897
fr_efficientnetb4_ALL || imgnet_vit_FS,0.0016778523489932,0.0008230452674897,0.0008548070815035001
fr_efficientnetb4_ALL || imgnet_xception_ALL,0.1023665382498624,0.0016460905349794,0.100720447714883
fr_efficientnetb4_ALL || imgnet_xception_EFS,0.003076923076923,0.0016460905349794,0.0014308325419436002
fr_efficientnetb4_ALL || imgnet_xception_FE,0.0007535795026375,0.0016460905349794,-0.0008925110323419
fr_efficientnetb4_ALL || imgnet_xception_FR,0.0086206896551724,0.0041152263374485,0.0045054633177239
fr_efficientnetb4_ALL || imgnet_xception_FS,0.0163656884875846,0.0016460905349794,0.0147195979526052
fr_efficientnetb4_EFS || imgnet_deit_ALL,0.0096735187424425,0.0106007067137809,-0.0009271879713383998
fr_efficientnetb4_EFS || imgnet_deit_EFS,0.0,0.0082449941107184,-0.0082449941107184
fr_efficientnetb4_EFS || imgnet_deit_FE,0.01,0.0070671378091872,0.0029328621908128
fr_efficientnetb4_EFS || imgnet_deit_FR,0.0045197740112994,0.0047114252061248,-0.00019165119482540075
fr_efficientnetb4_EFS || imgnet_deit_FS,0.0,0.0094228504122497,-0.0094228504122497
fr_efficientnetb4_EFS || imgnet_efficientnetb4_ALL,0.0058324496288441,0.0106007067137809,-0.0047682570849368
fr_efficientnetb4_EFS || imgnet_efficientnetb4_EFS,0.0020590253946465,0.0082449941107184,-0.0061859687160719
fr_efficientnetb4_EFS || imgnet_efficientnetb4_FE,0.0056537102473498,0.0035335689045936,0.0021201413427561996
fr_efficientnetb4_EFS || imgnet_efficientnetb4_FR,0.0031974420463629,0.0035335689045936,-0.0003361268582307
fr_efficientnetb4_EFS || imgnet_efficientnetb4_FS,0.0,0.0035335689045936,-0.0035335689045936
fr_efficientnetb4_EFS || imgnet_resnet34_ALL,0.0775641025641025,0.0176678445229682,0.0598962580411343
fr_efficientnetb4_EFS || imgnet_resnet34_EFS,0.0008156606851549,0.0011778563015312,-0.0003621956163763001
fr_efficientnetb4_EFS || imgnet_resnet34_FE,0.0009823182711198,0.0023557126030624,-0.0013733943319426001
fr_efficientnetb4_EFS || imgnet_resnet34_FR,0.0007974481658692,0.0023557126030624,-0.0015582644371932002
fr_efficientnetb4_EFS || imgnet_resnet34_FS,0.0037220843672456,0.0011778563015312,0.0025442280657144
fr_efficientnetb4_EFS || imgnet_swin_ALL,0.0,0.0035335689045936,-0.0035335689045936
fr_efficientnetb4_EFS || imgnet_swin_EFS,0.0,0.0047114252061248,-0.0047114252061248
fr_efficientnetb4_EFS || imgnet_swin_FE,0.0,0.0,0.0
fr_efficientnetb4_EFS || imgnet_swin_FR,0.0015082956259426,0.0023557126030624,-0.0008474169771198001
fr_efficientnetb4_EFS || imgnet_swin_FS,0.0006265664160401,0.0047114252061248,-0.0040848587900847
fr_efficientnetb4_EFS || imgnet_vit_ALL,0.0030911901081916,0.0011778563015312,0.0019133338066603999
fr_efficientnetb4_EFS || imgnet_vit_EFS,0.0,0.0035335689045936,-0.0035335689045936
fr_efficientnetb4_EFS || imgnet_vit_FE,0.0,0.0070671378091872,-0.0070671378091872
fr_efficientnetb4_EFS || imgnet_vit_FR,0.0,0.0011778563015312,-0.0011778563015312
fr_efficientnetb4_EFS || imgnet_vit_FS,0.0008389261744966,0.0023557126030624,-0.0015167864285658
fr_efficientnetb4_EFS || imgnet_xception_ALL,0.1309851403412218,0.0023557126030624,0.1286294277381594
fr_efficientnetb4_EFS || imgnet_xception_EFS,0.0067692307692307,0.0070671378091872,-0.00029790703995649995
fr_efficientnetb4_EFS || imgnet_xception_FE,0.0022607385079125,0.0047114252061248,-0.0024506866982123006
fr_efficientnetb4_EFS || imgnet_xception_FR,0.0080049261083743,0.0094228504122497,-0.0014179243038753998
fr_efficientnetb4_EFS || imgnet_xception_FS,0.0197516930022573,0.005889281507656,0.013862411494601299
fr_efficientnetb4_FE || imgnet_deit_ALL,0.0133010882708585,0.0014705882352941,0.0118305000355644
fr_efficientnetb4_FE || imgnet_deit_EFS,0.00078125,0.0,0.00078125
fr_efficientnetb4_FE || imgnet_deit_FE,0.0009090909090909,0.0,0.0009090909090909
fr_efficientnetb4_FE || imgnet_deit_FR,0.0033898305084745,0.0014705882352941,0.0019192422731803998
fr_efficientnetb4_FE || imgnet_deit_FS,0.0015255530129672,0.0,0.0015255530129672
fr_efficientnetb4_FE || imgnet_efficientnetb4_ALL,0.0031813361611876,0.0029411764705882,0.00024015969059939992
fr_efficientnetb4_FE || imgnet_efficientnetb4_EFS,0.002745367192862,0.0014705882352941,0.0012747789575679
fr_efficientnetb4_FE || imgnet_efficientnetb4_FE,0.0007067137809187,0.0,0.0007067137809187
fr_efficientnetb4_FE || imgnet_efficientnetb4_FR,0.0007993605115907,0.0014705882352941,-0.0006712277237034001
fr_efficientnetb4_FE || imgnet_efficientnetb4_FS,0.0,0.0029411764705882,-0.0029411764705882
fr_efficientnetb4_FE || imgnet_resnet34_ALL,0.0358974358974358,0.0029411764705882,0.0329562594268476
fr_efficientnetb4_FE || imgnet_resnet34_EFS,0.0016313213703099,0.0014705882352941,0.0001607331350157999
fr_efficientnetb4_FE || imgnet_resnet34_FE,0.0019646365422396,0.0,0.0019646365422396
fr_efficientnetb4_FE || imgnet_resnet34_FR,0.0015948963317384,0.0,0.0015948963317384
fr_efficientnetb4_FE || imgnet_resnet34_FS,0.0024813895781637,0.0014705882352941,0.0010108013428696
fr_efficientnetb4_FE || imgnet_swin_ALL,0.0,0.0,0.0
fr_efficientnetb4_FE || imgnet_swin_EFS,0.0007380073800738,0.0,0.0007380073800738
fr_efficientnetb4_FE || imgnet_swin_FE,0.0,0.0,0.0
fr_efficientnetb4_FE || imgnet_swin_FR,0.0,0.0044117647058823,-0.0044117647058823
fr_efficientnetb4_FE || imgnet_swin_FS,0.0006265664160401,0.0,0.0006265664160401
fr_efficientnetb4_FE || imgnet_vit_ALL,0.0010303967027305,0.0014705882352941,-0.00044019153256360014
fr_efficientnetb4_FE || imgnet_vit_EFS,0.0,0.0014705882352941,-0.0014705882352941
fr_efficientnetb4_FE || imgnet_vit_FE,0.000942507068803,0.0014705882352941,-0.0005280811664911001
fr_efficientnetb4_FE || imgnet_vit_FR,0.0008873114463176,0.0,0.0008873114463176
fr_efficientnetb4_FE || imgnet_vit_FS,0.0016778523489932,0.0,0.0016778523489932
fr_efficientnetb4_FE || imgnet_xception_ALL,0.0990643918547055,0.0014705882352941,0.0975938036194114
fr_efficientnetb4_FE || imgnet_xception_EFS,0.0073846153846153,0.0014705882352941,0.0059140271493212
fr_efficientnetb4_FE || imgnet_xception_FE,0.001507159005275,0.0029411764705882,-0.0014340174653132002
fr_efficientnetb4_FE || imgnet_xception_FR,0.0086206896551724,0.0029411764705882,0.005679513184584199
fr_efficientnetb4_FE || imgnet_xception_FS,0.0214446952595936,0.0014705882352941,0.0199741070242995
fr_efficientnetb4_FR || imgnet_deit_ALL,0.0,0.0045801526717557,-0.0045801526717557
fr_efficientnetb4_FR || imgnet_deit_EFS,0.0,0.0,0.0
fr_efficientnetb4_FR || imgnet_deit_FE,0.0,0.0,0.0
fr_efficientnetb4_FR || imgnet_deit_FR,0.0011299435028248,0.0030534351145038,-0.0019234916116789998
fr_efficientnetb4_FR || imgnet_deit_FS,0.0,0.0061068702290076,-0.0061068702290076
fr_efficientnetb4_FR || imgnet_efficientnetb4_ALL,0.0090137857900318,0.0091603053435114,-0.00014651955347960016
fr_efficientnetb4_FR || imgnet_efficientnetb4_EFS,0.0020590253946465,0.0061068702290076,-0.004047844834361099
fr_efficientnetb4_FR || imgnet_efficientnetb4_FE,0.0056537102473498,0.0030534351145038,0.002600275132846
fr_efficientnetb4_FR || imgnet_efficientnetb4_FR,0.0,0.0045801526717557,-0.0045801526717557
fr_efficientnetb4_FR || imgnet_efficientnetb4_FS,0.0,0.0061068702290076,-0.0061068702290076
fr_efficientnetb4_FR || imgnet_resnet34_ALL,0.025,0.0030534351145038,0.021946564885496202
fr_efficientnetb4_FR || imgnet_resnet34_EFS,0.0008156606851549,0.0030534351145038,-0.0022377744293489
fr_efficientnetb4_FR || imgnet_resnet34_FE,0.0,0.0015267175572519,-0.0015267175572519
fr_efficientnetb4_FR || imgnet_resnet34_FR,0.0,0.0045801526717557,-0.0045801526717557
fr_efficientnetb4_FR || imgnet_resnet34_FS,0.0,0.0045801526717557,-0.0045801526717557
fr_efficientnetb4_FR || imgnet_swin_ALL,0.0,0.0015267175572519,-0.0015267175572519
fr_efficientnetb4_FR || imgnet_swin_EFS,0.0,0.0045801526717557,-0.0045801526717557
fr_efficientnetb4_FR || imgnet_swin_FE,0.0,0.0015267175572519,-0.0015267175572519
fr_efficientnetb4_FR || imgnet_swin_FR,0.0,0.0015267175572519,-0.0015267175572519
fr_efficientnetb4_FR || imgnet_swin_FS,0.0,0.0015267175572519,-0.0015267175572519
fr_efficientnetb4_FR || imgnet_vit_ALL,0.0,0.0106870229007633,-0.0106870229007633
fr_efficientnetb4_FR || imgnet_vit_EFS,0.0,0.0015267175572519,-0.0015267175572519
fr_efficientnetb4_FR || imgnet_vit_FE,0.000942507068803,0.0,0.000942507068803
fr_efficientnetb4_FR || imgnet_vit_FR,0.0,0.0030534351145038,-0.0030534351145038
fr_efficientnetb4_FR || imgnet_vit_FS,0.0,0.0015267175572519,-0.0015267175572519
fr_efficientnetb4_FR || imgnet_xception_ALL,0.0434782608695652,0.0061068702290076,0.037371390640557604
fr_efficientnetb4_FR || imgnet_xception_EFS,0.0055384615384615,0.0030534351145038,0.0024850264239577
fr_efficientnetb4_FR || imgnet_xception_FE,0.0007535795026375,0.0015267175572519,-0.0007731380546144
fr_efficientnetb4_FR || imgnet_xception_FR,0.0135467980295566,0.0030534351145038,0.0104933629150528
fr_efficientnetb4_FR || imgnet_xception_FS,0.0158013544018058,0.0015267175572519,0.014274636844553901
fr_efficientnetb4_FS || imgnet_deit_ALL,0.0018137847642079,0.0,0.0018137847642079
fr_efficientnetb4_FS || imgnet_deit_EFS,0.0,0.0006489292667099,-0.0006489292667099
fr_efficientnetb4_FS || imgnet_deit_FE,0.0036363636363636,0.0,0.0036363636363636
fr_efficientnetb4_FS || imgnet_deit_FR,0.0,0.0,0.0
fr_efficientnetb4_FS || imgnet_deit_FS,0.0,0.0006489292667099,-0.0006489292667099
fr_efficientnetb4_FS || imgnet_efficientnetb4_ALL,0.0047720042417815,0.0019467878001297,0.0028252164416518
fr_efficientnetb4_FS || imgnet_efficientnetb4_EFS,0.004118050789293,0.0,0.004118050789293
fr_efficientnetb4_FS || imgnet_efficientnetb4_FE,0.0190812720848056,0.0006489292667099,0.0184323428180957
fr_efficientnetb4_FS || imgnet_efficientnetb4_FR,0.0,0.0006489292667099,-0.0006489292667099
fr_efficientnetb4_FS || imgnet_efficientnetb4_FS,0.0,0.0019467878001297,-0.0019467878001297
fr_efficientnetb4_FS || imgnet_resnet34_ALL,0.0352564102564102,0.0006489292667099,0.034607480989700304
fr_efficientnetb4_FS || imgnet_resnet34_EFS,0.0057096247960848,0.0,0.0057096247960848
fr_efficientnetb4_FS || imgnet_resnet34_FE,0.0,0.0,0.0
fr_efficientnetb4_FS || imgnet_resnet34_FR,0.0,0.0,0.0
fr_efficientnetb4_FS || imgnet_resnet34_FS,0.0,0.0,0.0
fr_efficientnetb4_FS || imgnet_swin_ALL,0.0,0.0,0.0
fr_efficientnetb4_FS || imgnet_swin_EFS,0.0,0.0,0.0
fr_efficientnetb4_FS || imgnet_swin_FE,0.0,0.0,0.0
fr_efficientnetb4_FS || imgnet_swin_FR,0.0,0.0,0.0
fr_efficientnetb4_FS || imgnet_swin_FS,0.0,0.0,0.0
fr_efficientnetb4_FS || imgnet_vit_ALL,0.0005151983513652,0.0,0.0005151983513652
fr_efficientnetb4_FS || imgnet_vit_EFS,0.0,0.0,0.0
fr_efficientnetb4_FS || imgnet_vit_FE,0.001885014137606,0.0,0.001885014137606
fr_efficientnetb4_FS || imgnet_vit_FR,0.0,0.0,0.0
fr_efficientnetb4_FS || imgnet_vit_FS,0.0033557046979865,0.0,0.0033557046979865
fr_efficientnetb4_FS || imgnet_xception_ALL,0.1221794166208035,0.0,0.1221794166208035
fr_efficientnetb4_FS || imgnet_xception_EFS,0.0018461538461538,0.0,0.0018461538461538
fr_efficientnetb4_FS || imgnet_xception_FE,0.0060286360211002,0.0,0.0060286360211002
fr_efficientnetb4_FS || imgnet_xception_FR,0.001847290640394,0.0,0.001847290640394
fr_efficientnetb4_FS || imgnet_xception_FS,0.0107223476297968,0.0,0.0107223476297968
fr_resnet34_ALL || imgnet_deit_ALL,0.3821039903264812,0.0022744503411675,0.37982953998531366
fr_resnet34_ALL || imgnet_deit_EFS,0.046875,0.001516300227445,0.045358699772555
fr_resnet34_ALL || imgnet_deit_FE,0.1172727272727272,0.0053070507960576,0.11196567647666959
fr_resnet34_ALL || imgnet_deit_FR,0.2440677966101695,0.0007581501137225,0.243309646496447
fr_resnet34_ALL || imgnet_deit_FS,0.110602593440122,0.0037907505686125,0.1068118428715095
fr_resnet34_ALL || imgnet_efficientnetb4_ALL,0.4231177094379639,0.0037907505686125,0.4193269588693514
fr_resnet34_ALL || imgnet_efficientnetb4_EFS,0.1969800960878517,0.0007581501137225,0.1962219459741292
fr_resnet34_ALL || imgnet_efficientnetb4_FE,0.0798586572438162,0.0,0.0798586572438162
fr_resnet34_ALL || imgnet_efficientnetb4_FR,0.2925659472422062,0.0,0.2925659472422062
fr_resnet34_ALL || imgnet_efficientnetb4_FS,0.0116094986807387,0.0022744503411675,0.009335048339571201
fr_resnet34_ALL || imgnet_resnet34_ALL,0.6814102564102564,0.0242608036391205,0.6571494527711359
fr_resnet34_ALL || imgnet_resnet34_EFS,0.2618270799347471,0.0007581501137225,0.2610689298210246
fr_resnet34_ALL || imgnet_resnet34_FE,0.0324165029469548,0.0,0.0324165029469548
fr_resnet34_ALL || imgnet_resnet34_FR,0.4282296650717703,0.0,0.4282296650717703
fr_resnet34_ALL || imgnet_resnet34_FS,0.336848635235732,0.0,0.336848635235732
fr_resnet34_ALL || imgnet_swin_ALL,0.2847533632286995,0.0,0.2847533632286995
fr_resnet34_ALL || imgnet_swin_EFS,0.1638376383763837,0.0,0.1638376383763837
fr_resnet34_ALL || imgnet_swin_FE,0.0117773019271948,0.0,0.0117773019271948
fr_resnet34_ALL || imgnet_swin_FR,0.0535444947209653,0.0,0.0535444947209653
fr_resnet34_ALL || imgnet_swin_FS,0.2807017543859649,0.0,0.2807017543859649
fr_resnet34_ALL || imgnet_vit_ALL,0.2452344152498712,0.001516300227445,0.24371811502242618
fr_resnet34_ALL || imgnet_vit_EFS,0.0541666666666666,0.00303260045489,0.0511340662117766
fr_resnet34_ALL || imgnet_vit_FE,0.0471253534401508,0.0045489006823351,0.0425764527578157
fr_resnet34_ALL || imgnet_vit_FR,0.0984915705412599,0.0,0.0984915705412599
fr_resnet34_ALL || imgnet_vit_FS,0.3154362416107382,0.0007581501137225,0.3146780914970157
fr_resnet34_ALL || imgnet_xception_ALL,0.6708860759493671,0.0,0.6708860759493671
fr_resnet34_ALL || imgnet_xception_EFS,0.344,0.0,0.344
fr_resnet34_ALL || imgnet_xception_FE,0.0150715900527505,0.0,0.0150715900527505
fr_resnet34_ALL || imgnet_xception_FR,0.0338669950738916,0.0,0.0338669950738916
fr_resnet34_ALL || imgnet_xception_FS,0.4943566591422121,0.0,0.4943566591422121
fr_resnet34_EFS || imgnet_deit_ALL,0.0743651753325272,0.0,0.0743651753325272
fr_resnet34_EFS || imgnet_deit_EFS,0.00859375,0.0,0.00859375
fr_resnet34_EFS || imgnet_deit_FE,0.0727272727272727,0.0,0.0727272727272727
fr_resnet34_EFS || imgnet_deit_FR,0.0610169491525423,0.0,0.0610169491525423
fr_resnet34_EFS || imgnet_deit_FS,0.0015255530129672,0.0,0.0015255530129672
fr_resnet34_EFS || imgnet_efficientnetb4_ALL,0.0238600212089077,0.0,0.0238600212089077
fr_resnet34_EFS || imgnet_efficientnetb4_EFS,0.0260809883321894,0.0,0.0260809883321894
fr_resnet34_EFS || imgnet_efficientnetb4_FE,0.0275618374558303,0.0,0.0275618374558303
fr_resnet34_EFS || imgnet_efficientnetb4_FR,0.0767386091127098,0.0,0.0767386091127098
fr_resnet34_EFS || imgnet_efficientnetb4_FS,0.0010554089709762,0.0,0.0010554089709762
fr_resnet34_EFS || imgnet_resnet34_ALL,0.25,0.0014326647564469,0.2485673352435531
fr_resnet34_EFS || imgnet_resnet34_EFS,0.0668841761827079,0.0,0.0668841761827079
fr_resnet34_EFS || imgnet_resnet34_FE,0.0284872298624754,0.0,0.0284872298624754
fr_resnet34_EFS || imgnet_resnet34_FR,0.2200956937799043,0.0,0.2200956937799043
fr_resnet34_EFS || imgnet_resnet34_FS,0.0260545905707196,0.0,0.0260545905707196
fr_resnet34_EFS || imgnet_swin_ALL,0.0106502242152466,0.0,0.0106502242152466
fr_resnet34_EFS || imgnet_swin_EFS,0.033210332103321,0.0,0.033210332103321
fr_resnet34_EFS || imgnet_swin_FE,0.0032119914346895,0.0,0.0032119914346895
fr_resnet34_EFS || imgnet_swin_FR,0.0150829562594268,0.0,0.0150829562594268
fr_resnet34_EFS || imgnet_swin_FS,0.0150375939849624,0.0,0.0150375939849624
fr_resnet34_EFS || imgnet_vit_ALL,0.0175167439464193,0.0,0.0175167439464193
fr_resnet34_EFS || imgnet_vit_EFS,0.0104166666666666,0.0,0.0104166666666666
fr_resnet34_EFS || imgnet_vit_FE,0.0273327049952874,0.0014326647564469,0.025900040238840502
fr_resnet34_EFS || imgnet_vit_FR,0.0168589174800354,0.0,0.0168589174800354
fr_resnet34_EFS || imgnet_vit_FS,0.009228187919463,0.0,0.009228187919463
fr_resnet34_EFS || imgnet_xception_ALL,0.1750137589433131,0.0,0.1750137589433131
fr_resnet34_EFS || imgnet_xception_EFS,0.0806153846153846,0.0,0.0806153846153846
fr_resnet34_EFS || imgnet_xception_FE,0.0090429540316503,0.0,0.0090429540316503
fr_resnet34_EFS || imgnet_xception_FR,0.0123152709359605,0.0,0.0123152709359605
fr_resnet34_EFS || imgnet_xception_FS,0.0598194130925507,0.0,0.0598194130925507
fr_resnet34_FE || imgnet_deit_ALL,0.1178960096735187,0.007158196134574,0.1107378135389447
fr_resnet34_FE || imgnet_deit_EFS,0.00546875,0.0042949176807444,0.0011738323192556
fr_resnet34_FE || imgnet_deit_FE,0.0172727272727272,0.0042949176807444,0.0129778095919828
fr_resnet34_FE || imgnet_deit_FR,0.047457627118644,0.0014316392269148,0.0460259878917292
fr_resnet34_FE || imgnet_deit_FS,0.0045766590389016,0.0021474588403722,0.0024292001985294002
fr_resnet34_FE || imgnet_efficientnetb4_ALL,0.0296924708377518,0.007158196134574,0.0225342747031778
fr_resnet34_FE || imgnet_efficientnetb4_EFS,0.005490734385724,0.0007158196134574,0.0047749147722666
fr_resnet34_FE || imgnet_efficientnetb4_FE,0.0296819787985865,0.003579098067287,0.026102880731299502
fr_resnet34_FE || imgnet_efficientnetb4_FR,0.0023980815347721,0.0007158196134574,0.0016822619213147
fr_resnet34_FE || imgnet_efficientnetb4_FS,0.0,0.003579098067287,-0.003579098067287
fr_resnet34_FE || imgnet_resnet34_ALL,0.3051282051282051,0.0093056549749463,0.2958225501532588
fr_resnet34_FE || imgnet_resnet34_EFS,0.0269168026101141,0.0007158196134574,0.026200982996656703
fr_resnet34_FE || imgnet_resnet34_FE,0.018664047151277,0.0021474588403722,0.0165165883109048
fr_resnet34_FE || imgnet_resnet34_FR,0.0350877192982456,0.0,0.0350877192982456
fr_resnet34_FE || imgnet_resnet34_FS,0.0353598014888337,0.0028632784538296,0.032496523035004096
fr_resnet34_FE || imgnet_swin_ALL,0.0033632286995515,0.0014316392269148,0.0019315894726366998
fr_resnet34_FE || imgnet_swin_EFS,0.0088560885608856,0.0021474588403722,0.0067086297205134
fr_resnet34_FE || imgnet_swin_FE,0.0010706638115631,0.0007158196134574,0.0003548441981057
fr_resnet34_FE || imgnet_swin_FR,0.0037707390648567,0.003579098067287,0.0001916409975696999
fr_resnet34_FE || imgnet_swin_FS,0.006265664160401,0.0078740157480314,-0.0016083515876304001
fr_resnet34_FE || imgnet_vit_ALL,0.0097887686759402,0.003579098067287,0.0062096706086531995
fr_resnet34_FE || imgnet_vit_EFS,0.00625,0.0064423765211166,-0.0001923765211165997
fr_resnet34_FE || imgnet_vit_FE,0.0103675777568331,0.0100214745884037,0.000346103168429401
fr_resnet34_FE || imgnet_vit_FR,0.0115350488021295,0.0057265569076592,0.005808491894470301
fr_resnet34_FE || imgnet_vit_FS,0.0184563758389261,0.0050107372942018,0.0134456385447243
fr_resnet34_FE || imgnet_xception_ALL,0.4413869014859659,0.0021474588403722,0.43923944264559367
fr_resnet34_FE || imgnet_xception_EFS,0.1304615384615384,0.0014316392269148,0.1290298992346236
fr_resnet34_FE || imgnet_xception_FE,0.0037678975131876,0.0021474588403722,0.0016204386728154003
fr_resnet34_FE || imgnet_xception_FR,0.0043103448275862,0.0014316392269148,0.0028787056006714
fr_resnet34_FE || imgnet_xception_FS,0.1015801354401805,0.0014316392269148,0.1001484962132657
fr_resnet34_FR || imgnet_deit_ALL,0.3288996372430471,0.0,0.3288996372430471
fr_resnet34_FR || imgnet_deit_EFS,0.03671875,0.0,0.03671875
fr_resnet34_FR || imgnet_deit_FE,0.069090909090909,0.0,0.069090909090909
fr_resnet34_FR || imgnet_deit_FR,0.343502824858757,0.0,0.343502824858757
fr_resnet34_FR || imgnet_deit_FS,0.0556826849733028,0.0,0.0556826849733028
fr_resnet34_FR || imgnet_efficientnetb4_ALL,0.1845174973488865,0.0,0.1845174973488865
fr_resnet34_FR || imgnet_efficientnetb4_EFS,0.0583390528483184,0.0,0.0583390528483184
fr_resnet34_FR || imgnet_efficientnetb4_FE,0.0883392226148409,0.0,0.0883392226148409
fr_resnet34_FR || imgnet_efficientnetb4_FR,0.3844924060751399,0.0,0.3844924060751399
fr_resnet34_FR || imgnet_efficientnetb4_FS,0.0021108179419525,0.0,0.0021108179419525
fr_resnet34_FR || imgnet_resnet34_ALL,0.532051282051282,0.0008613264427217,0.5311899556085603
fr_resnet34_FR || imgnet_resnet34_EFS,0.0285481239804241,0.0,0.0285481239804241
fr_resnet34_FR || imgnet_resnet34_FE,0.0206286836935167,0.0,0.0206286836935167
fr_resnet34_FR || imgnet_resnet34_FR,0.5303030303030303,0.0,0.5303030303030303
fr_resnet34_FR || imgnet_resnet34_FS,0.0601736972704714,0.0,0.0601736972704714
fr_resnet34_FR || imgnet_swin_ALL,0.1300448430493273,0.0,0.1300448430493273
fr_resnet34_FR || imgnet_swin_EFS,0.0826568265682656,0.0,0.0826568265682656
fr_resnet34_FR || imgnet_swin_FE,0.0042826552462526,0.0,0.0042826552462526
fr_resnet34_FR || imgnet_swin_FR,0.1659125188536953,0.0,0.1659125188536953
fr_resnet34_FR || imgnet_swin_FS,0.1447368421052631,0.0,0.1447368421052631
fr_resnet34_FR || imgnet_vit_ALL,0.1179804224626481,0.0,0.1179804224626481
fr_resnet34_FR || imgnet_vit_EFS,0.03125,0.0,0.03125
fr_resnet34_FR || imgnet_vit_FE,0.0226201696512723,0.0,0.0226201696512723
fr_resnet34_FR || imgnet_vit_FR,0.1339840283939662,0.0,0.1339840283939662
fr_resnet34_FR || imgnet_vit_FS,0.0763422818791946,0.0,0.0763422818791946
fr_resnet34_FR || imgnet_xception_ALL,0.5608145294441387,0.0,0.5608145294441387
fr_resnet34_FR || imgnet_xception_EFS,0.2596923076923076,0.0,0.2596923076923076
fr_resnet34_FR || imgnet_xception_FE,0.0075357950263752,0.0,0.0075357950263752
fr_resnet34_FR || imgnet_xception_FR,0.0301724137931034,0.0,0.0301724137931034
fr_resnet34_FR || imgnet_xception_FS,0.2432279909706546,0.0,0.2432279909706546
fr_resnet34_FS || imgnet_deit_ALL,0.2980652962515115,0.0,0.2980652962515115
fr_resnet34_FS || imgnet_deit_EFS,0.02109375,0.0,0.02109375
fr_resnet34_FS || imgnet_deit_FE,0.059090909090909,0.0,0.059090909090909
fr_resnet34_FS || imgnet_deit_FR,0.1672316384180791,0.0,0.1672316384180791
fr_resnet34_FS || imgnet_deit_FS,0.1250953470633104,0.0,0.1250953470633104
fr_resnet34_FS || imgnet_efficientnetb4_ALL,0.1394485683987274,0.001806684733514,0.1376418836652134
fr_resnet34_FS || imgnet_efficientnetb4_EFS,0.0233356211393273,0.000903342366757,0.0224322787725703
fr_resnet34_FS || imgnet_efficientnetb4_FE,0.0734982332155477,0.000903342366757,0.0725948908487907
fr_resnet34_FS || imgnet_efficientnetb4_FR,0.1798561151079136,0.0,0.1798561151079136
fr_resnet34_FS || imgnet_efficientnetb4_FS,0.0147757255936675,0.002710027100271,0.0120656984933965
fr_resnet34_FS || imgnet_resnet34_ALL,0.4865384615384615,0.002710027100271,0.48382843443819046
fr_resnet34_FS || imgnet_resnet34_EFS,0.030179445350734,0.0,0.030179445350734
fr_resnet34_FS || imgnet_resnet34_FE,0.0117878192534381,0.001806684733514,0.0099811345199241
fr_resnet34_FS || imgnet_resnet34_FR,0.1650717703349282,0.0,0.1650717703349282
fr_resnet34_FS || imgnet_resnet34_FS,0.1904466501240694,0.0,0.1904466501240694
fr_resnet34_FS || imgnet_swin_ALL,0.0829596412556053,0.0,0.0829596412556053
fr_resnet34_FS || imgnet_swin_EFS,0.0280442804428044,0.0,0.0280442804428044
fr_resnet34_FS || imgnet_swin_FE,0.0021413276231263,0.0,0.0021413276231263
fr_resnet34_FS || imgnet_swin_FR,0.0641025641025641,0.0,0.0641025641025641
fr_resnet34_FS || imgnet_swin_FS,0.3333333333333333,0.000903342366757,0.3324299909665763
fr_resnet34_FS || imgnet_vit_ALL,0.0556414219474497,0.000903342366757,0.0547380795806927
fr_resnet34_FS || imgnet_vit_EFS,0.0194444444444444,0.000903342366757,0.0185411020776874
fr_resnet34_FS || imgnet_vit_FE,0.0226201696512723,0.001806684733514,0.0208134849177583
fr_resnet34_FS || imgnet_vit_FR,0.0337178349600709,0.0,0.0337178349600709
fr_resnet34_FS || imgnet_vit_FS,0.2298657718120805,0.0,0.2298657718120805
fr_resnet34_FS || imgnet_xception_ALL,0.527242707760044,0.000903342366757,0.526339365393287
fr_resnet34_FS || imgnet_xception_EFS,0.2818461538461538,0.0,0.2818461538461538
fr_resnet34_FS || imgnet_xception_FE,0.0173323285606631,0.0,0.0173323285606631
fr_resnet34_FS || imgnet_xception_FR,0.0129310344827586,0.0,0.0129310344827586
fr_resnet34_FS || imgnet_xception_FS,0.4204288939051919,0.0,0.4204288939051919
fr_swin_ALL || imgnet_deit_ALL,0.0012091898428053,0.0103626943005181,-0.0091535044577128
fr_swin_ALL || imgnet_deit_EFS,0.0,0.001480384900074,-0.001480384900074
fr_swin_ALL || imgnet_deit_FE,0.0027272727272727,0.004441154700222,-0.0017138819729493001
fr_swin_ALL || imgnet_deit_FR,0.0,0.00740192450037,-0.00740192450037
fr_swin_ALL || imgnet_deit_FS,0.0,0.004441154700222,-0.004441154700222
fr_swin_ALL || imgnet_efficientnetb4_ALL,0.0190880169671261,0.004441154700222,0.0146468622669041
fr_swin_ALL || imgnet_efficientnetb4_EFS,0.001372683596431,0.002220577350111,-0.0008478937536800001
fr_swin_ALL || imgnet_efficientnetb4_FE,0.0014134275618374,0.0,0.0014134275618374
fr_swin_ALL || imgnet_efficientnetb4_FR,0.0007993605115907,0.002220577350111,-0.0014212168385203002
fr_swin_ALL || imgnet_efficientnetb4_FS,0.0,0.002220577350111,-0.002220577350111
fr_swin_ALL || imgnet_resnet34_ALL,0.0493589743589743,0.004441154700222,0.0449178196587523
fr_swin_ALL || imgnet_resnet34_EFS,0.0,0.000740192450037,-0.000740192450037
fr_swin_ALL || imgnet_resnet34_FE,0.0,0.000740192450037,-0.000740192450037
fr_swin_ALL || imgnet_resnet34_FR,0.0015948963317384,0.001480384900074,0.00011451143166439984
fr_swin_ALL || imgnet_resnet34_FS,0.0037220843672456,0.001480384900074,0.0022416994671716
fr_swin_ALL || imgnet_swin_ALL,0.0,0.0088823094004441,-0.0088823094004441
fr_swin_ALL || imgnet_swin_EFS,0.0,0.001480384900074,-0.001480384900074
fr_swin_ALL || imgnet_swin_FE,0.0,0.004441154700222,-0.004441154700222
fr_swin_ALL || imgnet_swin_FR,0.0,0.0096225018504811,-0.0096225018504811
fr_swin_ALL || imgnet_swin_FS,0.0075187969924812,0.006661732050333,0.0008570649421482
fr_swin_ALL || imgnet_vit_ALL,0.0,0.006661732050333,-0.006661732050333
fr_swin_ALL || imgnet_vit_EFS,0.0,0.005181347150259,-0.005181347150259
fr_swin_ALL || imgnet_vit_FE,0.0,0.005921539600296,-0.005921539600296
fr_swin_ALL || imgnet_vit_FR,0.0,0.002220577350111,-0.002220577350111
fr_swin_ALL || imgnet_vit_FS,0.0008389261744966,0.002220577350111,-0.0013816511756144
fr_swin_ALL || imgnet_xception_ALL,0.0236653824986241,0.0,0.0236653824986241
fr_swin_ALL || imgnet_xception_EFS,0.003076923076923,0.0,0.003076923076923
fr_swin_ALL || imgnet_xception_FE,0.0022607385079125,0.0,0.0022607385079125
fr_swin_ALL || imgnet_xception_FR,0.0080049261083743,0.0,0.0080049261083743
fr_swin_ALL || imgnet_xception_FS,0.0124153498871331,0.000740192450037,0.011675157437096101
fr_swin_EFS || imgnet_deit_ALL,0.0024183796856106,0.0111016225448334,-0.008683242859222801
fr_swin_EFS || imgnet_deit_EFS,0.0,0.0085397096498719,-0.0085397096498719
fr_swin_EFS || imgnet_deit_FE,0.0036363636363636,0.0059777967549103,-0.0023414331185466998
fr_swin_EFS || imgnet_deit_FR,0.0,0.0025619128949615,-0.0025619128949615
fr_swin_EFS || imgnet_deit_FS,0.0,0.0059777967549103,-0.0059777967549103
fr_swin_EFS || imgnet_efficientnetb4_ALL,0.0233297985153764,0.0017079419299743,0.0216218565854021
fr_swin_EFS || imgnet_efficientnetb4_EFS,0.001372683596431,0.0025619128949615,-0.0011892292985304998
fr_swin_EFS || imgnet_efficientnetb4_FE,0.0021201413427561,0.0008539709649871,0.0012661703777689997
fr_swin_EFS || imgnet_efficientnetb4_FR,0.0031974420463629,0.0025619128949615,0.0006355291514014002
fr_swin_EFS || imgnet_efficientnetb4_FS,0.0015831134564643,0.0008539709649871,0.0007291424914772001
fr_swin_EFS || imgnet_resnet34_ALL,0.0634615384615384,0.0042698548249359,0.0591916836366025
fr_swin_EFS || imgnet_resnet34_EFS,0.0,0.0017079419299743,-0.0017079419299743
fr_swin_EFS || imgnet_resnet34_FE,0.0,0.0017079419299743,-0.0017079419299743
fr_swin_EFS || imgnet_resnet34_FR,0.0031897926634768,0.0008539709649871,0.0023358216984896998
fr_swin_EFS || imgnet_resnet34_FS,0.0006203473945409,0.0025619128949615,-0.0019415655004205998
fr_swin_EFS || imgnet_swin_ALL,0.0005605381165919,0.0085397096498719,-0.00797917153328
fr_swin_EFS || imgnet_swin_EFS,0.0,0.0,0.0
fr_swin_EFS || imgnet_swin_FE,0.0010706638115631,0.0042698548249359,-0.0031991910133728
fr_swin_EFS || imgnet_swin_FR,0.0,0.0102476515798462,-0.0102476515798462
fr_swin_EFS || imgnet_swin_FS,0.0018796992481203,0.0042698548249359,-0.0023901555768156
fr_swin_EFS || imgnet_vit_ALL,0.0,0.0034158838599487,-0.0034158838599487
fr_swin_EFS || imgnet_vit_EFS,0.0,0.0102476515798462,-0.0102476515798462
fr_swin_EFS || imgnet_vit_FE,0.0,0.009393680614859,-0.009393680614859
fr_swin_EFS || imgnet_vit_FR,0.0,0.0051238257899231,-0.0051238257899231
fr_swin_EFS || imgnet_vit_FS,0.0,0.0017079419299743,-0.0017079419299743
fr_swin_EFS || imgnet_xception_ALL,0.0148596587782058,0.0008539709649871,0.0140056878132187
fr_swin_EFS || imgnet_xception_EFS,0.0061538461538461,0.0008539709649871,0.005299875188859
fr_swin_EFS || imgnet_xception_FE,0.0007535795026375,0.0017079419299743,-0.0009543624273368
fr_swin_EFS || imgnet_xception_FR,0.0086206896551724,0.0008539709649871,0.0077667186901853
fr_swin_EFS || imgnet_xception_FS,0.0163656884875846,0.0017079419299743,0.014657746557610301
fr_swin_FE || imgnet_deit_ALL,0.0,0.2512926577042399,-0.2512926577042399
fr_swin_FE || imgnet_deit_EFS,0.0,0.218200620475698,-0.218200620475698
fr_swin_FE || imgnet_deit_FE,0.0,0.2140641158221303,-0.2140641158221303
fr_swin_FE || imgnet_deit_FR,0.0,0.1447776628748707,-0.1447776628748707
fr_swin_FE || imgnet_deit_FS,0.0,0.2140641158221303,-0.2140641158221303
fr_swin_FE || imgnet_efficientnetb4_ALL,0.0217391304347826,0.2068252326783867,-0.1850861022436041
fr_swin_FE || imgnet_efficientnetb4_EFS,0.0,0.1189245087900724,-0.1189245087900724
fr_swin_FE || imgnet_efficientnetb4_FE,0.0007067137809187,0.1375387797311272,-0.1368320659502085
fr_swin_FE || imgnet_efficientnetb4_FR,0.0047961630695443,0.1199586349534643,-0.11516247188392001
fr_swin_FE || imgnet_efficientnetb4_FS,0.0005277044854881,0.1913133402275077,-0.1907856357420196
fr_swin_FE || imgnet_resnet34_ALL,0.0429487179487179,0.1902792140641158,-0.1473304961153979
fr_swin_FE || imgnet_resnet34_EFS,0.0,0.1189245087900724,-0.1189245087900724
fr_swin_FE || imgnet_resnet34_FE,0.0,0.108583247156153,-0.108583247156153
fr_swin_FE || imgnet_resnet34_FR,0.0023923444976076,0.1509824198552223,-0.14859007535761468
fr_swin_FE || imgnet_resnet34_FS,0.0024813895781637,0.1437435367114788,-0.14126214713331509
fr_swin_FE || imgnet_swin_ALL,0.0,0.1985522233712512,-0.1985522233712512
fr_swin_FE || imgnet_swin_EFS,0.0,0.1695966907962771,-0.1695966907962771
fr_swin_FE || imgnet_swin_FE,0.0010706638115631,0.0992761116856256,-0.0982054478740625
fr_swin_FE || imgnet_swin_FR,0.0,0.2874870734229576,-0.2874870734229576
fr_swin_FE || imgnet_swin_FS,0.0,0.2119958634953464,-0.2119958634953464
fr_swin_FE || imgnet_vit_ALL,0.0,0.2781799379524302,-0.2781799379524302
fr_swin_FE || imgnet_vit_EFS,0.0,0.2368148914167528,-0.2368148914167528
fr_swin_FE || imgnet_vit_FE,0.0,0.2450879007238883,-0.2450879007238883
fr_swin_FE || imgnet_vit_FR,0.0,0.1644260599793174,-0.1644260599793174
fr_swin_FE || imgnet_vit_FS,0.0,0.2099276111685625,-0.2099276111685625
fr_swin_FE || imgnet_xception_ALL,0.0126582278481012,0.0868665977249224,-0.07420836987682121
fr_swin_FE || imgnet_xception_EFS,0.0055384615384615,0.1003102378490175,-0.094771776310556
fr_swin_FE || imgnet_xception_FE,0.0007535795026375,0.0879007238883143,-0.08714714438567679
fr_swin_FE || imgnet_xception_FR,0.0061576354679802,0.0837642192347466,-0.0776065837667664
fr_swin_FE || imgnet_xception_FS,0.0146726862302483,0.0992761116856256,-0.0846034254553773
fr_swin_FR || imgnet_deit_ALL,0.0,0.0304878048780487,-0.0304878048780487
fr_swin_FR || imgnet_deit_EFS,0.0,0.0091463414634146,-0.0091463414634146
fr_swin_FR || imgnet_deit_FE,0.0018181818181818,0.0091463414634146,-0.0073281596452328
fr_swin_FR || imgnet_deit_FR,0.0,0.0193089430894308,-0.0193089430894308
fr_swin_FR || imgnet_deit_FS,0.0,0.0142276422764227,-0.0142276422764227
fr_swin_FR || imgnet_efficientnetb4_ALL,0.0376458112407211,0.0223577235772357,0.015288087663485397
fr_swin_FR || imgnet_efficientnetb4_EFS,0.0020590253946465,0.0060975609756097,-0.0040385355809632005
fr_swin_FR || imgnet_efficientnetb4_FE,0.0014134275618374,0.008130081300813,-0.006716653738975601
fr_swin_FR || imgnet_efficientnetb4_FR,0.0031974420463629,0.0121951219512195,-0.0089976799048566
fr_swin_FR || imgnet_efficientnetb4_FS,0.0,0.0111788617886178,-0.0111788617886178
fr_swin_FR || imgnet_resnet34_ALL,0.05,0.0132113821138211,0.036788617886178904
fr_swin_FR || imgnet_resnet34_EFS,0.0,0.0050813008130081,-0.0050813008130081
fr_swin_FR || imgnet_resnet34_FE,0.0,0.0060975609756097,-0.0060975609756097
fr_swin_FR || imgnet_resnet34_FR,0.0031897926634768,0.0193089430894308,-0.016119150425954
fr_swin_FR || imgnet_resnet34_FS,0.0012406947890818,0.0091463414634146,-0.0079056466743328
fr_swin_FR || imgnet_swin_ALL,0.0005605381165919,0.0182926829268292,-0.017732144810237303
fr_swin_FR || imgnet_swin_EFS,0.0,0.016260162601626,-0.016260162601626
fr_swin_FR || imgnet_swin_FE,0.0,0.0060975609756097,-0.0060975609756097
fr_swin_FR || imgnet_swin_FR,0.0,0.0711382113821138,-0.0711382113821138
fr_swin_FR || imgnet_swin_FS,0.0,0.0142276422764227,-0.0142276422764227
fr_swin_FR || imgnet_vit_ALL,0.0,0.0203252032520325,-0.0203252032520325
fr_swin_FR || imgnet_vit_EFS,0.0,0.0172764227642276,-0.0172764227642276
fr_swin_FR || imgnet_vit_FE,0.0,0.0121951219512195,-0.0121951219512195
fr_swin_FR || imgnet_vit_FR,0.0,0.0254065040650406,-0.0254065040650406
fr_swin_FR || imgnet_vit_FS,0.0,0.0172764227642276,-0.0172764227642276
fr_swin_FR || imgnet_xception_ALL,0.0165107319757842,0.008130081300813,0.0083806506749712
fr_swin_FR || imgnet_xception_EFS,0.0049230769230769,0.0020325203252032,0.0028905565978736996
fr_swin_FR || imgnet_xception_FE,0.0007535795026375,0.0020325203252032,-0.0012789408225657001
fr_swin_FR || imgnet_xception_FR,0.0135467980295566,0.0060975609756097,0.007449237053946901
fr_swin_FR || imgnet_xception_FS,0.0118510158013544,0.0101626016260162,0.0016884141753382015
fr_swin_FS || imgnet_deit_ALL,0.0006045949214026,0.0323159784560143,-0.0317113835346117
fr_swin_FS || imgnet_deit_EFS,0.0,0.0125673249551166,-0.0125673249551166
fr_swin_FS || imgnet_deit_FE,0.0018181818181818,0.0125673249551166,-0.0107491431369348
fr_swin_FS || imgnet_deit_FR,0.0,0.0197486535008976,-0.0197486535008976
fr_swin_FS || imgnet_deit_FS,0.0015255530129672,0.044883303411131,-0.043357750398163794
fr_swin_FS || imgnet_efficientnetb4_ALL,0.0233297985153764,0.0089766606822262,0.0143531378331502
fr_swin_FS || imgnet_efficientnetb4_EFS,0.0006863417982155,0.0053859964093357,-0.004699654611120201
fr_swin_FS || imgnet_efficientnetb4_FE,0.0007067137809187,0.0197486535008976,-0.0190419397199789
fr_swin_FS || imgnet_efficientnetb4_FR,0.0047961630695443,0.0071813285457809,-0.0023851654762366004
fr_swin_FS || imgnet_efficientnetb4_FS,0.0005277044854881,0.0071813285457809,-0.006653624060292801
fr_swin_FS || imgnet_resnet34_ALL,0.0339743589743589,0.0143626570915619,0.019611701882797004
fr_swin_FS || imgnet_resnet34_EFS,0.0,0.0053859964093357,-0.0053859964093357
fr_swin_FS || imgnet_resnet34_FE,0.0,0.0017953321364452,-0.0017953321364452
fr_swin_FS || imgnet_resnet34_FR,0.0023923444976076,0.0089766606822262,-0.0065843161846186
fr_swin_FS || imgnet_resnet34_FS,0.0006203473945409,0.0071813285457809,-0.00656098115124
fr_swin_FS || imgnet_swin_ALL,0.0005605381165919,0.0430879712746858,-0.042527433158093896
fr_swin_FS || imgnet_swin_EFS,0.0,0.0179533213644524,-0.0179533213644524
fr_swin_FS || imgnet_swin_FE,0.0,0.0233393177737881,-0.0233393177737881
fr_swin_FS || imgnet_swin_FR,0.0,0.0359066427289048,-0.0359066427289048
fr_swin_FS || imgnet_swin_FS,0.0031328320802005,0.0341113105924596,-0.0309784785122591
fr_swin_FS || imgnet_vit_ALL,0.0,0.03770197486535,-0.03770197486535
fr_swin_FS || imgnet_vit_EFS,0.0,0.0215439856373429,-0.0215439856373429
fr_swin_FS || imgnet_vit_FE,0.0,0.0179533213644524,-0.0179533213644524
fr_swin_FS || imgnet_vit_FR,0.0,0.0089766606822262,-0.0089766606822262
fr_swin_FS || imgnet_vit_FS,0.0,0.0359066427289048,-0.0359066427289048
fr_swin_FS || imgnet_xception_ALL,0.0077050082553659,0.0053859964093357,0.002319011846030199
fr_swin_FS || imgnet_xception_EFS,0.0049230769230769,0.0071813285457809,-0.0022582516227040005
fr_swin_FS || imgnet_xception_FE,0.001507159005275,0.0017953321364452,-0.0002881731311702
fr_swin_FS || imgnet_xception_FR,0.0123152709359605,0.0017953321364452,0.0105199387995153
fr_swin_FS || imgnet_xception_FS,0.0197516930022573,0.0053859964093357,0.014365696592921598
fr_vit_ALL || imgnet_deit_ALL,0.0006045949214026,0.0126916975145425,-0.0120871025931399
fr_vit_ALL || imgnet_deit_EFS,0.00078125,0.0047593865679534,-0.0039781365679534
fr_vit_ALL || imgnet_deit_FE,0.0054545454545454,0.0047593865679534,0.0006951588865920007
fr_vit_ALL || imgnet_deit_FR,0.0,0.0063458487572712,-0.0063458487572712
fr_vit_ALL || imgnet_deit_FS,0.0,0.0111052353252247,-0.0111052353252247
fr_vit_ALL || imgnet_efficientnetb4_ALL,0.04135737009544,0.0089899524061343,0.0323674176893057
fr_vit_ALL || imgnet_efficientnetb4_EFS,0.0020590253946465,0.0042305658381808,-0.0021715404435343004
fr_vit_ALL || imgnet_efficientnetb4_FE,0.0035335689045936,0.002644103648863,0.0008894652557306002
fr_vit_ALL || imgnet_efficientnetb4_FR,0.0047961630695443,0.0063458487572712,-0.0015496856877269
fr_vit_ALL || imgnet_efficientnetb4_FS,0.0010554089709762,0.0063458487572712,-0.0052904397862950005
fr_vit_ALL || imgnet_resnet34_ALL,0.1474358974358974,0.0063458487572712,0.1410900486786262
fr_vit_ALL || imgnet_resnet34_EFS,0.0,0.0037017451084082,-0.0037017451084082
fr_vit_ALL || imgnet_resnet34_FE,0.0,0.0005288207297726,-0.0005288207297726
fr_vit_ALL || imgnet_resnet34_FR,0.0031897926634768,0.0047593865679534,-0.0015695939044765997
fr_vit_ALL || imgnet_resnet34_FS,0.0018610421836228,0.0031729243786356,-0.0013118821950128
fr_vit_ALL || imgnet_swin_ALL,0.0028026905829596,0.0063458487572712,-0.0035431581743116
fr_vit_ALL || imgnet_swin_EFS,0.0,0.0021152829190904,-0.0021152829190904
fr_vit_ALL || imgnet_swin_FE,0.0,0.0015864621893178,-0.0015864621893178
fr_vit_ALL || imgnet_swin_FR,0.0,0.0047593865679534,-0.0047593865679534
fr_vit_ALL || imgnet_swin_FS,0.0081453634085213,0.0031729243786356,0.004972439029885699
fr_vit_ALL || imgnet_vit_ALL,0.0,0.0137493389740877,-0.0137493389740877
fr_vit_ALL || imgnet_vit_EFS,0.0,0.0074034902168164,-0.0074034902168164
fr_vit_ALL || imgnet_vit_FE,0.0,0.0079323109465891,-0.0079323109465891
fr_vit_ALL || imgnet_vit_FR,0.0,0.0068746694870438,-0.0068746694870438
fr_vit_ALL || imgnet_vit_FS,0.0008389261744966,0.0031729243786356,-0.002333998204139
fr_vit_ALL || imgnet_xception_ALL,0.0517336268574573,0.0042305658381808,0.047503061019276496
fr_vit_ALL || imgnet_xception_EFS,0.0006153846153846,0.0021152829190904,-0.0014998983037058
fr_vit_ALL || imgnet_xception_FE,0.0007535795026375,0.0010576414595452,-0.0003040619569077001
fr_vit_ALL || imgnet_xception_FR,0.001231527093596,0.0031729243786356,-0.0019413972850396
fr_vit_ALL || imgnet_xception_FS,0.0095936794582392,0.0021152829190904,0.0074783965391488
fr_vit_EFS || imgnet_deit_ALL,0.0,0.0641148325358851,-0.0641148325358851
fr_vit_EFS || imgnet_deit_EFS,0.0,0.0688995215311004,-0.0688995215311004
fr_vit_EFS || imgnet_deit_FE,0.0045454545454545,0.0440191387559808,-0.0394736842105263
fr_vit_EFS || imgnet_deit_FR,0.0,0.0306220095693779,-0.0306220095693779
fr_vit_EFS || imgnet_deit_FS,0.0,0.0459330143540669,-0.0459330143540669
fr_vit_EFS || imgnet_efficientnetb4_ALL,0.0090137857900318,0.0401913875598086,-0.031177601769776797
fr_vit_EFS || imgnet_efficientnetb4_EFS,0.0006863417982155,0.0526315789473684,-0.0519452371491529
fr_vit_EFS || imgnet_efficientnetb4_FE,0.0014134275618374,0.0373205741626794,-0.035907146600842
fr_vit_EFS || imgnet_efficientnetb4_FR,0.0007993605115907,0.0296650717703349,-0.028865711258744202
fr_vit_EFS || imgnet_efficientnetb4_FS,0.0,0.0296650717703349,-0.0296650717703349
fr_vit_EFS || imgnet_resnet34_ALL,0.05,0.0727272727272727,-0.022727272727272693
fr_vit_EFS || imgnet_resnet34_EFS,0.0,0.0507177033492822,-0.0507177033492822
fr_vit_EFS || imgnet_resnet34_FE,0.0,0.0277511961722488,-0.0277511961722488
fr_vit_EFS || imgnet_resnet34_FR,0.0,0.0411483253588516,-0.0411483253588516
fr_vit_EFS || imgnet_resnet34_FS,0.0,0.0401913875598086,-0.0401913875598086
fr_vit_EFS || imgnet_swin_ALL,0.0,0.0698564593301435,-0.0698564593301435
fr_vit_EFS || imgnet_swin_EFS,0.0,0.0344497607655502,-0.0344497607655502
fr_vit_EFS || imgnet_swin_FE,0.0,0.0248803827751196,-0.0248803827751196
fr_vit_EFS || imgnet_swin_FR,0.0,0.0516746411483253,-0.0516746411483253
fr_vit_EFS || imgnet_swin_FS,0.0018796992481203,0.0306220095693779,-0.0287423103212576
fr_vit_EFS || imgnet_vit_ALL,0.0,0.0736842105263157,-0.0736842105263157
fr_vit_EFS || imgnet_vit_EFS,0.0,0.0976076555023923,-0.0976076555023923
fr_vit_EFS || imgnet_vit_FE,0.0,0.0516746411483253,-0.0516746411483253
fr_vit_EFS || imgnet_vit_FR,0.0,0.0267942583732057,-0.0267942583732057
fr_vit_EFS || imgnet_vit_FS,0.0,0.0258373205741626,-0.0258373205741626
fr_vit_EFS || imgnet_xception_ALL,0.0220143093010456,0.0248803827751196,-0.002866073474073999
fr_vit_EFS || imgnet_xception_EFS,0.0055384615384615,0.0220095693779904,-0.0164711078395289
fr_vit_EFS || imgnet_xception_FE,0.0007535795026375,0.0191387559808612,-0.018385176478223703
fr_vit_EFS || imgnet_xception_FR,0.0092364532019704,0.0153110047846889,-0.006074551582718499
fr_vit_EFS || imgnet_xception_FS,0.0191873589164785,0.0220095693779904,-0.0028222104615119002
fr_vit_FE || imgnet_deit_ALL,0.0006045949214026,0.0501543209876543,-0.0495497260662517
fr_vit_FE || imgnet_deit_EFS,0.0,0.044753086419753,-0.044753086419753
fr_vit_FE || imgnet_deit_FE,0.0109090909090909,0.0439814814814814,-0.0330723905723905
fr_vit_FE || imgnet_deit_FR,0.0,0.037037037037037,-0.037037037037037
fr_vit_FE || imgnet_deit_FS,0.0,0.0609567901234567,-0.0609567901234567
fr_vit_FE || imgnet_efficientnetb4_ALL,0.024390243902439,0.0532407407407407,-0.0288504968383017
fr_vit_FE || imgnet_efficientnetb4_EFS,0.0020590253946465,0.0239197530864197,-0.0218607276917732
fr_vit_FE || imgnet_efficientnetb4_FE,0.0035335689045936,0.0239197530864197,-0.0203861841818261
fr_vit_FE || imgnet_efficientnetb4_FR,0.0079936051159072,0.0262345679012345,-0.018240962785327303
fr_vit_FE || imgnet_efficientnetb4_FS,0.0005277044854881,0.0324074074074074,-0.0318797029219193
fr_vit_FE || imgnet_resnet34_ALL,0.0865384615384615,0.0578703703703703,0.028668091168091193
fr_vit_FE || imgnet_resnet34_EFS,0.0008156606851549,0.0293209876543209,-0.028505326969166
fr_vit_FE || imgnet_resnet34_FE,0.0,0.0138888888888888,-0.0138888888888888
fr_vit_FE || imgnet_resnet34_FR,0.0023923444976076,0.0308641975308641,-0.0284718530332565
fr_vit_FE || imgnet_resnet34_FS,0.0024813895781637,0.0254629629629629,-0.022981573384799198
fr_vit_FE || imgnet_swin_ALL,0.0016816143497757,0.0679012345679012,-0.0662196202181255
fr_vit_FE || imgnet_swin_EFS,0.0,0.0300925925925925,-0.0300925925925925
fr_vit_FE || imgnet_swin_FE,0.0,0.0138888888888888,-0.0138888888888888
fr_vit_FE || imgnet_swin_FR,0.0,0.0779320987654321,-0.0779320987654321
fr_vit_FE || imgnet_swin_FS,0.0037593984962406,0.040895061728395,-0.0371356632321544
fr_vit_FE || imgnet_vit_ALL,0.0,0.0771604938271604,-0.0771604938271604
fr_vit_FE || imgnet_vit_EFS,0.0,0.0578703703703703,-0.0578703703703703
fr_vit_FE || imgnet_vit_FE,0.0,0.0725308641975308,-0.0725308641975308
fr_vit_FE || imgnet_vit_FR,0.0,0.0470679012345679,-0.0470679012345679
fr_vit_FE || imgnet_vit_FS,0.0,0.0524691358024691,-0.0524691358024691
fr_vit_FE || imgnet_xception_ALL,0.0341221794166208,0.0185185185185185,0.015603660898102303
fr_vit_FE || imgnet_xception_EFS,0.0036923076923076,0.0177469135802469,-0.0140546058879393
fr_vit_FE || imgnet_xception_FE,0.0007535795026375,0.0216049382716049,-0.0208513587689674
fr_vit_FE || imgnet_xception_FR,0.0036945812807881,0.0123456790123456,-0.0086510977315575
fr_vit_FE || imgnet_xception_FS,0.0129796839729119,0.015432098765432,-0.0024524147925201016
fr_vit_FR || imgnet_deit_ALL,0.0,0.2234185733512786,-0.2234185733512786
fr_vit_FR || imgnet_deit_EFS,0.0,0.1197846567967698,-0.1197846567967698
fr_vit_FR || imgnet_deit_FE,0.0027272727272727,0.0726783310901749,-0.06995105836290219
fr_vit_FR || imgnet_deit_FR,0.0,0.1211305518169582,-0.1211305518169582
fr_vit_FR || imgnet_deit_FS,0.0,0.1467025572005383,-0.1467025572005383
fr_vit_FR || imgnet_efficientnetb4_ALL,0.0121951219512195,0.0861372812920592,-0.07394215934083971
fr_vit_FR || imgnet_efficientnetb4_EFS,0.002745367192862,0.0403768506056527,-0.0376314834127907
fr_vit_FR || imgnet_efficientnetb4_FE,0.0042402826855123,0.0699865410497981,-0.0657462583642858
fr_vit_FR || imgnet_efficientnetb4_FR,0.0007993605115907,0.0457604306864064,-0.0449610701748157
fr_vit_FR || imgnet_efficientnetb4_FS,0.0005277044854881,0.0820995962314939,-0.0815718917460058
fr_vit_FR || imgnet_resnet34_ALL,0.0583333333333333,0.0942126514131897,-0.0358793180798564
fr_vit_FR || imgnet_resnet34_EFS,0.0,0.063257065948856,-0.063257065948856
fr_vit_FR || imgnet_resnet34_FE,0.0,0.0282637954239569,-0.0282637954239569
fr_vit_FR || imgnet_resnet34_FR,0.0,0.0847913862718708,-0.0847913862718708
fr_vit_FR || imgnet_resnet34_FS,0.0006203473945409,0.0497981157469717,-0.049177768352430797
fr_vit_FR || imgnet_swin_ALL,0.0005605381165919,0.1117092866756393,-0.1111487485590474
fr_vit_FR || imgnet_swin_EFS,0.0,0.0524899057873485,-0.0524899057873485
fr_vit_FR || imgnet_swin_FE,0.0,0.0659488559892328,-0.0659488559892328
fr_vit_FR || imgnet_swin_FR,0.0,0.0807537012113055,-0.0807537012113055
fr_vit_FR || imgnet_swin_FS,0.0012531328320802,0.0551816958277254,-0.0539285629956452
fr_vit_FR || imgnet_vit_ALL,0.0005151983513652,0.1547779273216689,-0.1542627289703037
fr_vit_FR || imgnet_vit_EFS,0.0,0.1507402422611036,-0.1507402422611036
fr_vit_FR || imgnet_vit_FE,0.0,0.1413189771197846,-0.1413189771197846
fr_vit_FR || imgnet_vit_FR,0.0,0.0955585464333782,-0.0955585464333782
fr_vit_FR || imgnet_vit_FS,0.0016778523489932,0.1238223418573351,-0.12214448950834189
fr_vit_FR || imgnet_xception_ALL,0.0170610897083104,0.0457604306864064,-0.028699340978096
fr_vit_FR || imgnet_xception_EFS,0.0043076923076923,0.0323014804845222,-0.0279937881768299
fr_vit_FR || imgnet_xception_FE,0.0007535795026375,0.0228802153432032,-0.022126635840565703
fr_vit_FR || imgnet_xception_FR,0.0135467980295566,0.0282637954239569,-0.014716997394400298
fr_vit_FR || imgnet_xception_FS,0.0163656884875846,0.0242261103633916,-0.007860421875807
fr_vit_FS || imgnet_deit_ALL,0.0006045949214026,0.0469208211143695,-0.0463162261929669
fr_vit_FS || imgnet_deit_EFS,0.0,0.032258064516129,-0.032258064516129
fr_vit_FS || imgnet_deit_FE,0.0045454545454545,0.0316715542521994,-0.0271260997067449
fr_vit_FS || imgnet_deit_FR,0.0,0.0140762463343108,-0.0140762463343108
fr_vit_FS || imgnet_deit_FS,0.0015255530129672,0.0422287390029325,-0.0407031859899653
fr_vit_FS || imgnet_efficientnetb4_ALL,0.0365853658536585,0.0287390029325513,0.0078463629211072
fr_vit_FS || imgnet_efficientnetb4_EFS,0.0034317089910775,0.0193548387096774,-0.0159231297185999
fr_vit_FS || imgnet_efficientnetb4_FE,0.0028268551236749,0.0111436950146627,-0.0083168398909878
fr_vit_FS || imgnet_efficientnetb4_FR,0.0119904076738609,0.0064516129032258,0.005538794770635099
fr_vit_FS || imgnet_efficientnetb4_FS,0.0010554089709762,0.0281524926686217,-0.0270970836976455
fr_vit_FS || imgnet_resnet34_ALL,0.1467948717948718,0.0193548387096774,0.12744003308519442
fr_vit_FS || imgnet_resnet34_EFS,0.0008156606851549,0.0099706744868035,-0.009155013801648602
fr_vit_FS || imgnet_resnet34_FE,0.0,0.0111436950146627,-0.0111436950146627
fr_vit_FS || imgnet_resnet34_FR,0.0055821371610845,0.0087976539589442,-0.003215516797859701
fr_vit_FS || imgnet_resnet34_FS,0.0024813895781637,0.0146627565982404,-0.012181367020076701
fr_vit_FS || imgnet_swin_ALL,0.0033632286995515,0.0293255131964809,-0.0259622844969294
fr_vit_FS || imgnet_swin_EFS,0.0,0.0175953079178885,-0.0175953079178885
fr_vit_FS || imgnet_swin_FE,0.0,0.0058651026392961,-0.0058651026392961
fr_vit_FS || imgnet_swin_FR,0.0007541478129713,0.0064516129032258,-0.005697465090254501
fr_vit_FS || imgnet_swin_FS,0.012531328320802,0.0175953079178885,-0.005063979597086498
fr_vit_FS || imgnet_vit_ALL,0.0005151983513652,0.0574780058651026,-0.0569628075137374
fr_vit_FS || imgnet_vit_EFS,0.0,0.0281524926686217,-0.0281524926686217
fr_vit_FS || imgnet_vit_FE,0.0,0.0205278592375366,-0.0205278592375366
fr_vit_FS || imgnet_vit_FR,0.0,0.0234604105571847,-0.0234604105571847
fr_vit_FS || imgnet_vit_FS,0.0008389261744966,0.0334310850439882,-0.0325921588694916
fr_vit_FS || imgnet_xception_ALL,0.0588882773802971,0.0134897360703812,0.0453985413099159
fr_vit_FS || imgnet_xception_EFS,0.0012307692307692,0.0064516129032258,-0.0052208436724566
fr_vit_FS || imgnet_xception_FE,0.0007535795026375,0.0046920821114369,-0.0039385026087994
fr_vit_FS || imgnet_xception_FR,0.0036945812807881,0.007624633431085,-0.0039300521502969
fr_vit_FS || imgnet_xception_FS,0.0135440180586907,0.0087976539589442,0.004746364099746499
fr_xception_ALL || imgnet_deit_ALL,0.0399032648125755,0.0,0.0399032648125755
fr_xception_ALL || imgnet_deit_EFS,0.00390625,0.0,0.00390625
fr_xception_ALL || imgnet_deit_FE,0.0027272727272727,0.0,0.0027272727272727
fr_xception_ALL || imgnet_deit_FR,0.0056497175141242,0.0,0.0056497175141242
fr_xception_ALL || imgnet_deit_FS,0.0015255530129672,0.0,0.0015255530129672
fr_xception_ALL || imgnet_efficientnetb4_ALL,0.0466595970307529,0.0,0.0466595970307529
fr_xception_ALL || imgnet_efficientnetb4_EFS,0.0020590253946465,0.0,0.0020590253946465
fr_xception_ALL || imgnet_efficientnetb4_FE,0.0091872791519434,0.0,0.0091872791519434
fr_xception_ALL || imgnet_efficientnetb4_FR,0.0031974420463629,0.0,0.0031974420463629
fr_xception_ALL || imgnet_efficientnetb4_FS,0.0005277044854881,0.0,0.0005277044854881
fr_xception_ALL || imgnet_resnet34_ALL,0.1897435897435897,0.0,0.1897435897435897
fr_xception_ALL || imgnet_resnet34_EFS,0.0040783034257748,0.0,0.0040783034257748
fr_xception_ALL || imgnet_resnet34_FE,0.0,0.0,0.0
fr_xception_ALL || imgnet_resnet34_FR,0.0031897926634768,0.0,0.0031897926634768
fr_xception_ALL || imgnet_resnet34_FS,0.0024813895781637,0.0,0.0024813895781637
fr_xception_ALL || imgnet_swin_ALL,0.0,0.0,0.0
fr_xception_ALL || imgnet_swin_EFS,0.0,0.0,0.0
fr_xception_ALL || imgnet_swin_FE,0.0,0.0,0.0
fr_xception_ALL || imgnet_swin_FR,0.0007541478129713,0.0,0.0007541478129713
fr_xception_ALL || imgnet_swin_FS,0.0012531328320802,0.0,0.0012531328320802
fr_xception_ALL || imgnet_vit_ALL,0.0005151983513652,0.0,0.0005151983513652
fr_xception_ALL || imgnet_vit_EFS,0.0020833333333333,0.0,0.0020833333333333
fr_xception_ALL || imgnet_vit_FE,0.000942507068803,0.0,0.000942507068803
fr_xception_ALL || imgnet_vit_FR,0.0,0.0,0.0
fr_xception_ALL || imgnet_vit_FS,0.0025167785234899,0.0,0.0025167785234899
fr_xception_ALL || imgnet_xception_ALL,0.3692900385250413,0.0,0.3692900385250413
fr_xception_ALL || imgnet_xception_EFS,0.0024615384615384,0.0,0.0024615384615384
fr_xception_ALL || imgnet_xception_FE,0.001507159005275,0.0,0.001507159005275
fr_xception_ALL || imgnet_xception_FR,0.0043103448275862,0.0,0.0043103448275862
fr_xception_ALL || imgnet_xception_FS,0.010158013544018,0.0,0.010158013544018
fr_xception_EFS || imgnet_deit_ALL,0.094316807738815,0.0,0.094316807738815
fr_xception_EFS || imgnet_deit_EFS,0.003125,0.0,0.003125
fr_xception_EFS || imgnet_deit_FE,0.019090909090909,0.0,0.019090909090909
fr_xception_EFS || imgnet_deit_FR,0.0135593220338983,0.0,0.0135593220338983
fr_xception_EFS || imgnet_deit_FS,0.0183066361556064,0.0,0.0183066361556064
fr_xception_EFS || imgnet_efficientnetb4_ALL,0.0312831389183457,0.0,0.0312831389183457
fr_xception_EFS || imgnet_efficientnetb4_EFS,0.0205902539464653,0.0,0.0205902539464653
fr_xception_EFS || imgnet_efficientnetb4_FE,0.0070671378091872,0.0,0.0070671378091872
fr_xception_EFS || imgnet_efficientnetb4_FR,0.0007993605115907,0.0,0.0007993605115907
fr_xception_EFS || imgnet_efficientnetb4_FS,0.0,0.0,0.0
fr_xception_EFS || imgnet_resnet34_ALL,0.1923076923076923,0.0,0.1923076923076923
fr_xception_EFS || imgnet_resnet34_EFS,0.0497553017944535,0.0,0.0497553017944535
fr_xception_EFS || imgnet_resnet34_FE,0.0019646365422396,0.0,0.0019646365422396
fr_xception_EFS || imgnet_resnet34_FR,0.0023923444976076,0.0,0.0023923444976076
fr_xception_EFS || imgnet_resnet34_FS,0.0130272952853598,0.0,0.0130272952853598
fr_xception_EFS || imgnet_swin_ALL,0.0005605381165919,0.0,0.0005605381165919
fr_xception_EFS || imgnet_swin_EFS,0.018450184501845,0.0,0.018450184501845
fr_xception_EFS || imgnet_swin_FE,0.0010706638115631,0.0,0.0010706638115631
fr_xception_EFS || imgnet_swin_FR,0.0,0.0,0.0
fr_xception_EFS || imgnet_swin_FS,0.0018796992481203,0.0,0.0018796992481203
fr_xception_EFS || imgnet_vit_ALL,0.0108191653786707,0.0,0.0108191653786707
fr_xception_EFS || imgnet_vit_EFS,0.0034722222222222,0.0,0.0034722222222222
fr_xception_EFS || imgnet_vit_FE,0.005655042412818,0.0,0.005655042412818
fr_xception_EFS || imgnet_vit_FR,0.0,0.0,0.0
fr_xception_EFS || imgnet_vit_FS,0.011744966442953,0.0,0.011744966442953
fr_xception_EFS || imgnet_xception_ALL,0.3813979086406164,0.0,0.3813979086406164
fr_xception_EFS || imgnet_xception_EFS,0.04,0.0,0.04
fr_xception_EFS || imgnet_xception_FE,0.0030143180105501,0.0,0.0030143180105501
fr_xception_EFS || imgnet_xception_FR,0.0080049261083743,0.0,0.0080049261083743
fr_xception_EFS || imgnet_xception_FS,0.0428893905191873,0.0,0.0428893905191873
fr_xception_FE || imgnet_deit_ALL,0.0513905683192261,0.0,0.0513905683192261
fr_xception_FE || imgnet_deit_EFS,0.00234375,0.0,0.00234375
fr_xception_FE || imgnet_deit_FE,0.0254545454545454,0.0,0.0254545454545454
fr_xception_FE || imgnet_deit_FR,0.0169491525423728,0.0,0.0169491525423728
fr_xception_FE || imgnet_deit_FS,0.0175438596491228,0.0,0.0175438596491228
fr_xception_FE || imgnet_efficientnetb4_ALL,0.0121951219512195,0.0,0.0121951219512195
fr_xception_FE || imgnet_efficientnetb4_EFS,0.0061770761839396,0.0,0.0061770761839396
fr_xception_FE || imgnet_efficientnetb4_FE,0.0303886925795053,0.0,0.0303886925795053
fr_xception_FE || imgnet_efficientnetb4_FR,0.005595523581135,0.0,0.005595523581135
fr_xception_FE || imgnet_efficientnetb4_FS,0.0063324538258575,0.0,0.0063324538258575
fr_xception_FE || imgnet_resnet34_ALL,0.0358974358974358,0.0,0.0358974358974358
fr_xception_FE || imgnet_resnet34_EFS,0.0097879282218597,0.0,0.0097879282218597
fr_xception_FE || imgnet_resnet34_FE,0.0088408644400785,0.0,0.0088408644400785
fr_xception_FE || imgnet_resnet34_FR,0.0,0.0,0.0
fr_xception_FE || imgnet_resnet34_FS,0.0161290322580645,0.0,0.0161290322580645
fr_xception_FE || imgnet_swin_ALL,0.0005605381165919,0.0,0.0005605381165919
fr_xception_FE || imgnet_swin_EFS,0.0088560885608856,0.0,0.0088560885608856
fr_xception_FE || imgnet_swin_FE,0.006423982869379,0.0,0.006423982869379
fr_xception_FE || imgnet_swin_FR,0.0037707390648567,0.0,0.0037707390648567
fr_xception_FE || imgnet_swin_FS,0.0206766917293233,0.0,0.0206766917293233
fr_xception_FE || imgnet_vit_ALL,0.0010303967027305,0.0,0.0010303967027305
fr_xception_FE || imgnet_vit_EFS,0.0048611111111111,0.0,0.0048611111111111
fr_xception_FE || imgnet_vit_FE,0.0084825636192271,0.0028462998102466,0.0056362638089805005
fr_xception_FE || imgnet_vit_FR,0.0008873114463176,0.0,0.0008873114463176
fr_xception_FE || imgnet_vit_FS,0.0276845637583892,0.0,0.0276845637583892
fr_xception_FE || imgnet_xception_ALL,0.1045679691799669,0.0,0.1045679691799669
fr_xception_FE || imgnet_xception_EFS,0.0166153846153846,0.0,0.0166153846153846
fr_xception_FE || imgnet_xception_FE,0.0263752825923134,0.0,0.0263752825923134
fr_xception_FE || imgnet_xception_FR,0.0092364532019704,0.0,0.0092364532019704
fr_xception_FE || imgnet_xception_FS,0.0378103837471783,0.0,0.0378103837471783
fr_xception_FR || imgnet_deit_ALL,0.087061668681983,0.0035304501323918,0.08353121854959121
fr_xception_FR || imgnet_deit_EFS,0.00078125,0.0026478375992939,-0.0018665875992939002
fr_xception_FR || imgnet_deit_FE,0.0009090909090909,0.0017652250661959,-0.000856134157105
fr_xception_FR || imgnet_deit_FR,0.1005649717514124,0.0017652250661959,0.09879974668521649
fr_xception_FR || imgnet_deit_FS,0.0015255530129672,0.0026478375992939,-0.0011222845863267002
fr_xception_FR || imgnet_efficientnetb4_ALL,0.136797454931071,0.0008826125330979,0.1359148423979731
fr_xception_FR || imgnet_efficientnetb4_EFS,0.0597117364447494,0.0,0.0597117364447494
fr_xception_FR || imgnet_efficientnetb4_FE,0.0084805653710247,0.0017652250661959,0.0067153403048287996
fr_xception_FR || imgnet_efficientnetb4_FR,0.1183053557154276,0.0008826125330979,0.11742274318232969
fr_xception_FR || imgnet_efficientnetb4_FS,0.0010554089709762,0.0,0.0010554089709762
fr_xception_FR || imgnet_resnet34_ALL,0.3993589743589744,0.0052956751985878,0.39406329916038657
fr_xception_FR || imgnet_resnet34_EFS,0.0024469820554649,0.0,0.0024469820554649
fr_xception_FR || imgnet_resnet34_FE,0.0,0.0026478375992939,-0.0026478375992939
fr_xception_FR || imgnet_resnet34_FR,0.1889952153110047,0.0008826125330979,0.18811260277790678
fr_xception_FR || imgnet_resnet34_FS,0.009925558312655,0.0,0.009925558312655
fr_xception_FR || imgnet_swin_ALL,0.0022421524663677,0.0,0.0022421524663677
fr_xception_FR || imgnet_swin_EFS,0.0022140221402214,0.0008826125330979,0.0013314096071234999
fr_xception_FR || imgnet_swin_FE,0.0,0.0017652250661959,-0.0017652250661959
fr_xception_FR || imgnet_swin_FR,0.0,0.0,0.0
fr_xception_FR || imgnet_swin_FS,0.0031328320802005,0.0,0.0031328320802005
fr_xception_FR || imgnet_vit_ALL,0.0278207109737248,0.0008826125330979,0.0269380984406269
fr_xception_FR || imgnet_vit_EFS,0.0111111111111111,0.0008826125330979,0.010228498578013199
fr_xception_FR || imgnet_vit_FE,0.001885014137606,0.0008826125330979,0.0010024016045080998
fr_xception_FR || imgnet_vit_FR,0.0177462289263531,0.0,0.0177462289263531
fr_xception_FR || imgnet_vit_FS,0.011744966442953,0.0017652250661959,0.0099797413767571
fr_xception_FR || imgnet_xception_ALL,0.3324160704457897,0.0026478375992939,0.3297682328464958
fr_xception_FR || imgnet_xception_EFS,0.008,0.0,0.008
fr_xception_FR || imgnet_xception_FE,0.0,0.0,0.0
fr_xception_FR || imgnet_xception_FR,0.0123152709359605,0.0026478375992939,0.0096674333366666
fr_xception_FR || imgnet_xception_FS,0.0220090293453724,0.0,0.0220090293453724
fr_xception_FS || imgnet_deit_ALL,0.1723095525997581,0.0008650519031141,0.17144450069664402
fr_xception_FS || imgnet_deit_EFS,0.00703125,0.0,0.00703125
fr_xception_FS || imgnet_deit_FE,0.0109090909090909,0.0008650519031141,0.0100440390059768
fr_xception_FS || imgnet_deit_FR,0.0338983050847457,0.0008650519031141,0.0330332531816316
fr_xception_FS || imgnet_deit_FS,0.11441647597254,0.0,0.11441647597254
fr_xception_FS || imgnet_efficientnetb4_ALL,0.0917285259809119,0.0051903114186851,0.0865382145622268
fr_xception_FS || imgnet_efficientnetb4_EFS,0.0363761153054221,0.0,0.0363761153054221
fr_xception_FS || imgnet_efficientnetb4_FE,0.0106007067137809,0.0,0.0106007067137809
fr_xception_FS || imgnet_efficientnetb4_FR,0.0103916866506794,0.0,0.0103916866506794
fr_xception_FS || imgnet_efficientnetb4_FS,0.0052770448548812,0.0025951557093425,0.0026818891455387002
fr_xception_FS || imgnet_resnet34_ALL,0.4108974358974359,0.0051903114186851,0.4057071244787508
fr_xception_FS || imgnet_resnet34_EFS,0.0244698205546492,0.0,0.0244698205546492
fr_xception_FS || imgnet_resnet34_FE,0.0009823182711198,0.0008650519031141,0.00011726636800570001
fr_xception_FS || imgnet_resnet34_FR,0.0071770334928229,0.0008650519031141,0.0063119815897087995
fr_xception_FS || imgnet_resnet34_FS,0.1581885856079404,0.0,0.1581885856079404
fr_xception_FS || imgnet_swin_ALL,0.0022421524663677,0.0,0.0022421524663677
fr_xception_FS || imgnet_swin_EFS,0.0007380073800738,0.0,0.0007380073800738
fr_xception_FS || imgnet_swin_FE,0.0010706638115631,0.0,0.0010706638115631
fr_xception_FS || imgnet_swin_FR,0.0,0.0008650519031141,-0.0008650519031141
fr_xception_FS || imgnet_swin_FS,0.06265664160401,0.0,0.06265664160401
fr_xception_FS || imgnet_vit_ALL,0.0334878928387429,0.0,0.0334878928387429
fr_xception_FS || imgnet_vit_EFS,0.0048611111111111,0.0,0.0048611111111111
fr_xception_FS || imgnet_vit_FE,0.002827521206409,0.0025951557093425,0.00023236549706649994
fr_xception_FS || imgnet_vit_FR,0.0,0.0,0.0
fr_xception_FS || imgnet_vit_FS,0.2189597315436241,0.0025951557093425,0.21636457583428162
fr_xception_FS || imgnet_xception_ALL,0.5046780407264722,0.0,0.5046780407264722
fr_xception_FS || imgnet_xception_EFS,0.0726153846153846,0.0,0.0726153846153846
fr_xception_FS || imgnet_xception_FE,0.0067822155237377,0.0,0.0067822155237377
fr_xception_FS || imgnet_xception_FR,0.0061576354679802,0.0,0.0061576354679802
fr_xception_FS || imgnet_xception_FS,0.1738148984198645,0.0008650519031141,0.1729498465167504
