attack_type,origin_pretrain,target_pretrain,origin_train_family,target_train_family,effect,mean_true,mean_false,diff,n_true_rows,n_false_rows,n_rows
aa,fr,fr,ALL,ALL,same_arch_family,0.1687144148994465,0.016005993635292117,0.15270842126415438,12,18,30
aa,fr,fr,ALL,EFS,same_arch_family,0.0828935837871725,0.021250209620785363,0.06164337416638714,12,18,30
aa,fr,fr,ALL,FE,same_arch_family,0.1540158003805969,0.06255918399475147,0.09145661638584543,12,18,30
aa,fr,fr,ALL,FR,same_arch_family,0.20675777011615468,0.05556807245736972,0.15118969765878496,12,18,30
aa,fr,fr,ALL,FS,same_arch_family,0.14455411369767215,0.02887972724361478,0.11567438645405738,12,18,30
aa,fr,fr,EFS,ALL,same_arch_family,0.07552014976960587,0.0118732804567447,0.06364686931286118,12,18,30
aa,fr,fr,EFS,EFS,same_arch_family,0.16013843899596106,0.03423901941703302,0.12589941957892803,12,18,30
aa,fr,fr,EFS,FE,same_arch_family,0.11377244045595479,0.04857781906006889,0.0651946213958859,12,18,30
aa,fr,fr,EFS,FR,same_arch_family,0.10031535659537137,0.036647012533583476,0.0636683440617879,12,18,30
aa,fr,fr,EFS,FS,same_arch_family,0.04023535096839078,0.025279492439071058,0.014955858529319722,12,18,30
aa,fr,fr,FE,ALL,same_arch_family,0.053189158502460754,0.008312960538716751,0.044876197963744,12,18,30
aa,fr,fr,FE,EFS,same_arch_family,0.06270966121509582,0.020100269051719924,0.04260939216337589,12,18,30
aa,fr,fr,FE,FE,same_arch_family,0.2582819404244919,0.06888673704796101,0.18939520337653087,12,18,30
aa,fr,fr,FE,FR,same_arch_family,0.09603669722255653,0.026150319870961888,0.06988637735159464,12,18,30
aa,fr,fr,FE,FS,same_arch_family,0.07961700663119055,0.023930787329820784,0.055686219301369765,12,18,30
aa,fr,fr,FR,ALL,same_arch_family,0.16807799473637242,0.009507513922700855,0.15857048081367156,12,18,30
aa,fr,fr,FR,EFS,same_arch_family,0.033651490620420124,0.013994989528699585,0.01965650109172054,12,18,30
aa,fr,fr,FR,FE,same_arch_family,0.0786733289369767,0.0422271247680607,0.036446204168916,12,18,30
aa,fr,fr,FR,FR,same_arch_family,0.3058804170893283,0.05034867186714042,0.25553174522218786,12,18,30
aa,fr,fr,FR,FS,same_arch_family,0.08793030771671573,0.014880546530514658,0.07304976118620107,12,18,30
aa,fr,fr,FS,ALL,same_arch_family,0.17309847516866975,0.01789526412468763,0.1552032110439821,12,18,30
aa,fr,fr,FS,EFS,same_arch_family,0.033652460618397044,0.014588925900472179,0.019063534717924865,12,18,30
aa,fr,fr,FS,FE,same_arch_family,0.0814018179352146,0.06410964178411824,0.017292176151096364,12,18,30
aa,fr,fr,FS,FR,same_arch_family,0.17365776539992958,0.04420620036438436,0.12945156503554522,12,18,30
aa,fr,fr,FS,FS,same_arch_family,0.27766398312853646,0.06127431121708466,0.2163896719114518,12,18,30
aa,fr,imgnet,ALL,ALL,same_arch_family,0.12464360992433642,0.07410307073473171,0.0505405391896047,12,18,30
aa,fr,imgnet,ALL,EFS,same_arch_family,0.04591463316543299,0.015854897499764167,0.030059735665668823,12,18,30
aa,fr,imgnet,ALL,FE,same_arch_family,0.009578161522547642,0.011077586467635117,-0.0014994249450874745,12,18,30
aa,fr,imgnet,ALL,FR,same_arch_family,0.028453405556759157,0.023930282368499062,0.0045231231882600954,12,18,30
aa,fr,imgnet,ALL,FS,same_arch_family,0.04489104481708236,0.0420323249879759,0.0028587198291064597,12,18,30
aa,fr,imgnet,EFS,ALL,same_arch_family,0.05278601949743281,0.02462347403757799,0.028162545459854818,12,18,30
aa,fr,imgnet,EFS,EFS,same_arch_family,0.015504939330616384,0.0056233571300731726,0.00988158220054321,12,18,30
aa,fr,imgnet,EFS,FE,same_arch_family,0.004833662322380067,0.008410217393248367,-0.0035765550708683003,12,18,30
aa,fr,imgnet,EFS,FR,same_arch_family,0.008420663277676007,0.008122813460938356,0.0002978498167376508,12,18,30
aa,fr,imgnet,EFS,FS,same_arch_family,0.008271299497209159,0.006326370010168928,0.0019449294870402308,12,18,30
aa,fr,imgnet,FE,ALL,same_arch_family,0.05470166393297438,0.02737507151388915,0.027326592419085232,12,18,30
aa,fr,imgnet,FE,EFS,same_arch_family,0.013468971537702608,0.003336607089830161,0.010132364447872447,12,18,30
aa,fr,imgnet,FE,FE,same_arch_family,0.007333568904730533,0.004984444920084706,0.0023491239846458274,12,18,30
aa,fr,imgnet,FE,FR,same_arch_family,0.0018766279942003417,0.006742439529773939,-0.004865811535573598,12,18,30
aa,fr,imgnet,FE,FS,same_arch_family,0.012904994744858409,0.007971261401227066,0.004933733343631343,12,18,30
aa,fr,imgnet,FR,ALL,same_arch_family,0.11259064943215163,0.05414551635230053,0.05844513307985111,12,18,30
aa,fr,imgnet,FR,EFS,same_arch_family,0.03221201677203806,0.01025102526249055,0.02196099150954751,12,18,30
aa,fr,imgnet,FR,FE,same_arch_family,0.009373511522228482,0.0062943613948080995,0.0030791501274203825,12,18,30
aa,fr,imgnet,FR,FR,same_arch_family,0.061292682410352683,0.04497886530379475,0.01631381710655793,12,18,30
aa,fr,imgnet,FR,FS,same_arch_family,0.02299004409119039,0.018614294064861477,0.0043757500263289124,12,18,30
aa,fr,imgnet,FS,ALL,same_arch_family,0.11103721330748945,0.056564101903682835,0.05447311140380661,12,18,30
aa,fr,imgnet,FS,EFS,same_arch_family,0.031131957457315913,0.005626033922717522,0.02550592353459839,12,18,30
aa,fr,imgnet,FS,FE,same_arch_family,0.00964569718455425,0.006468306830586239,0.0031773903539680116,12,18,30
aa,fr,imgnet,FS,FR,same_arch_family,0.01774644234896165,0.019485237852060314,-0.0017387955030986647,12,18,30
aa,fr,imgnet,FS,FS,same_arch_family,0.05288215732810602,0.06357458920313687,-0.010692431875030849,12,18,30
aa,imgnet,fr,ALL,ALL,same_arch_family,0.01667536458210146,0.007495654577184251,0.009179710004917208,12,18,30
aa,imgnet,fr,ALL,EFS,same_arch_family,0.025373888288780306,0.014952813971191501,0.010421074317588805,12,18,30
aa,imgnet,fr,ALL,FE,same_arch_family,0.06475539832771683,0.03896949427726491,0.02578590405045192,12,18,30
aa,imgnet,fr,ALL,FR,same_arch_family,0.043695123061339346,0.02343502553706432,0.020260097524275027,12,18,30
aa,imgnet,fr,ALL,FS,same_arch_family,0.038608930844989085,0.01762791729949055,0.020981013545498535,12,18,30
aa,imgnet,fr,EFS,ALL,same_arch_family,0.0077343347694367745,0.00431087202921655,0.003423462740220225,12,18,30
aa,imgnet,fr,EFS,EFS,same_arch_family,0.023266992287030625,0.013756392442941029,0.009510599844089597,12,18,30
aa,imgnet,fr,EFS,FE,same_arch_family,0.049758059905926987,0.026470464040144016,0.02328759586578297,12,18,30
aa,imgnet,fr,EFS,FR,same_arch_family,0.024818954404560126,0.014899657990571928,0.009919296413988197,12,18,30
aa,imgnet,fr,EFS,FS,same_arch_family,0.020502432212866257,0.010245102679264161,0.010257329533602096,12,18,30
aa,imgnet,fr,FE,ALL,same_arch_family,0.006336353598459092,0.003402717761365267,0.002933635837093825,12,18,30
aa,imgnet,fr,FE,EFS,same_arch_family,0.014481604183368399,0.010182024642845601,0.004299579540522798,12,18,30
aa,imgnet,fr,FE,FE,same_arch_family,0.04857445917709538,0.025521977802343294,0.023052481374752087,12,18,30
aa,imgnet,fr,FE,FR,same_arch_family,0.022673859255394415,0.012915432303501721,0.009758426951892694,12,18,30
aa,imgnet,fr,FE,FS,same_arch_family,0.01307606538066855,0.008482376630978773,0.0045936887496897776,12,18,30
aa,imgnet,fr,FR,ALL,same_arch_family,0.008950016249370158,0.003632450468482233,0.005317565780887925,12,18,30
aa,imgnet,fr,FR,EFS,same_arch_family,0.015082506206131191,0.00791869261797885,0.007163813588152341,12,18,30
aa,imgnet,fr,FR,FE,same_arch_family,0.04318704540125626,0.027312045736557405,0.015874999664698852,12,18,30
aa,imgnet,fr,FR,FR,same_arch_family,0.031588377378255525,0.015417859867085472,0.016170517511170053,12,18,30
aa,imgnet,fr,FR,FS,same_arch_family,0.014853862787658543,0.008759580032169471,0.006094282755489072,12,18,30
aa,imgnet,fr,FS,ALL,same_arch_family,0.009543748720815365,0.0053499249335352056,0.00419382378728016,12,18,30
aa,imgnet,fr,FS,EFS,same_arch_family,0.013676086633650998,0.01082501624434969,0.002851070389301309,12,18,30
aa,imgnet,fr,FS,FE,same_arch_family,0.050368080127824004,0.032725102801887784,0.01764297732593622,12,18,30
aa,imgnet,fr,FS,FR,same_arch_family,0.029324857422759604,0.0162355143774888,0.013089343045270804,12,18,30
aa,imgnet,fr,FS,FS,same_arch_family,0.032847285343226534,0.015094732236983845,0.01775255310624269,12,18,30
aa,imgnet,imgnet,ALL,ALL,same_arch_family,0.2363139502163345,0.12294474099959518,0.11336920921673932,12,18,30
aa,imgnet,imgnet,ALL,EFS,same_arch_family,0.033561506932572246,0.007784005925095005,0.025777501007477242,12,18,30
aa,imgnet,imgnet,ALL,FE,same_arch_family,0.004677429870866108,0.0021767685979303224,0.0025006612729357855,12,18,30
aa,imgnet,imgnet,ALL,FR,same_arch_family,0.1042221163301827,0.0278395899340325,0.0763825263961502,12,18,30
aa,imgnet,imgnet,ALL,FS,same_arch_family,0.047134387055625816,0.04890734109363638,-0.0017729540380105671,12,18,30
aa,imgnet,imgnet,EFS,ALL,same_arch_family,0.11673614229905614,0.08157406337443834,0.0351620789246178,12,18,30
aa,imgnet,imgnet,EFS,EFS,same_arch_family,0.08328855213075305,0.014408840586201954,0.0688797115445511,12,18,30
aa,imgnet,imgnet,EFS,FE,same_arch_family,0.01681894639651513,0.002557594501465978,0.014261351895049153,12,18,30
aa,imgnet,imgnet,EFS,FR,same_arch_family,0.023981120821501698,0.006990876115122978,0.01699024470637872,12,18,30
aa,imgnet,imgnet,EFS,FS,same_arch_family,0.012332498862649,0.00643506048283955,0.00589743837980945,12,18,30
aa,imgnet,imgnet,FE,ALL,same_arch_family,0.08772765706037189,0.05293342851290029,0.0347942285474716,12,18,30
aa,imgnet,imgnet,FE,EFS,same_arch_family,0.023734811416879557,0.005296020662022223,0.018438790754857333,12,18,30
aa,imgnet,imgnet,FE,FE,same_arch_family,0.048529089686075076,0.009605975105032489,0.038923114581042584,12,18,30
aa,imgnet,imgnet,FE,FR,same_arch_family,0.019749018503251132,0.00855990841130795,0.011189110091943183,12,18,30
aa,imgnet,imgnet,FE,FS,same_arch_family,0.019197821832722606,0.008262702821752467,0.01093511901097014,12,18,30
aa,imgnet,imgnet,FR,ALL,same_arch_family,0.07685079220854889,0.06294100454693109,0.013909787661617795,12,18,30
aa,imgnet,imgnet,FR,EFS,same_arch_family,0.008733872263265559,0.002264126677729289,0.0064697455855362695,12,18,30
aa,imgnet,imgnet,FR,FE,same_arch_family,0.004235683070144817,0.003088017702857433,0.0011476653672873836,12,18,30
aa,imgnet,imgnet,FR,FR,same_arch_family,0.08685166416182788,0.022852136039880417,0.06399952812194747,12,18,30
aa,imgnet,imgnet,FR,FS,same_arch_family,0.003111040134620942,0.003985789340899767,-0.0008747492062788249,12,18,30
aa,imgnet,imgnet,FS,ALL,same_arch_family,0.17082445256350842,0.09956720181235407,0.07125725075115436,12,18,30
aa,imgnet,imgnet,FS,EFS,same_arch_family,0.020050412839180166,0.003477675743995028,0.016572737095185138,12,18,30
aa,imgnet,imgnet,FS,FE,same_arch_family,0.004558524955304292,0.0016809076585549668,0.002877617296749325,12,18,30
aa,imgnet,imgnet,FS,FR,same_arch_family,0.04049566977114328,0.01795805618969984,0.02253761358144344,12,18,30
aa,imgnet,imgnet,FS,FS,same_arch_family,0.06159159118111748,0.018460181715358834,0.04313140946575865,12,18,30
cw_eot,fr,fr,ALL,ALL,same_arch_family,0.626967542807621,0.36457228241469497,0.26239526039292604,12,18,30
cw_eot,fr,fr,ALL,EFS,same_arch_family,0.5073384809029652,0.41425135877055397,0.09308712213241122,12,18,30
cw_eot,fr,fr,ALL,FE,same_arch_family,0.2983559513362366,0.22744473373560675,0.07091121760062985,12,18,30
cw_eot,fr,fr,ALL,FR,same_arch_family,0.6594193212237757,0.37004638402432616,0.2893729371994495,12,18,30
cw_eot,fr,fr,ALL,FS,same_arch_family,0.650203728204353,0.4170604444945956,0.2331432837097574,12,18,30
cw_eot,fr,fr,EFS,ALL,same_arch_family,0.3975822161946956,0.26031082696717595,0.13727138922751964,12,18,30
cw_eot,fr,fr,EFS,EFS,same_arch_family,0.7012360512072471,0.42833257060652424,0.27290348060072284,12,18,30
cw_eot,fr,fr,EFS,FE,same_arch_family,0.21692661184262688,0.18803951026355453,0.028887101579072344,12,18,30
cw_eot,fr,fr,EFS,FR,same_arch_family,0.3526378646663097,0.26105887777721676,0.09157898688909294,12,18,30
cw_eot,fr,fr,EFS,FS,same_arch_family,0.26015083206653805,0.17809682904362384,0.08205400302291421,12,18,30
cw_eot,fr,fr,FE,ALL,same_arch_family,0.19453287699408192,0.10279188223717152,0.0917409947569104,12,18,30
cw_eot,fr,fr,FE,EFS,same_arch_family,0.2159558103524162,0.15058066100052067,0.06537514935189553,12,18,30
cw_eot,fr,fr,FE,FE,same_arch_family,0.6632885292225815,0.3875298003039014,0.27575872891868014,12,18,30
cw_eot,fr,fr,FE,FR,same_arch_family,0.17243655389414567,0.13480750408887543,0.03762904980527024,12,18,30
cw_eot,fr,fr,FE,FS,same_arch_family,0.177180962706215,0.13520929996029823,0.041971662745916766,12,18,30
cw_eot,fr,fr,FR,ALL,same_arch_family,0.5147602320383977,0.19315354013479896,0.32160669190359875,12,18,30
cw_eot,fr,fr,FR,EFS,same_arch_family,0.3525450369122127,0.14318393270960114,0.20936110420261153,12,18,30
cw_eot,fr,fr,FR,FE,same_arch_family,0.16368576302112048,0.10858486581368045,0.05510089720744003,12,18,30
cw_eot,fr,fr,FR,FR,same_arch_family,0.7462164005267912,0.42332387565997126,0.3228925248668199,12,18,30
cw_eot,fr,fr,FR,FS,same_arch_family,0.3856715749549417,0.20755153561050202,0.17812003934443968,12,18,30
cw_eot,fr,fr,FS,ALL,same_arch_family,0.311652418102308,0.14589636070118225,0.16575605740112573,12,18,30
cw_eot,fr,fr,FS,EFS,same_arch_family,0.22306641366518032,0.06895881630483718,0.15410759736034313,12,18,30
cw_eot,fr,fr,FS,FE,same_arch_family,0.19453473008832556,0.14847725741404127,0.04605747267428428,12,18,30
cw_eot,fr,fr,FS,FR,same_arch_family,0.25198337017110595,0.16942737092931717,0.08255599924178877,12,18,30
cw_eot,fr,fr,FS,FS,same_arch_family,0.7335033852591665,0.3904189388390262,0.3430844464201403,12,18,30
cw_eot,fr,imgnet,ALL,ALL,same_arch_family,0.4064668580643389,0.31176200213869143,0.09470485592564748,12,18,30
cw_eot,fr,imgnet,ALL,EFS,same_arch_family,0.2397597268177489,0.16099437002308978,0.07876535679465912,12,18,30
cw_eot,fr,imgnet,ALL,FE,same_arch_family,0.09292577459957006,0.08025560780701475,0.01267016679255531,12,18,30
cw_eot,fr,imgnet,ALL,FR,same_arch_family,0.08674993134035837,0.11736710079850504,-0.030617169458146673,12,18,30
cw_eot,fr,imgnet,ALL,FS,same_arch_family,0.16443433389038511,0.16566752350897518,-0.0012331896185900637,12,18,30
cw_eot,fr,imgnet,EFS,ALL,same_arch_family,0.25374697493677695,0.09576352522150104,0.1579834497152759,12,18,30
cw_eot,fr,imgnet,EFS,EFS,same_arch_family,0.24936888572920224,0.07608312493352849,0.17328576079567376,12,18,30
cw_eot,fr,imgnet,EFS,FE,same_arch_family,0.05529935817933803,0.03381058816386415,0.021488770015473883,12,18,30
cw_eot,fr,imgnet,EFS,FR,same_arch_family,0.0248309161045948,0.021443181821713526,0.003387734282881274,12,18,30
cw_eot,fr,imgnet,EFS,FS,same_arch_family,0.1101864665338545,0.03020772325727028,0.07997874327658422,12,18,30
cw_eot,fr,imgnet,FE,ALL,same_arch_family,0.16893868877371665,0.04505453368692137,0.12388415508679529,12,18,30
cw_eot,fr,imgnet,FE,EFS,same_arch_family,0.1045457794990209,0.023174754421395216,0.08137102507762568,12,18,30
cw_eot,fr,imgnet,FE,FE,same_arch_family,0.06598514519158132,0.05006502339133845,0.015920121800242867,12,18,30
cw_eot,fr,imgnet,FE,FR,same_arch_family,0.00486754655200395,0.009637029614032639,-0.004769483062028689,12,18,30
cw_eot,fr,imgnet,FE,FS,same_arch_family,0.09508490532941943,0.030420020691850076,0.06466488463756936,12,18,30
cw_eot,fr,imgnet,FR,ALL,same_arch_family,0.4018714127298996,0.2596400417298229,0.1422313710000767,12,18,30
cw_eot,fr,imgnet,FR,EFS,same_arch_family,0.19862281978007681,0.11244169806273578,0.08618112171734103,12,18,30
cw_eot,fr,imgnet,FR,FE,same_arch_family,0.06096465028145748,0.050505050682988696,0.010459599598468781,12,18,30
cw_eot,fr,imgnet,FR,FR,same_arch_family,0.19403714556635052,0.21533976986273407,-0.02130262429638355,12,18,30
cw_eot,fr,imgnet,FR,FS,same_arch_family,0.12340968343596899,0.08748130407504322,0.03592837936092577,12,18,30
cw_eot,fr,imgnet,FS,ALL,same_arch_family,0.23849071760312748,0.10346453926394826,0.13502617833917924,12,18,30
cw_eot,fr,imgnet,FS,EFS,same_arch_family,0.13849690820746355,0.026738224650555805,0.11175868355690774,12,18,30
cw_eot,fr,imgnet,FS,FE,same_arch_family,0.017871564692166306,0.018047504436833,-0.00017593974466669285,12,18,30
cw_eot,fr,imgnet,FS,FR,same_arch_family,0.00410320529104895,0.019786375327137104,-0.015683170036088153,12,18,30
cw_eot,fr,imgnet,FS,FS,same_arch_family,0.15129262335405322,0.1322800929508625,0.01901253040319073,12,18,30
cw_eot,imgnet,fr,ALL,ALL,same_arch_family,0.05522602490622009,0.05985976409732495,-0.004633739191104859,12,18,30
cw_eot,imgnet,fr,ALL,EFS,same_arch_family,0.054758075906969524,0.02632082737943244,0.028437248527537085,12,18,30
cw_eot,imgnet,fr,ALL,FE,same_arch_family,0.1029112436890522,0.06272419780188965,0.040187045887162556,12,18,30
cw_eot,imgnet,fr,ALL,FR,same_arch_family,0.08357696017749672,0.06879647432361607,0.014780485853880643,12,18,30
cw_eot,imgnet,fr,ALL,FS,same_arch_family,0.11152467695532826,0.10407236542053913,0.007452311534789133,12,18,30
cw_eot,imgnet,fr,EFS,ALL,same_arch_family,0.04750678326611105,0.05601144607591459,-0.00850466280980354,12,18,30
cw_eot,imgnet,fr,EFS,EFS,same_arch_family,0.11463693975306977,0.06378536133527224,0.05085157841779753,12,18,30
cw_eot,imgnet,fr,EFS,FE,same_arch_family,0.07139025334924155,0.05444848300262607,0.01694177034661548,12,18,30
cw_eot,imgnet,fr,EFS,FR,same_arch_family,0.07937534384021892,0.05222400532979056,0.027151338510428363,12,18,30
cw_eot,imgnet,fr,EFS,FS,same_arch_family,0.06798182390639049,0.06966313808568787,-0.0016813141792973857,12,18,30
cw_eot,imgnet,fr,FE,ALL,same_arch_family,0.031351867334020005,0.0333673167515064,-0.002015449417486395,12,18,30
cw_eot,imgnet,fr,FE,EFS,same_arch_family,0.06044701993723569,0.04980641542108787,0.010640604516147817,12,18,30
cw_eot,imgnet,fr,FE,FE,same_arch_family,0.09293912499851387,0.11421954756847606,-0.021280422569962196,12,18,30
cw_eot,imgnet,fr,FE,FR,same_arch_family,0.048960928759574994,0.04528728948556379,0.003673639274011202,12,18,30
cw_eot,imgnet,fr,FE,FS,same_arch_family,0.034185420351881206,0.054530275452596484,-0.02034485510071528,12,18,30
cw_eot,imgnet,fr,FR,ALL,same_arch_family,0.023209017129401027,0.02161534226564489,0.0015936748637561358,12,18,30
cw_eot,imgnet,fr,FR,EFS,same_arch_family,0.027383142437954366,0.01709542567746505,0.010287716760489316,12,18,30
cw_eot,imgnet,fr,FR,FE,same_arch_family,0.06837051524353581,0.05455873214383024,0.013811783099705571,12,18,30
cw_eot,imgnet,fr,FR,FR,same_arch_family,0.09010413109982766,0.12085942255698726,-0.030755291457159592,12,18,30
cw_eot,imgnet,fr,FR,FS,same_arch_family,0.03699021835418929,0.031699240399252114,0.005290977954937173,12,18,30
cw_eot,imgnet,fr,FS,ALL,same_arch_family,0.03279589133922497,0.0471292516318088,-0.014333360292583829,12,18,30
cw_eot,imgnet,fr,FS,EFS,same_arch_family,0.02211904878946384,0.01836907349555508,0.003749975293908761,12,18,30
cw_eot,imgnet,fr,FS,FE,same_arch_family,0.06498863262124367,0.06118864128988298,0.0037999913313606914,12,18,30
cw_eot,imgnet,fr,FS,FR,same_arch_family,0.0470790792667464,0.054426343955676644,-0.007347264688930245,12,18,30
cw_eot,imgnet,fr,FS,FS,same_arch_family,0.12566139247857064,0.15962660384014976,-0.03396521136157912,12,18,30
cw_eot,imgnet,imgnet,ALL,ALL,same_arch_family,0.7743228523989706,0.5604291485833491,0.21389370381562145,12,18,30
cw_eot,imgnet,imgnet,ALL,EFS,same_arch_family,0.28158052539920453,0.2766830946308122,0.00489743076839233,12,18,30
cw_eot,imgnet,imgnet,ALL,FE,same_arch_family,0.02865334512347144,0.032408348053763525,-0.0037550029302920833,12,18,30
cw_eot,imgnet,imgnet,ALL,FR,same_arch_family,0.38204124480069807,0.265034031612953,0.11700721318774504,12,18,30
cw_eot,imgnet,imgnet,ALL,FS,same_arch_family,0.5046591595719682,0.3850790213010142,0.11958013827095398,12,18,30
cw_eot,imgnet,imgnet,EFS,ALL,same_arch_family,0.5068184612471712,0.3999117721590788,0.10690668908809242,12,18,30
cw_eot,imgnet,imgnet,EFS,EFS,same_arch_family,0.5558307707015145,0.33056224569037257,0.22526852501114197,12,18,30
cw_eot,imgnet,imgnet,EFS,FE,same_arch_family,0.060331796608011,0.034368770325440515,0.025963026282570488,12,18,30
cw_eot,imgnet,imgnet,EFS,FR,same_arch_family,0.1370608957098686,0.11620318431498913,0.020857711394879463,12,18,30
cw_eot,imgnet,imgnet,EFS,FS,same_arch_family,0.18738564144725775,0.17439362235620987,0.012992019091047885,12,18,30
cw_eot,imgnet,imgnet,FE,ALL,same_arch_family,0.24431966151456078,0.2209954784778102,0.023324183036750573,12,18,30
cw_eot,imgnet,imgnet,FE,EFS,same_arch_family,0.14652133419130878,0.08599757449648171,0.06052375969482707,12,18,30
cw_eot,imgnet,imgnet,FE,FE,same_arch_family,0.2794224432223942,0.17316663368604188,0.1062558095363523,12,18,30
cw_eot,imgnet,imgnet,FE,FR,same_arch_family,0.049824516541305534,0.05827044619346988,-0.008445929652164348,12,18,30
cw_eot,imgnet,imgnet,FE,FS,same_arch_family,0.111907943402987,0.11671648407538264,-0.004808540672395639,12,18,30
cw_eot,imgnet,imgnet,FR,ALL,same_arch_family,0.5940847653287241,0.4033863534604053,0.19069841186831882,12,18,30
cw_eot,imgnet,imgnet,FR,EFS,same_arch_family,0.0954285228725002,0.10309598718243047,-0.007667464309930275,12,18,30
cw_eot,imgnet,imgnet,FR,FE,same_arch_family,0.012075062148788692,0.0329848729764683,-0.020909810827679606,12,18,30
cw_eot,imgnet,imgnet,FR,FR,same_arch_family,0.6387330200727986,0.4305864308873131,0.20814658918548556,12,18,30
cw_eot,imgnet,imgnet,FR,FS,same_arch_family,0.08597414724276405,0.0696698183087483,0.016304328934015747,12,18,30
cw_eot,imgnet,imgnet,FS,ALL,same_arch_family,0.5168921325336242,0.4016252295934828,0.11526690294014141,12,18,30
cw_eot,imgnet,imgnet,FS,EFS,same_arch_family,0.07364355276308289,0.08266040741661591,-0.009016854653533024,12,18,30
cw_eot,imgnet,imgnet,FS,FE,same_arch_family,0.030704781413801733,0.028676767116994944,0.002028014296806789,12,18,30
cw_eot,imgnet,imgnet,FS,FR,same_arch_family,0.15509765575025433,0.09915676161132662,0.05594089413892771,12,18,30
cw_eot,imgnet,imgnet,FS,FS,same_arch_family,0.5853381863382617,0.45880847400756575,0.126529712330696,12,18,30
