origin_pretrain,target_pretrain,origin_backbone,target_backbone,mean_true_cw_eot,mean_false_cw_eot,diff_cw_eot,mean_true_aa,mean_false_aa,diff_aa,compatibility_effect_cw_eot,compatibility_effect_aa,interaction_diff
fr,fr,deit,efficientnetb4,0.2262187223890206,0.05661023996330276,0.16960848242571785,0.0060065992572450495,0.00041701309499064175,0.0055895861622544075,0.16960848242571785,0.0055895861622544075,0.16401889626346344
fr,fr,deit,resnet34,0.3774368526318088,0.05061381958844436,0.32682303304336446,0.007158196134574075,0.0017895490336435002,0.005368647100930575,0.32682303304336446,0.005368647100930575,0.32145438594243386
fr,fr,deit,swin,0.8710225297564554,0.3520037218202332,0.5190188079362222,0.17099447463900444,0.05696543377398905,0.11402904086501539,0.5190188079362222,0.11402904086501539,0.4049897670712068
fr,fr,deit,vit,0.8973232696733009,0.43894025979782264,0.45838300987547825,0.3826295698608645,0.129664763372872,0.25296480648799247,0.45838300987547825,0.25296480648799247,0.2054182033874858
fr,fr,deit,xception,0.23007092703487386,0.04674615800485499,0.18332476903001887,0.00094876660341555,0.00015261492804278335,0.0007961516753727667,0.18332476903001887,0.0007961516753727667,0.1825286173546461
fr,fr,efficientnetb4,deit,0.4916084448211143,0.25189406440742507,0.23971438041368925,0.07938474834357939,0.0379012167591514,0.04148353158442799,0.23971438041368925,0.04148353158442799,0.19823084882926126
fr,fr,efficientnetb4,resnet34,0.5481122937875907,0.11883217507046501,0.42928011871712574,0.0148051550584811,0.009649681030112543,0.005155474028368558,0.42928011871712574,0.005155474028368558,0.42412464468875716
fr,fr,efficientnetb4,swin,0.5357359486802309,0.23198870995315693,0.303747238727074,0.03947951394528155,0.049973189871756946,-0.010493675926475397,0.303747238727074,-0.010493675926475397,0.31424091465354936
fr,fr,efficientnetb4,vit,0.4715817286469944,0.2802733136875029,0.19130841495949147,0.0368448459618803,0.04832247079313117,-0.011477624831250872,0.19130841495949147,-0.011477624831250872,0.20278603979074233
fr,fr,efficientnetb4,xception,0.5258362289197204,0.12247018643813917,0.4033660424815812,0.035562812174414926,0.02338727691930576,0.012175535255109168,0.4033660424815812,0.012175535255109168,0.39119050722647203
fr,fr,resnet34,deit,0.5753485220728144,0.3057638357117111,0.2695846863611033,0.09123251469157852,0.05879263110787578,0.032439883583702735,0.2695846863611033,0.032439883583702735,0.23714480277740055
fr,fr,resnet34,efficientnetb4,0.6498489812686414,0.19076203167863345,0.45908694959000795,0.3816474975578039,0.11174008730478956,0.26990741025301435,0.45908694959000795,0.26990741025301435,0.1891795393369936
fr,fr,resnet34,swin,0.7179715779583477,0.24340820981316133,0.4745633681451863,0.18797714401918328,0.08324821303781865,0.10472893098136463,0.4745633681451863,0.10472893098136463,0.3698344371638217
fr,fr,resnet34,vit,0.49820731319239653,0.2721308771681871,0.2260764360242094,0.09518880937443668,0.05927908357241884,0.03590972580201784,0.2260764360242094,0.03590972580201784,0.19016671022219156
fr,fr,resnet34,xception,0.7171708881228173,0.24174457698071442,0.4754263111421029,0.47399608559448636,0.22846701248851767,0.2455290731059687,0.4754263111421029,0.2455290731059687,0.22989723803613418
fr,fr,swin,deit,0.6959052191098611,0.29567493177243837,0.4002302873374228,0.04872796574447787,0.017966111838453532,0.03076185390602434,0.4002302873374228,0.03076185390602434,0.36946843343139846
fr,fr,swin,efficientnetb4,0.22348194048133144,0.03599410717136034,0.1874878333099711,0.001265071615461375,0.0007452263851799834,0.0005198452302813916,0.1874878333099711,0.0005198452302813916,0.1869679880796897
fr,fr,swin,resnet34,0.3400542214565559,0.04833886775259388,0.291715353703962,0.00089477451682175,0.0004175614411834833,0.0004772130756382667,0.291715353703962,0.0004772130756382667,0.29123814062832376
fr,fr,swin,vit,0.6379544489922473,0.31575494765563733,0.32219950133660996,0.051862421134229154,0.022328981224126816,0.02953343991010234,0.32219950133660996,0.02953343991010234,0.29266606142650764
fr,fr,swin,xception,0.17568072520634187,0.059257248752294066,0.1164234764540478,0.000220653133274475,0.0,0.000220653133274475,0.1164234764540478,0.000220653133274475,0.11620282332077332
fr,fr,vit,deit,0.8343427088021955,0.339944578499153,0.4943981303030425,0.24620086458773777,0.09851022815191657,0.1476906364358212,0.4943981303030425,0.1476906364358212,0.34670749386722133
fr,fr,vit,efficientnetb4,0.20787838245504808,0.07708122837250823,0.13079715408253983,0.004004399504830025,0.0014229543407468833,0.002581445164083141,0.13079715408253983,0.002581445164083141,0.12821570891845668
fr,fr,vit,resnet34,0.31708057591558403,0.04631872424160901,0.27076185167397504,0.0024201751203863503,0.00035790980672870007,0.0020622653136576504,0.27076185167397504,0.0020622653136576504,0.2686995863603174
fr,fr,vit,swin,0.8161151576929874,0.3118659121282114,0.504249245564776,0.13225983453565274,0.0737678439815221,0.05849199055413064,0.504249245564776,0.05849199055413064,0.4457572550106454
fr,fr,vit,xception,0.2098859669859037,0.037679172172109074,0.17220679481379464,0.000474383301707775,0.0,0.000474383301707775,0.17220679481379464,0.000474383301707775,0.17173241151208687
fr,fr,xception,deit,0.5698102042216384,0.2834029233035621,0.2864072809180763,0.13779847672874873,0.06852626625756957,0.06927221047117917,0.2864072809180763,0.06927221047117917,0.21713507044689717
fr,fr,xception,efficientnetb4,0.582250671916773,0.08822882046466775,0.4940218514521053,0.5408292495089989,0.11230720920953419,0.4285220402994647,0.4940218514521053,0.4285220402994647,0.06549981115264059
fr,fr,xception,resnet34,0.756850700604768,0.15055338203502258,0.6062973185697454,0.5263784085188011,0.09689905502107388,0.42947935349772726,0.6062973185697454,0.42947935349772726,0.1768179650720182
fr,fr,xception,swin,0.6575600049807755,0.23854334662182333,0.4190166583589522,0.14869176891723684,0.07910754566520062,0.06958422325203623,0.4190166583589522,0.06958422325203623,0.34943243510691596
fr,fr,xception,vit,0.5076112752116232,0.27491984468849656,0.23269143052312663,0.12637848680184435,0.07158624764677467,0.054792239155069686,0.23269143052312663,0.054792239155069686,0.17789919136805693
fr,imgnet,deit,deit,0.05153955191412485,0.02950430207025174,0.022035249843873107,0.0025,0.002196969696969675,0.00030303030303032493,0.022035249843873107,0.00030303030303032493,0.02173221954084278
fr,imgnet,deit,efficientnetb4,0.08908979608617779,0.023552076417979493,0.0655377196681983,0.00300123027319355,0.0023234569637823,0.0006777733094112501,0.0655377196681983,0.0006777733094112501,0.06485994635878704
fr,imgnet,deit,resnet34,0.0553398936706494,0.029459557699462405,0.025880335971186993,0.000155086848635225,0.0005199091328497333,-0.0003648222842145083,0.025880335971186993,-0.0003648222842145083,0.0262451582554015
fr,imgnet,deit,swin,0.038814466508901774,0.014492533220078685,0.024321933288823087,0.0023774843011587997,0.000469924812030075,0.0019075594891287248,0.024321933288823087,0.0019075594891287248,0.022414373799694364
fr,imgnet,deit,vit,0.07075189857611185,0.035647349380214674,0.03510454919589717,0.0006189694219360001,0.0004505816490382834,0.00016838777289771668,0.03510454919589717,0.00016838777289771668,0.034936161422999455
fr,imgnet,deit,xception,0.038624490260522726,0.013622719222250232,0.025001771038272495,0.010450621355444176,0.00620265739905885,0.004247963956385326,0.025001771038272495,0.004247963956385326,0.02075380708188717
fr,imgnet,efficientnetb4,deit,0.0269056293612951,0.024718037711434535,0.002187591649860564,0.000509758602978925,0.001987730930758725,-0.0014779723277798,0.002187591649860564,-0.0014779723277798,0.003665563977640364
fr,imgnet,efficientnetb4,efficientnetb4,0.05131548280320718,0.04610875372433631,0.005206729078870868,0.0006914347938913,0.0036089948761883583,-0.0029175600822970585,0.005206729078870868,-0.0029175600822970585,0.008124289161167926
fr,imgnet,efficientnetb4,resnet34,0.14545189138517794,0.06124538395311075,0.0842065074320672,0.000695074306848625,0.001477895297140525,-0.0007828209902919,0.0842065074320672,-0.0007828209902919,0.0849893284223591
fr,imgnet,efficientnetb4,swin,0.04385406445483213,0.026267452526726433,0.017586611928105695,0.0,0.00029161965317471664,-0.00029161965317471664,0.017586611928105695,-0.00029161965317471664,0.01787823158128041
fr,imgnet,efficientnetb4,vit,0.10919427736271155,0.03571411729254894,0.07348016007016261,0.001074552941697375,0.0005193009313513667,0.0005552520103460082,0.07348016007016261,0.0005552520103460082,0.0729249080598166
fr,imgnet,efficientnetb4,xception,0.22397878188911274,0.09842389995458595,0.1255548819345268,0.008136383858464775,0.00827356948903985,-0.00013718563057507453,0.1255548819345268,-0.00013718563057507453,0.12569206756510187
fr,imgnet,resnet34,deit,0.1753859684518936,0.08125614121135748,0.09412982724053613,0.12361616229869865,0.05014012105196064,0.07347604124673801,0.09412982724053613,0.07347604124673801,0.02065378599379812
fr,imgnet,resnet34,efficientnetb4,0.28225793395491655,0.091962356099749,0.19029557785516754,0.11375777469989583,0.04489364452732606,0.06886413017256976,0.19029557785516754,0.06886413017256976,0.12143144768259778
fr,imgnet,resnet34,resnet34,0.5838983952708524,0.24459030154832395,0.33930809372252846,0.20157447594027114,0.057365948124483764,0.14420852781578739,0.33930809372252846,0.14420852781578739,0.19509956590674107
fr,imgnet,resnet34,swin,0.3337423611716548,0.13805314044696504,0.19568922072468975,0.13338171202547816,0.03151579412945817,0.10186591789601998,0.19568922072468975,0.10186591789601998,0.09382330282866977
fr,imgnet,resnet34,vit,0.2779610136760795,0.0802850663519667,0.1976759473241128,0.0961585111573866,0.024638011301841328,0.07152049985554527,0.1976759473241128,0.07152049985554527,0.12615544746856755
fr,imgnet,resnet34,xception,0.40768360840036955,0.317836240279422,0.08984736812094757,0.13374614745671687,0.09500793894736496,0.038738208509351904,0.08984736812094757,0.038738208509351904,0.051109159611595664
fr,imgnet,swin,deit,0.021429700678675,0.0068954043766082836,0.014534296302066717,0.0003813882532418,0.0006060606060606,-0.00022467235281879998,0.014534296302066717,-0.00022467235281879998,0.014758968654885518
fr,imgnet,swin,efficientnetb4,0.037340007624192074,0.006746717781975292,0.03059328984221678,0.001451135977300175,0.0018238530004815083,-0.00037271702318133343,0.03059328984221678,-0.00037271702318133343,0.030966006865398115
fr,imgnet,swin,resnet34,0.023498385710361475,0.006202114685822042,0.01729627102453943,0.000952535014504425,0.0010264094517065333,-7.387443720210832e-05,0.01729627102453943,-7.387443720210832e-05,0.01737014546174154
fr,imgnet,swin,swin,0.006717912564414525,0.0030475434433503506,0.0036703691210641745,0.0010508739729409,0.00024586358830695,0.00080501038463395,0.0036703691210641745,0.00080501038463395,0.0028653587364302242
fr,imgnet,swin,vit,0.0049829304025438,0.005141786437887775,-0.0001588560353439749,0.0,0.0,0.0,-0.0001588560353439749,0.0,-0.0001588560353439749
fr,imgnet,swin,xception,0.003811379830835725,0.00175802315222255,0.0020533566786131753,0.010051479172074374,0.007365159997788809,0.0026863191742855655,0.0020533566786131753,0.0026863191742855655,-0.0006329624956723902
fr,imgnet,vit,deit,0.0256735932646316,0.026818492137902727,-0.0011448988732711274,0.0031086609805145247,0.000984848484848475,0.00212381249566605,-0.0011448988732711274,0.00212381249566605,-0.0032687113689371773
fr,imgnet,vit,efficientnetb4,0.11947288613733706,0.03520601614416509,0.08426686999317197,0.001518670046344,0.0032129541018288,-0.0016942840554847998,0.08426686999317197,-0.0016942840554847998,0.08596115404865677
fr,imgnet,vit,resnet34,0.052520496284303345,0.025842127117932528,0.026678369166370817,0.000620347394540925,0.001058961666808875,-0.00043861427226795,0.026678369166370817,-0.00043861427226795,0.02711698343863877
fr,imgnet,vit,swin,0.03690590709434545,0.019350872322064675,0.017555034772280775,0.0031328320802005,0.0006371981991177,0.0024956338810828,0.017555034772280775,0.0024956338810828,0.015059400891197974
fr,imgnet,vit,vit,0.02389248906054335,0.016258592691082843,0.0076338963694605085,0.00020973154362415,0.00013982102908276667,6.991051454138334e-05,0.0076338963694605085,6.991051454138334e-05,0.007563985854919125
fr,imgnet,vit,xception,0.035777010909327875,0.029234748089421947,0.006542262819905928,0.008345714282336575,0.006387487906600267,0.001958226375736308,0.006542262819905928,0.001958226375736308,0.00458403644416962
fr,imgnet,xception,deit,0.1972162168310199,0.048075486183089565,0.14914073064793032,0.060890248294624444,0.011904014115650334,0.04898623417897411,0.14914073064793032,0.04898623417897411,0.10015449646895622
fr,imgnet,xception,efficientnetb4,0.22811224204521352,0.05363825251487536,0.17447398953033816,0.043640336774069845,0.012715647614028559,0.030924689160041284,0.17447398953033816,0.030924689160041284,0.14354930037029687
fr,imgnet,xception,resnet34,0.4960084453235621,0.20683123320991384,0.2891772121136482,0.10144499178836927,0.00735857912432025,0.09408641266404902,0.2891772121136482,0.09408641266404902,0.1950907994495992
fr,imgnet,xception,swin,0.24169197799263037,0.033472750488641075,0.2082192275039893,0.021882702243808498,0.0036174506522339833,0.018265251591574515,0.2082192275039893,0.018265251591574515,0.18995397591241478
fr,imgnet,xception,vit,0.27053019430726155,0.05607389028416788,0.21445630402309368,0.06216518657785663,0.006938559931731592,0.055226626646125036,0.21445630402309368,0.055226626646125036,0.15922967737696864
fr,imgnet,xception,xception,0.4240574693208192,0.26650388030633027,0.15755358901448896,0.0631263629870346,0.019427926762926657,0.04369843622410794,0.15755358901448896,0.04369843622410794,0.11385515279038103
imgnet,fr,deit,deit,0.19084112841198486,0.07817743612722033,0.11266369228476453,0.0806686321098977,0.05950438639779678,0.021164245712100925,0.11266369228476453,0.021164245712100925,0.0914994465726636
imgnet,fr,deit,efficientnetb4,0.10688520320298164,0.026943615495527092,0.07994158770745455,0.002986839622983025,0.0024523167632144417,0.0005345228597685831,0.07994158770745455,0.0005345228597685831,0.07940706484768596
imgnet,fr,deit,resnet34,0.07994311860873163,0.022104890545349115,0.05783822806338251,0.0010737294201861,0.0006561679790026165,0.0004175614411834834,0.05783822806338251,0.0004175614411834834,0.05742066662219903
imgnet,fr,deit,swin,0.13881990206293054,0.09179249673778951,0.04702740532514103,0.071699017993141,0.05574696118265532,0.015952056810485685,0.04702740532514103,0.015952056810485685,0.03107534851465535
imgnet,fr,deit,vit,0.1859419948111416,0.10929870583584513,0.07664328897529647,0.06906007345811813,0.05670770720414955,0.012352366253968579,0.07664328897529647,0.012352366253968579,0.06429092272132789
imgnet,fr,deit,xception,0.1279224962495044,0.0403397675640981,0.08758272868540631,0.000441306266548975,0.0007325836725843251,-0.00029127740603535014,0.08758272868540631,-0.00029127740603535014,0.08787400609144166
imgnet,fr,efficientnetb4,deit,0.1756061302336319,0.0878857613399681,0.08772036889366379,0.04521215916996265,0.03443228603836963,0.010779873131593017,0.08772036889366379,0.010779873131593017,0.07694049576207077
imgnet,fr,efficientnetb4,efficientnetb4,0.06993136043170955,0.012018447689575426,0.05791291274213413,0.00369298364565095,0.002754007813408,0.0009389758322429502,0.05791291274213413,0.0009389758322429502,0.05697393690989118
imgnet,fr,efficientnetb4,resnet34,0.05051788330135125,0.004743074251302759,0.04577480905004849,0.0015722812918895,0.00056811850230965,0.0010041627895798501,0.04577480905004849,0.0010041627895798501,0.044770646260468644
imgnet,fr,efficientnetb4,swin,0.1311775236556681,0.07511352925389476,0.05606399440177333,0.03986928578077227,0.0410157351097529,-0.0011464493289806282,0.05606399440177333,-0.0011464493289806282,0.05721044373075396
imgnet,fr,efficientnetb4,vit,0.16433329972564484,0.11104410435570537,0.053289195369939465,0.03761606384720405,0.034052131717743454,0.003563932129460594,0.053289195369939465,0.003563932129460594,0.04972526324047887
imgnet,fr,efficientnetb4,xception,0.04609355200753047,0.005166741762777992,0.04092681024475248,0.0008694420606101001,0.00014710208884965832,0.0007223399717604418,0.04092681024475248,0.0007223399717604418,0.040204470272992045
imgnet,fr,resnet34,deit,0.12024139942622444,0.06211446487970487,0.05812693454651957,0.03786889703603912,0.03222749268032287,0.005641404355716251,0.05812693454651957,0.005641404355716251,0.05248553019080332
imgnet,fr,resnet34,efficientnetb4,0.04912532945256792,0.006579348938497267,0.04254598051407066,0.001439502243321725,0.0014992302768129667,-5.9728033491241676e-05,0.04254598051407066,-5.9728033491241676e-05,0.0426057085475619
imgnet,fr,resnet34,resnet34,0.0388599560944234,0.003402140062183067,0.03545781603224033,0.00053686471009305,0.0004488152334000833,8.804947669296666e-05,0.03545781603224033,8.804947669296666e-05,0.03536976655554736
imgnet,fr,resnet34,swin,0.09517113249334674,0.06325723924678205,0.0319138932465647,0.03419536518033475,0.03793812363556132,-0.0037427584552265705,0.0319138932465647,-0.0037427584552265705,0.03565665170179127
imgnet,fr,resnet34,vit,0.13763848865073525,0.07065895666095734,0.06697953198977791,0.04101518377707055,0.03049750481827099,0.01051767895879956,0.06697953198977791,0.01051767895879956,0.05646185303097835
imgnet,fr,resnet34,xception,0.03832788899202558,0.002617441748793175,0.0357104472432324,0.000220653133274475,0.000364828450460175,-0.0001441753171857,0.0357104472432324,-0.0001441753171857,0.0358546225604181
imgnet,fr,swin,deit,0.1586861404279057,0.10111480414985059,0.057571336278055094,0.046485195574260875,0.0412148442546059,0.005270351319654976,0.057571336278055094,0.005270351319654976,0.05230098495840012
imgnet,fr,swin,efficientnetb4,0.10330109480074175,0.025899353816987918,0.07740174098375383,0.0015595356908441752,0.0015927075251107499,-3.3171834266574685e-05,0.07740174098375383,-3.3171834266574685e-05,0.0774349128180204
imgnet,fr,swin,resnet34,0.11012296938116034,0.030819051281683316,0.07930391809947702,0.00040479049505360003,0.0011333810546408833,-0.0007285905595872833,0.07930391809947702,-0.0007285905595872833,0.0800325086590643
imgnet,fr,swin,swin,0.15923748712004124,0.1039476398307943,0.055289847289246935,0.05113140841504975,0.06680430305542523,-0.01567289464037548,0.055289847289246935,-0.01567289464037548,0.07096274192962242
imgnet,fr,swin,vit,0.17350678020560467,0.12811726987261315,0.04538951033299152,0.03667191469590825,0.038302438970329956,-0.0016305242744217088,0.04538951033299152,-0.0016305242744217088,0.047020034607413226
imgnet,fr,swin,xception,0.1153233108166694,0.0349729588080842,0.0803503520085852,0.0,0.000292740791867325,-0.000292740791867325,0.0803503520085852,-0.000292740791867325,0.08064309280045252
imgnet,fr,vit,deit,0.19743738110942866,0.08023530626624077,0.11720207484318788,0.09784878527321733,0.054008545988555146,0.043840239284662186,0.11720207484318788,0.043840239284662186,0.0733618355585257
imgnet,fr,vit,efficientnetb4,0.15355023692701636,0.015239305821466959,0.1383109311055494,0.002014398063597875,0.0012603941719648917,0.0007540038916329832,0.1383109311055494,0.0007540038916329832,0.1375569272139164
imgnet,fr,vit,resnet34,0.07864114264802995,0.014682389404232858,0.06395875324379709,0.002505368647100925,0.0017768635483079583,0.0007285050987929666,0.06395875324379709,0.0007285050987929666,0.06323024814500412
imgnet,fr,vit,swin,0.1958903940071122,0.09353991469159319,0.10235047931551901,0.07916217477441997,0.06021799550525711,0.018944179269162864,0.10235047931551901,0.018944179269162864,0.08340630004635614
imgnet,fr,vit,vit,0.22221857007571827,0.11075384726051335,0.11146472281520492,0.07478203779432238,0.06247799593372227,0.012304041860600114,0.11146472281520492,0.012304041860600114,0.09916068095460481
imgnet,fr,vit,xception,0.106357017663153,0.017362844634613517,0.08899417302853949,0.0013603638798972751,0.00051046715347785,0.0008498967264194251,0.08899417302853949,0.0008498967264194251,0.08814427630212006
imgnet,fr,xception,deit,0.07903270798431265,0.04465638818101253,0.03437631980330012,0.020707491376810223,0.017153933917427675,0.0035535574593825482,0.03437631980330012,0.0035535574593825482,0.030822762343917575
imgnet,fr,xception,efficientnetb4,0.0230579014314743,0.004160637159598459,0.01889726427187584,0.0032654373485698,0.0026677316913512085,0.0005977056572185916,0.01889726427187584,0.0005977056572185916,0.01829955861465725
imgnet,fr,xception,resnet34,0.012619617180872924,0.0019056854427742084,0.010713931738098715,0.00053686471009305,0.00035790980672870007,0.0001789549033643499,0.010713931738098715,0.0001789549033643499,0.010534976834734365
imgnet,fr,xception,swin,0.0873189228324401,0.04492797493415521,0.04239094789828489,0.0250595630595617,0.026051671557451608,-0.0009921084978899083,0.04239094789828489,-0.0009921084978899083,0.0433830563961748
imgnet,fr,xception,vit,0.09064301355399135,0.05692299938429882,0.03372001416969253,0.0201689892581241,0.016680013011535808,0.0034889762465882927,0.03372001416969253,0.0034889762465882927,0.030231037923104238
imgnet,fr,xception,xception,0.01522836570274895,0.0012441539375968667,0.013984211765152084,0.000878222375602,0.0,0.000878222375602,0.013984211765152084,0.000878222375602,0.013105989389550083
imgnet,imgnet,deit,efficientnetb4,0.4429668585556812,0.13647500041537702,0.30649185814030416,0.0197505514508999,0.009615793655358208,0.010134757795541691,0.30649185814030416,0.010134757795541691,0.2963571003447625
imgnet,imgnet,deit,resnet34,0.45955713477695603,0.13796345793354856,0.32159367684340745,0.039821115657217174,0.009009568453565925,0.03081154720365125,0.32159367684340745,0.03081154720365125,0.2907821296397562
imgnet,imgnet,deit,swin,0.6386703492002983,0.20158887737243988,0.4370814718278584,0.04580195587353215,0.00524377108663605,0.0405581847868961,0.4370814718278584,0.0405581847868961,0.3965232870409623
imgnet,imgnet,deit,vit,0.6502266067986436,0.1307899219816245,0.5194366848170191,0.13153564553549596,0.01732437492793881,0.11421127060755715,0.5194366848170191,0.11421127060755715,0.40522541420946195
imgnet,imgnet,deit,xception,0.4235201633031028,0.19484907846494015,0.22867108483816267,0.012924166641038126,0.006581729368998941,0.006342437272039185,0.22867108483816267,0.006342437272039185,0.2223286475661235
imgnet,imgnet,efficientnetb4,deit,0.2152940950054527,0.039439038937878444,0.17585505606757426,0.023659335079844704,0.012723661769441674,0.01093567331040303,0.17585505606757426,0.01093567331040303,0.16491938275717122
imgnet,imgnet,efficientnetb4,resnet34,0.5191419346638174,0.06773976272617709,0.4514021719376403,0.11427032394219375,0.03553652682410807,0.07873379711808567,0.4514021719376403,0.07873379711808567,0.3726683748195546
imgnet,imgnet,efficientnetb4,swin,0.26946429435466246,0.03344185056724162,0.23602244378742085,0.0378884701711946,0.00588956426235725,0.03199890590883735,0.23602244378742085,0.03199890590883735,0.20402353787858352
imgnet,imgnet,efficientnetb4,vit,0.1910584583808197,0.012372037083937125,0.17868642129688256,0.0062098050980305495,0.0011356574695500666,0.005074147628480483,0.17868642129688256,0.005074147628480483,0.17361227366840207
imgnet,imgnet,efficientnetb4,xception,0.28047712740209924,0.032522372061827065,0.24795475534027217,0.025105516130705875,0.008670869078841991,0.016434647051863885,0.24795475534027217,0.016434647051863885,0.2315201082884083
imgnet,imgnet,resnet34,deit,0.18173955494951521,0.023713604885907607,0.15802595006360762,0.017974269505967026,0.00696729090406155,0.011006978601905477,0.15802595006360762,0.011006978601905477,0.14701897146170215
imgnet,imgnet,resnet34,efficientnetb4,0.4505400643079958,0.0592794891739734,0.3912605751340224,0.03864079344603748,0.0099394515159834,0.028701341930054077,0.3912605751340224,0.028701341930054077,0.3625592332039683
imgnet,imgnet,resnet34,swin,0.15489165815300293,0.032025137547284,0.12286652060571893,0.01209816682466015,0.0026797419356979087,0.00941842488896224,0.12286652060571893,0.00941842488896224,0.11344809571675668
imgnet,imgnet,resnet34,vit,0.11720285744938297,0.011896822633067376,0.10530603481631559,0.001492313441279625,0.000625218698671625,0.0008670947426079999,0.10530603481631559,0.0008670947426079999,0.10443894007370759
imgnet,imgnet,resnet34,xception,0.20744592088204802,0.03719066331923803,0.17025525756281,0.01928712231799415,0.011986979868909342,0.007300142449084807,0.17025525756281,0.007300142449084807,0.16295511511372518
imgnet,imgnet,swin,deit,0.5830613301674707,0.18069000589365722,0.4023713242738135,0.0056158362510416,0.008842969508136459,-0.0032271332570948594,0.4023713242738135,-0.0032271332570948594,0.40559845753090834
imgnet,imgnet,swin,efficientnetb4,0.6516193659990347,0.17428755592576647,0.4773318100732682,0.00891822771171585,0.008542167900030925,0.00037605981168492564,0.4773318100732682,0.00037605981168492564,0.47695575026158327
imgnet,imgnet,swin,resnet34,0.6900677072219027,0.14622289320235857,0.5438448140195441,0.012741172394807375,0.006382466117917741,0.006358706276889633,0.5438448140195441,0.006358706276889633,0.5374861077426545
imgnet,imgnet,swin,vit,0.543347895825419,0.07703202986131626,0.46631586596410274,0.000838926174496625,0.002204526201017075,-0.0013656000265204501,0.46631586596410274,-0.0013656000265204501,0.4676814659906232
imgnet,imgnet,swin,xception,0.5780739816871561,0.22091617870337676,0.3571578029837793,0.0077812854637044505,0.008725640003605666,-0.0009443545399012154,0.3571578029837793,-0.0009443545399012154,0.3581021575236805
imgnet,imgnet,vit,deit,0.6877541693633173,0.09242473428954966,0.5953294350737677,0.23051973005652363,0.056929081192823555,0.17359064886370007,0.5953294350737677,0.17359064886370007,0.4217387862100676
imgnet,imgnet,vit,efficientnetb4,0.5000130453451704,0.0634731607517341,0.43653988459343634,0.008484926178708876,0.002911943450289133,0.0055729827284197436,0.43653988459343634,0.0055729827284197436,0.4309669018650166
imgnet,imgnet,vit,resnet34,0.5253177519634423,0.08766983043315607,0.43764792153028625,0.03522880503462095,0.01011536764186685,0.025113437392754095,0.43764792153028625,0.025113437392754095,0.41253448413753213
imgnet,imgnet,vit,swin,0.6836697163121674,0.10005864954794826,0.5836110667642191,0.04183049225121853,0.006156150464055816,0.035674341787162715,0.5836110667642191,0.035674341787162715,0.5479367249770565
imgnet,imgnet,vit,xception,0.39757212878968706,0.10884251884806644,0.2887296099416206,0.013664962134295725,0.006881165876032542,0.0067837962582631825,0.2887296099416206,0.0067837962582631825,0.2819458136833574
imgnet,imgnet,xception,deit,0.1265067900407782,0.021234830330289806,0.10527195971048839,0.014004674769918249,0.0032635465184952584,0.010741128251422991,0.10527195971048839,0.010741128251422991,0.09453083145906539
imgnet,imgnet,xception,efficientnetb4,0.4673963568164948,0.0845126227458729,0.3828837340706219,0.09743088796868109,0.01664255834011232,0.08078832962856877,0.3828837340706219,0.08078832962856877,0.3020954044420531
imgnet,imgnet,xception,resnet34,0.4662417892651353,0.08212672111830631,0.384115068146829,0.08990546153139967,0.017522161858615302,0.07238329967278437,0.384115068146829,0.07238329967278437,0.3117317684740446
imgnet,imgnet,xception,swin,0.2100155733088097,0.034804158453251875,0.17521141485555783,0.009655324751326074,0.0018048931564332083,0.007850431594892866,0.17521141485555783,0.007850431594892866,0.16736098326066495
imgnet,imgnet,xception,vit,0.13417560993626268,0.02366488944465545,0.11051072049160723,0.011674528199902227,0.001979687279996725,0.009694840919905502,0.11051072049160723,0.009694840919905502,0.10081587957170174
