origin_pretrain,target_pretrain,origin_train_family,target_train_family,mean_true_cw_eot,mean_false_cw_eot,diff_cw_eot,mean_true_aa,mean_false_aa,diff_aa,compatibility_effect_cw_eot,compatibility_effect_aa,interaction_diff
fr,fr,ALL,EFS,0.7282178675446772,0.4514862076235185,0.2767316599211587,0.5236186516900968,0.04590755928734022,0.47771109240275655,0.2767316599211587,0.47771109240275655,-0.20097943248159783
fr,fr,ALL,FE,0.4898948360916593,0.2558092207758587,0.23408561531580058,0.3854502041764442,0.09914183054908964,0.28630837362735456,0.23408561531580058,0.28630837362735456,-0.052222758311553985
fr,fr,ALL,FR,0.8456599160828477,0.4857955589041059,0.3598643571787418,0.6986125920557993,0.1160439515208837,0.5825686405349155,0.3598643571787418,0.5825686405349155,-0.2227042833561737
fr,fr,ALL,FS,0.8458540100912105,0.5103177579784985,0.335536252112712,0.6206072245248598,0.07514948182523772,0.5454577426996221,0.335536252112712,0.5454577426996221,-0.20992149058691012
fr,fr,EFS,ALL,0.5936829904679785,0.31521938265818383,0.2784636078097946,0.469956623977364,0.03733202818188917,0.4326245957954748,0.2784636078097946,0.4326245957954748,-0.15416098798568018
fr,fr,EFS,FE,0.4679502590118932,0.19959435089518346,0.26835590811670973,0.48266727015631944,0.07465566761842325,0.4080116025378962,0.26835590811670973,0.4080116025378962,-0.13965569442118647
fr,fr,EFS,FR,0.5689657874418074,0.29769047253285397,0.2712753149089534,0.41945394616455745,0.06211435015829863,0.3573395960062588,0.2712753149089534,0.3573395960062588,-0.0860642810973054
fr,fr,EFS,FS,0.534020115758591,0.21091843025278953,0.32310168550580143,0.42456680808650377,0.03126183585079894,0.3933049722357048,0.32310168550580143,0.3933049722357048,-0.07020328672990339
fr,fr,FE,ALL,0.2586115718034692,0.13948828013993567,0.11912329166353355,0.25196576235202445,0.02626343972421435,0.2257023226278101,0.11912329166353355,0.2257023226278101,-0.10657903096427654
fr,fr,FE,EFS,0.4308529763713704,0.17673072074127888,0.2541222556300915,0.41438555060589294,0.037144025917070285,0.37724152468882266,0.2541222556300915,0.37724152468882266,-0.12311926905873116
fr,fr,FE,FR,0.2925279672191364,0.14985912401098353,0.14266884320815285,0.36692674268151665,0.05410487081159975,0.3128218718699169,0.14266884320815285,0.3128218718699169,-0.17015302866176404
fr,fr,FE,FS,0.4095659578264561,0.15199796505866497,0.25756799276779113,0.3925685522036404,0.04620527505036869,0.3463632771532717,0.25756799276779113,0.3463632771532717,-0.08879528438548057
fr,fr,FR,ALL,0.7208123639900226,0.3217962168962385,0.3990161470937841,0.3992890540175804,0.07293570624816947,0.32635334776941094,0.3990161470937841,0.32635334776941094,0.07266279932437314
fr,fr,FR,EFS,0.5786000960709213,0.22692837439064575,0.3516717216802756,0.33449625270502786,0.021857589965387798,0.3126386627396401,0.3516717216802756,0.3126386627396401,0.03903305894063552
fr,fr,FR,FE,0.3031003083550336,0.13062522469665647,0.17247508365837713,0.2266350625845209,0.056805606435627105,0.1698294561488938,0.17247508365837713,0.1698294561488938,0.002645627509483328
fr,fr,FR,FS,0.7460947641098604,0.2787995513482779,0.46729521276158253,0.49077360261284664,0.04410045100499508,0.44667315160785154,0.46729521276158253,0.44667315160785154,0.020622061153730997
fr,fr,FS,ALL,0.4418825837477615,0.21219878366163256,0.22968380008612896,0.4041471686320129,0.07997654854228048,0.3241706200897324,0.22968380008612896,0.3241706200897324,-0.09448682000360345
fr,fr,FS,EFS,0.4048087666704181,0.13060185524897444,0.27420691142144366,0.40817481960846513,0.022214339787642128,0.385960479820823,0.27420691142144366,0.385960479820823,-0.11175356839937933
fr,fr,FS,FE,0.2495435690367714,0.16690024648375498,0.08264332255301643,0.29224278711725965,0.07102651224455679,0.22121627487270284,0.08264332255301643,0.22121627487270284,-0.13857295231968642
fr,fr,FS,FR,0.43990166318851354,0.2024497706260327,0.23745189256248084,0.5053044863799593,0.09598682637860247,0.40931766000135683,0.23745189256248084,0.40931766000135683,-0.171865767438876
fr,imgnet,ALL,ALL,0.3745666590461898,0.3496439445089504,0.024922714537239377,0.1777802246615179,0.09431928641057358,0.08346093825094433,0.024922714537239377,0.08346093825094433,-0.05853822371370496
fr,imgnet,ALL,EFS,0.2583446345066132,0.19250051274095345,0.06584412176565976,0.04463587259819125,0.0278787917660317,0.016757080832159547,0.06584412176565976,0.016757080832159547,0.04908704093350022
fr,imgnet,ALL,FE,0.10767824505554903,0.08532367452403689,0.022354570531512144,0.0078083499120511326,0.010477816489600127,-0.0026694665775489944,0.022354570531512144,-0.0026694665775489944,0.025024037109061138
fr,imgnet,ALL,FR,0.05796475194427386,0.10512023301524638,-0.04715548107097252,0.07209000164989275,0.0257395316438031,0.04635047000608965,-0.04715548107097252,0.04635047000608965,-0.09350595107706217
fr,imgnet,ALL,FS,0.2863182363919626,0.16517424766153915,0.12114398873042342,0.0593545247422019,0.043175812919618486,0.016178711822583416,0.12114398873042342,0.016178711822583416,0.10496527690784001
fr,imgnet,EFS,ALL,0.2723607549416111,0.1589569051076114,0.1134038498339997,0.10629848273100873,0.035888492221519915,0.07040999050948882,0.1134038498339997,0.07040999050948882,0.042993859324510886
fr,imgnet,EFS,EFS,0.29148149302225934,0.145397429251798,0.14608406377046135,0.0181572002628924,0.009575990010290457,0.008581210252601943,0.14608406377046135,0.008581210252601943,0.1375028535178594
fr,imgnet,EFS,FE,0.04634942106230353,0.04240609617005369,0.0039433248922498415,0.0078861385038079,0.006979595364901047,0.000906543138906854,0.0039433248922498415,0.000906543138906854,0.0030367817533429875
fr,imgnet,EFS,FR,0.025976677482497466,0.022798275534866037,0.003178401947631429,0.03854967698910691,0.008241953387633416,0.030307723601473498,0.003178401947631429,0.030307723601473498,-0.02712932165384207
fr,imgnet,EFS,FS,0.17167743210425812,0.062199220567903966,0.10947821153635415,0.011803946723004532,0.00710434180498502,0.004699604918019512,0.10947821153635415,0.004699604918019512,0.10477860661833463
fr,imgnet,FE,ALL,0.20725185229088902,0.09460819572163946,0.11264365656924956,0.06881291841155994,0.038305708481523246,0.030507209930036694,0.11264365656924956,0.030507209930036694,0.08213644663921287
fr,imgnet,FE,EFS,0.14327405435167415,0.055723164452445496,0.08755088989922866,0.007712925736393451,0.007389552868979141,0.00032337286741431024,0.08755088989922866,0.00032337286741431024,0.08722751703181435
fr,imgnet,FE,FE,0.08358863444878332,0.0564330721114356,0.027155562337347727,0.0094694512226787,0.005924094513943036,0.0035453567087356643,0.027155562337347727,0.0035453567087356643,0.023610205628612064
fr,imgnet,FE,FR,0.025677229077121683,0.0077292363892211636,0.01794799268790052,0.007520588835301117,0.0047961149155445,0.002724473919756617,0.01794799268790052,0.002724473919756617,0.015223518768143905
fr,imgnet,FE,FS,0.12386354066965387,0.056285974546877816,0.06757756612277604,0.012195030872668667,0.009944754738679602,0.0022502761339890653,0.06757756612277604,0.0022502761339890653,0.06532728998878698
fr,imgnet,FR,ALL,0.34580094543540657,0.3165325901298536,0.029268355305552995,0.14586024494607722,0.07752356958424096,0.06833667536183625,0.029268355305552995,0.06833667536183625,-0.03906832005628326
fr,imgnet,FR,EFS,0.16280869200536816,0.1469141467496722,0.015894545255695947,0.006434524895845101,0.019035421866309556,-0.012600896970464456,0.015894545255695947,-0.012600896970464456,0.028495442226160402
fr,imgnet,FR,FE,0.0960359736660079,0.05468889052237621,0.04134708314363169,0.0058955505052959165,0.007526021445776253,-0.0016304709404803362,0.04134708314363169,-0.0016304709404803362,0.042977554084112024
fr,imgnet,FR,FR,0.1784279531047883,0.20681872014418065,-0.02839076703939236,0.0904363835398318,0.05150439214641792,0.03893199139341388,-0.02839076703939236,0.03893199139341388,-0.06732275843280625
fr,imgnet,FR,FS,0.17925502006232874,0.10185265581941352,0.07740236424291522,0.013976763160806165,0.020364594075393042,-0.006387830914586877,0.07740236424291522,-0.006387830914586877,0.08379019515750209
fr,imgnet,FS,ALL,0.24463004745793004,0.15747501059961996,0.08715503685831008,0.16627813964934582,0.07835334646520549,0.08792479318414033,0.08715503685831008,0.08792479318414033,-0.0007697563258302481
fr,imgnet,FS,EFS,0.17363339432663497,0.07144169807331889,0.10219169625331607,0.017818813459235267,0.01582840333655688,0.0019904101226783863,0.10219169625331607,0.0019904101226783863,0.1002012861306377
fr,imgnet,FS,FE,0.0529109079125454,0.017977128538966325,0.034933779373579076,0.007638854173966584,0.0077392629721734435,-0.00010040879820685973,0.034933779373579076,-0.00010040879820685973,0.035034188171785934
fr,imgnet,FS,FR,0.010564404846956867,0.013513107312701842,-0.002948702465744975,0.028538234300484733,0.01878971965082085,0.009748514649663885,-0.002948702465744975,0.009748514649663885,-0.01269721711540886
fr,imgnet,FS,FS,0.20744945338014342,0.13988510511213878,0.06756434826800464,0.06137221779977183,0.05929761645312452,0.0020746013466473104,0.06756434826800464,0.0020746013466473104,0.06548974692135734
imgnet,fr,ALL,ALL,0.06071530321216804,0.05800626842088301,0.0027090347912850296,0.022048768618167115,0.011167538579151133,0.010881230039015982,0.0027090347912850296,0.010881230039015982,-0.008172195247730952
imgnet,fr,ALL,EFS,0.056160315825702835,0.037695726790447276,0.01846458903525556,0.027129962597743033,0.019121243698227024,0.008008718899516008,0.01846458903525556,0.008008718899516008,0.01045587013573955
imgnet,fr,ALL,FE,0.08729197331072312,0.07879901615675466,0.008492957153968458,0.06035201516947123,0.04928385589744568,0.011068159272025549,0.008492957153968458,0.011068159272025549,-0.0025752021180570905
imgnet,fr,ALL,FR,0.10746413103385825,0.07470866866516834,0.03275546236868991,0.05275900552039953,0.031539064546774326,0.0212199409736252,0.03275546236868991,0.0212199409736252,0.01153552139506471
imgnet,fr,ALL,FS,0.09753764745383697,0.10705329003445478,-0.009515642580617809,0.04990283103906388,0.02602032271768996,0.023882508321373917,-0.009515642580617809,0.023882508321373917,-0.033398150901991726
imgnet,fr,EFS,ALL,0.04716241152301198,0.05260958095199317,-0.005447169428981186,0.010036052379866184,0.005680257125304639,0.0043557952545615446,-0.005447169428981186,0.0043557952545615446,-0.00980296468354273
imgnet,fr,EFS,EFS,0.12033090472788338,0.08412599270239124,0.03620491202549214,0.030846961944797534,0.017560632380576868,0.013286329564220666,0.03620491202549214,0.013286329564220666,0.022918582461271476
imgnet,fr,EFS,FE,0.08104196061990612,0.06122519114127226,0.01981676947863386,0.04710326178505236,0.0357855023864572,0.011317759398595154,0.01981676947863386,0.011317759398595154,0.008499010080038706
imgnet,fr,EFS,FR,0.09123096628498822,0.0630845407339619,0.028146425551026324,0.037249145331827,0.018867376556167208,0.018381768775659793,0.028146425551026324,0.018381768775659793,0.009764656775366531
imgnet,fr,EFS,FS,0.055427882402700614,0.06899061241396892,-0.013562730011268308,0.024534485855695867,0.014348034492705,0.010186451362990867,-0.013562730011268308,0.010186451362990867,-0.023749181374259173
imgnet,fr,FE,ALL,0.0271950418218838,0.032561136984511845,-0.005366095162628044,0.009543649710545034,0.004576172096202797,0.0049674776143422365,-0.005366095162628044,0.0049674776143422365,-0.01033357277697028
imgnet,fr,FE,EFS,0.05472568920256362,0.054062657227546995,0.0006630319750166244,0.020084317022825898,0.01190185645905472,0.008182460563771178,0.0006630319750166244,0.008182460563771178,-0.007519428588754554
imgnet,fr,FE,FE,0.09349077956373464,0.10570737854049118,-0.012216598976756546,0.036525362472753814,0.034742970352244135,0.0017823921205096793,-0.012216598976756546,0.0017823921205096793,-0.013998991097266225
imgnet,fr,FE,FR,0.047955963289561816,0.04675674519516827,0.0011992180943935435,0.03169977589674012,0.0168188030842588,0.014880972812481318,0.0011992180943935435,0.014880972812481318,-0.013681754718087774
imgnet,fr,FE,FS,0.03394324139476434,0.046392333412310374,-0.012449092017546036,0.0235696476844406,0.010319852130854682,0.013249795553585918,-0.012449092017546036,0.013249795553585918,-0.025698887571131954
imgnet,fr,FR,ALL,0.02355815455130092,0.022252812211147343,0.0013053423401535764,0.009757112622986916,0.005759476780837404,0.003997635842149512,0.0013053423401535764,0.003997635842149512,-0.0026922935019959354
imgnet,fr,FR,EFS,0.02490574268674725,0.021210512381660777,0.003695230305086474,0.010688347118672533,0.010784218053239786,-9.587093456725308e-05,0.003695230305086474,-9.587093456725308e-05,0.0037911012396537273
imgnet,fr,FR,FE,0.07107518090101564,0.06008344538371247,0.010991735517303168,0.06271330003015918,0.03366204560243694,0.029051254427722238,0.010991735517303168,0.029051254427722238,-0.01805951891041907
imgnet,fr,FR,FR,0.13323309195187663,0.10855730597412341,0.024675785977753217,0.03883887920305409,0.02188606687155349,0.016952812331500595,0.024675785977753217,0.016952812331500595,0.007722973646252622
imgnet,fr,FR,FS,0.03238195506248995,0.03381563158122699,-0.0014336765187370412,0.022014675770811898,0.0111972931343651,0.010817382636446798,-0.0014336765187370412,0.010817382636446798,-0.01225105915518384
imgnet,fr,FS,ALL,0.03992176420660103,0.04139590751477527,-0.0014741433081742333,0.0132664518226625,0.00702745444844727,0.00623899737421523,-0.0014741433081742333,0.00623899737421523,-0.007713140682389463
imgnet,fr,FS,EFS,0.020392183425058667,0.019869063613118583,0.0005231198119400836,0.015778096927132116,0.011965444400070213,0.0038126525270619025,0.0005231198119400836,0.0038126525270619025,-0.003289532715121819
imgnet,fr,FS,FE,0.06288186207938391,0.06270863782242726,0.00017322425695665,0.05434340244570179,0.039782293732262275,0.014561108713439512,0.00017322425695665,0.014561108713439512,-0.014387884456482862
imgnet,fr,FS,FR,0.04312470246658651,0.05148743808010455,-0.008362735613518038,0.03420056099844538,0.02147125159559712,0.01272930940284826,-0.008362735613518038,0.01272930940284826,-0.021092045016366297
imgnet,fr,FS,FS,0.11715646898092286,0.14604051929551812,-0.02888405031459526,0.03491556241313845,0.022195753479480922,0.012719808933657529,-0.02888405031459526,0.012719808933657529,-0.041603859248252786
imgnet,imgnet,ALL,EFS,0.7316148373800734,0.2786420669381691,0.45297277044190426,0.7862444496652695,0.018095006328085902,0.7681494433371836,0.45297277044190426,0.7681494433371836,-0.31517667289527934
imgnet,imgnet,ALL,FE,0.09787558241678905,0.03090634688164669,0.06696923553514236,0.5037855613709612,0.0031770331071046365,0.5006085282638566,0.06696923553514236,0.5006085282638566,-0.43363929272871427
imgnet,imgnet,ALL,FR,0.7517082243062975,0.31183691688805104,0.4398713074182464,0.9229064701605827,0.058392600492492584,0.8645138696680901,0.4398713074182464,0.8645138696680901,-0.42464256224984365
imgnet,imgnet,ALL,FS,0.8269089452615378,0.43291107660939576,0.39399786865214204,0.8553547056526156,0.04819815947843216,0.8071565461741834,0.39399786865214204,0.8071565461741834,-0.4131586775220414
imgnet,imgnet,EFS,ALL,0.8307318613656883,0.44267444779431575,0.3880574135713726,0.6973851982245244,0.09563889494428546,0.6017463032802389,0.3880574135713726,0.6017463032802389,-0.21368888970886635
imgnet,imgnet,EFS,FE,0.19764210090419163,0.04475398083846871,0.15288812006572292,0.8025739983880134,0.00826213525948564,0.7943118631285278,0.15288812006572292,0.7943118631285278,-0.6414237430628048
imgnet,imgnet,EFS,FR,0.31453920136458285,0.1245462688729409,0.18999293249164195,0.5343231228858244,0.013786973997674467,0.5205361488881499,0.18999293249164195,0.5205361488881499,-0.33054321639650797
imgnet,imgnet,EFS,FS,0.5624093734359604,0.17959042999262903,0.3828189434433314,0.504931372806645,0.00879403583476333,0.49613733697188167,0.3828189434433314,0.49613733697188167,-0.11331839352855028
imgnet,imgnet,FE,ALL,0.47320988132553526,0.23032515169251042,0.24288472963302485,0.5485351429275698,0.06685111993188893,0.48168402299568086,0.24288472963302485,0.48168402299568086,-0.238799293362656
imgnet,imgnet,FE,EFS,0.5229780569364344,0.11020707837441253,0.4127709785620219,0.7276807820573725,0.012671536963965157,0.7150092450934074,0.4127709785620219,0.7150092450934074,-0.30223826653138547
imgnet,imgnet,FE,FR,0.12064165112260927,0.05489207433260414,0.06574957679000513,0.3699570478661946,0.013035552448085222,0.35692149541810936,0.06574957679000513,0.35692149541810936,-0.2911719186281042
imgnet,imgnet,FE,FS,0.2680172385168815,0.1147930678064244,0.15322417071045707,0.3929088677188293,0.012636750426140523,0.3802721172926888,0.15322417071045707,0.3802721172926888,-0.2270479465822317
imgnet,imgnet,FR,ALL,0.9341893682120691,0.4796657182077328,0.4545236500043363,0.6281462097265436,0.0685049196115782,0.5596412901149653,0.4545236500043363,0.5596412901149653,-0.10511764011062902
imgnet,imgnet,FR,EFS,0.36708226742090927,0.10002900145845837,0.2670532659624509,0.456073617800782,0.0048520249119437964,0.4512215928888382,0.2670532659624509,0.4512215928888382,-0.1841683269263873
imgnet,imgnet,FR,FE,0.0711320666487264,0.024620948645396455,0.046511118003329945,0.43215911749354813,0.0035470838497723865,0.42861203364377576,0.046511118003329945,0.42861203364377576,-0.3821009156404458
imgnet,imgnet,FR,FS,0.5241077321315549,0.0761915498823546,0.4479161822492003,0.47768952522063435,0.003635889658388237,0.4740536355622461,0.4479161822492003,0.4740536355622461,-0.02613745331304579
imgnet,imgnet,FS,ALL,0.8355838156165456,0.44773199076953935,0.38785182484700625,0.802066019661248,0.1280701021128158,0.6739959175484322,0.38785182484700625,0.6739959175484322,-0.286144092701426
imgnet,imgnet,FS,EFS,0.215930391923455,0.07905366555520271,0.1368767263682523,0.7513157290388962,0.010106770582069083,0.7412089584568271,0.1368767263682523,0.7412089584568271,-0.6043322320885748
imgnet,imgnet,FS,FE,0.05206082376868993,0.02948797283571766,0.02257285093297227,0.6035970823058799,0.002831954577254697,0.6007651277286252,0.02257285093297227,0.6007651277286252,-0.578192276795653
imgnet,imgnet,FS,FR,0.4194505068950401,0.12153311926689771,0.2979173876281424,0.7831762092445799,0.02697310162227722,0.7562031076223027,0.2979173876281424,0.7562031076223027,-0.4582857199941603
