origin_pretrain,target_pretrain,origin_train_family,target_train_family,effect,mean_true,mean_false,diff,n_true_rows,n_false_rows,n_rows
fr,fr,ALL,ALL,same_arch_family,0.626967542807621,0.36457228241469497,0.26239526039292604,12,18,30
fr,fr,ALL,EFS,same_arch_family,0.5073384809029652,0.41425135877055397,0.09308712213241122,12,18,30
fr,fr,ALL,FE,same_arch_family,0.2983559513362366,0.22744473373560675,0.07091121760062985,12,18,30
fr,fr,ALL,FR,same_arch_family,0.6594193212237757,0.37004638402432616,0.2893729371994495,12,18,30
fr,fr,ALL,FS,same_arch_family,0.650203728204353,0.4170604444945956,0.2331432837097574,12,18,30
fr,fr,EFS,ALL,same_arch_family,0.3975822161946956,0.26031082696717595,0.13727138922751964,12,18,30
fr,fr,EFS,EFS,same_arch_family,0.7012360512072471,0.42833257060652424,0.27290348060072284,12,18,30
fr,fr,EFS,FE,same_arch_family,0.21692661184262688,0.18803951026355453,0.028887101579072344,12,18,30
fr,fr,EFS,FR,same_arch_family,0.3526378646663097,0.26105887777721676,0.09157898688909294,12,18,30
fr,fr,EFS,FS,same_arch_family,0.26015083206653805,0.17809682904362384,0.08205400302291421,12,18,30
fr,fr,FE,ALL,same_arch_family,0.19453287699408192,0.10279188223717152,0.0917409947569104,12,18,30
fr,fr,FE,EFS,same_arch_family,0.2159558103524162,0.15058066100052067,0.06537514935189553,12,18,30
fr,fr,FE,FE,same_arch_family,0.6632885292225815,0.3875298003039014,0.27575872891868014,12,18,30
fr,fr,FE,FR,same_arch_family,0.17243655389414567,0.13480750408887543,0.03762904980527024,12,18,30
fr,fr,FE,FS,same_arch_family,0.177180962706215,0.13520929996029823,0.041971662745916766,12,18,30
fr,fr,FR,ALL,same_arch_family,0.5147602320383977,0.19315354013479896,0.32160669190359875,12,18,30
fr,fr,FR,EFS,same_arch_family,0.3525450369122127,0.14318393270960114,0.20936110420261153,12,18,30
fr,fr,FR,FE,same_arch_family,0.16368576302112048,0.10858486581368045,0.05510089720744003,12,18,30
fr,fr,FR,FR,same_arch_family,0.7462164005267912,0.42332387565997126,0.3228925248668199,12,18,30
fr,fr,FR,FS,same_arch_family,0.3856715749549417,0.20755153561050202,0.17812003934443968,12,18,30
fr,fr,FS,ALL,same_arch_family,0.311652418102308,0.14589636070118225,0.16575605740112573,12,18,30
fr,fr,FS,EFS,same_arch_family,0.22306641366518032,0.06895881630483718,0.15410759736034313,12,18,30
fr,fr,FS,FE,same_arch_family,0.19453473008832556,0.14847725741404127,0.04605747267428428,12,18,30
fr,fr,FS,FR,same_arch_family,0.25198337017110595,0.16942737092931717,0.08255599924178877,12,18,30
fr,fr,FS,FS,same_arch_family,0.7335033852591665,0.3904189388390262,0.3430844464201403,12,18,30
fr,imgnet,ALL,ALL,same_arch_family,0.4064668580643389,0.31176200213869143,0.09470485592564748,12,18,30
fr,imgnet,ALL,EFS,same_arch_family,0.2397597268177489,0.16099437002308978,0.07876535679465912,12,18,30
fr,imgnet,ALL,FE,same_arch_family,0.09292577459957006,0.08025560780701475,0.01267016679255531,12,18,30
fr,imgnet,ALL,FR,same_arch_family,0.08674993134035837,0.11736710079850504,-0.030617169458146673,12,18,30
fr,imgnet,ALL,FS,same_arch_family,0.16443433389038511,0.16566752350897518,-0.0012331896185900637,12,18,30
fr,imgnet,EFS,ALL,same_arch_family,0.25374697493677695,0.09576352522150104,0.1579834497152759,12,18,30
fr,imgnet,EFS,EFS,same_arch_family,0.24936888572920224,0.07608312493352849,0.17328576079567376,12,18,30
fr,imgnet,EFS,FE,same_arch_family,0.05529935817933803,0.03381058816386415,0.021488770015473883,12,18,30
fr,imgnet,EFS,FR,same_arch_family,0.0248309161045948,0.021443181821713526,0.003387734282881274,12,18,30
fr,imgnet,EFS,FS,same_arch_family,0.1101864665338545,0.03020772325727028,0.07997874327658422,12,18,30
fr,imgnet,FE,ALL,same_arch_family,0.16893868877371665,0.04505453368692137,0.12388415508679529,12,18,30
fr,imgnet,FE,EFS,same_arch_family,0.1045457794990209,0.023174754421395216,0.08137102507762568,12,18,30
fr,imgnet,FE,FE,same_arch_family,0.06598514519158132,0.05006502339133845,0.015920121800242867,12,18,30
fr,imgnet,FE,FR,same_arch_family,0.00486754655200395,0.009637029614032639,-0.004769483062028689,12,18,30
fr,imgnet,FE,FS,same_arch_family,0.09508490532941943,0.030420020691850076,0.06466488463756936,12,18,30
fr,imgnet,FR,ALL,same_arch_family,0.4018714127298996,0.2596400417298229,0.1422313710000767,12,18,30
fr,imgnet,FR,EFS,same_arch_family,0.19862281978007681,0.11244169806273578,0.08618112171734103,12,18,30
fr,imgnet,FR,FE,same_arch_family,0.06096465028145748,0.050505050682988696,0.010459599598468781,12,18,30
fr,imgnet,FR,FR,same_arch_family,0.19403714556635052,0.21533976986273407,-0.02130262429638355,12,18,30
fr,imgnet,FR,FS,same_arch_family,0.12340968343596899,0.08748130407504322,0.03592837936092577,12,18,30
fr,imgnet,FS,ALL,same_arch_family,0.23849071760312748,0.10346453926394826,0.13502617833917924,12,18,30
fr,imgnet,FS,EFS,same_arch_family,0.13849690820746355,0.026738224650555805,0.11175868355690774,12,18,30
fr,imgnet,FS,FE,same_arch_family,0.017871564692166306,0.018047504436833,-0.00017593974466669285,12,18,30
fr,imgnet,FS,FR,same_arch_family,0.00410320529104895,0.019786375327137104,-0.015683170036088153,12,18,30
fr,imgnet,FS,FS,same_arch_family,0.15129262335405322,0.1322800929508625,0.01901253040319073,12,18,30
imgnet,fr,ALL,ALL,same_arch_family,0.05522602490622009,0.05985976409732495,-0.004633739191104859,12,18,30
imgnet,fr,ALL,EFS,same_arch_family,0.054758075906969524,0.02632082737943244,0.028437248527537085,12,18,30
imgnet,fr,ALL,FE,same_arch_family,0.1029112436890522,0.06272419780188965,0.040187045887162556,12,18,30
imgnet,fr,ALL,FR,same_arch_family,0.08357696017749672,0.06879647432361607,0.014780485853880643,12,18,30
imgnet,fr,ALL,FS,same_arch_family,0.11152467695532826,0.10407236542053913,0.007452311534789133,12,18,30
imgnet,fr,EFS,ALL,same_arch_family,0.04750678326611105,0.05601144607591459,-0.00850466280980354,12,18,30
imgnet,fr,EFS,EFS,same_arch_family,0.11463693975306977,0.06378536133527224,0.05085157841779753,12,18,30
imgnet,fr,EFS,FE,same_arch_family,0.07139025334924155,0.05444848300262607,0.01694177034661548,12,18,30
imgnet,fr,EFS,FR,same_arch_family,0.07937534384021892,0.05222400532979056,0.027151338510428363,12,18,30
imgnet,fr,EFS,FS,same_arch_family,0.06798182390639049,0.06966313808568787,-0.0016813141792973857,12,18,30
imgnet,fr,FE,ALL,same_arch_family,0.031351867334020005,0.0333673167515064,-0.002015449417486395,12,18,30
imgnet,fr,FE,EFS,same_arch_family,0.06044701993723569,0.04980641542108787,0.010640604516147817,12,18,30
imgnet,fr,FE,FE,same_arch_family,0.09293912499851387,0.11421954756847606,-0.021280422569962196,12,18,30
imgnet,fr,FE,FR,same_arch_family,0.048960928759574994,0.04528728948556379,0.003673639274011202,12,18,30
imgnet,fr,FE,FS,same_arch_family,0.034185420351881206,0.054530275452596484,-0.02034485510071528,12,18,30
imgnet,fr,FR,ALL,same_arch_family,0.023209017129401027,0.02161534226564489,0.0015936748637561358,12,18,30
imgnet,fr,FR,EFS,same_arch_family,0.027383142437954366,0.01709542567746505,0.010287716760489316,12,18,30
imgnet,fr,FR,FE,same_arch_family,0.06837051524353581,0.05455873214383024,0.013811783099705571,12,18,30
imgnet,fr,FR,FR,same_arch_family,0.09010413109982766,0.12085942255698726,-0.030755291457159592,12,18,30
imgnet,fr,FR,FS,same_arch_family,0.03699021835418929,0.031699240399252114,0.005290977954937173,12,18,30
imgnet,fr,FS,ALL,same_arch_family,0.03279589133922497,0.0471292516318088,-0.014333360292583829,12,18,30
imgnet,fr,FS,EFS,same_arch_family,0.02211904878946384,0.01836907349555508,0.003749975293908761,12,18,30
imgnet,fr,FS,FE,same_arch_family,0.06498863262124367,0.06118864128988298,0.0037999913313606914,12,18,30
imgnet,fr,FS,FR,same_arch_family,0.0470790792667464,0.054426343955676644,-0.007347264688930245,12,18,30
imgnet,fr,FS,FS,same_arch_family,0.12566139247857064,0.15962660384014976,-0.03396521136157912,12,18,30
imgnet,imgnet,ALL,ALL,same_arch_family,0.7743228523989706,0.5604291485833491,0.21389370381562145,12,18,30
imgnet,imgnet,ALL,EFS,same_arch_family,0.28158052539920453,0.2766830946308122,0.00489743076839233,12,18,30
imgnet,imgnet,ALL,FE,same_arch_family,0.02865334512347144,0.032408348053763525,-0.0037550029302920833,12,18,30
imgnet,imgnet,ALL,FR,same_arch_family,0.38204124480069807,0.265034031612953,0.11700721318774504,12,18,30
imgnet,imgnet,ALL,FS,same_arch_family,0.5046591595719682,0.3850790213010142,0.11958013827095398,12,18,30
imgnet,imgnet,EFS,ALL,same_arch_family,0.5068184612471712,0.3999117721590788,0.10690668908809242,12,18,30
imgnet,imgnet,EFS,EFS,same_arch_family,0.5558307707015145,0.33056224569037257,0.22526852501114197,12,18,30
imgnet,imgnet,EFS,FE,same_arch_family,0.060331796608011,0.034368770325440515,0.025963026282570488,12,18,30
imgnet,imgnet,EFS,FR,same_arch_family,0.1370608957098686,0.11620318431498913,0.020857711394879463,12,18,30
imgnet,imgnet,EFS,FS,same_arch_family,0.18738564144725775,0.17439362235620987,0.012992019091047885,12,18,30
imgnet,imgnet,FE,ALL,same_arch_family,0.24431966151456078,0.2209954784778102,0.023324183036750573,12,18,30
imgnet,imgnet,FE,EFS,same_arch_family,0.14652133419130878,0.08599757449648171,0.06052375969482707,12,18,30
imgnet,imgnet,FE,FE,same_arch_family,0.2794224432223942,0.17316663368604188,0.1062558095363523,12,18,30
imgnet,imgnet,FE,FR,same_arch_family,0.049824516541305534,0.05827044619346988,-0.008445929652164348,12,18,30
imgnet,imgnet,FE,FS,same_arch_family,0.111907943402987,0.11671648407538264,-0.004808540672395639,12,18,30
imgnet,imgnet,FR,ALL,same_arch_family,0.5940847653287241,0.4033863534604053,0.19069841186831882,12,18,30
imgnet,imgnet,FR,EFS,same_arch_family,0.0954285228725002,0.10309598718243047,-0.007667464309930275,12,18,30
imgnet,imgnet,FR,FE,same_arch_family,0.012075062148788692,0.0329848729764683,-0.020909810827679606,12,18,30
imgnet,imgnet,FR,FR,same_arch_family,0.6387330200727986,0.4305864308873131,0.20814658918548556,12,18,30
imgnet,imgnet,FR,FS,same_arch_family,0.08597414724276405,0.0696698183087483,0.016304328934015747,12,18,30
imgnet,imgnet,FS,ALL,same_arch_family,0.5168921325336242,0.4016252295934828,0.11526690294014141,12,18,30
imgnet,imgnet,FS,EFS,same_arch_family,0.07364355276308289,0.08266040741661591,-0.009016854653533024,12,18,30
imgnet,imgnet,FS,FE,same_arch_family,0.030704781413801733,0.028676767116994944,0.002028014296806789,12,18,30
imgnet,imgnet,FS,FR,same_arch_family,0.15509765575025433,0.09915676161132662,0.05594089413892771,12,18,30
imgnet,imgnet,FS,FS,same_arch_family,0.5853381863382617,0.45880847400756575,0.126529712330696,12,18,30
